Date,NSEI,SENSEX,TCS,HDFCBANK,RELIANCE,ITC,MARUTI
2016-04-12,0.004882901538488582,0.00492068855198724,0.004577522707824855,-0.00745088071325295,0.006801674046136519,-0.014931175808992947,0.026957103659942305
2016-04-13,0.018188863004862554,0.018954200765492146,0.003191788938333495,0.01748496367702579,0.01764945609542412,0.027080368213879602,0.04323570031138324
2016-04-18,0.008150934704246993,0.007371647473727094,-0.002556939286717963,0.0055772506984475,-0.0012202887068601953,0.012450330581422087,-0.003395729147502635
2016-04-20,6.292661701934321e-06,0.0010770431627005195,-0.027928647971410925,0.009196294936214322,-0.026118760634528115,0.00029834325342914525,-0.013236141357802822
2016-04-21,-0.0003412181075166387,0.0013997674374852664,-0.01064681483106611,-0.006121578498566649,0.0037046300338561267,-0.01668095033998096,0.009558905111255456
2016-04-22,-0.001612765902793356,-0.0016334667950594906,-0.0030360784216645342,0.0009162777586304571,-0.0021152123278742607,-0.012657390811946279,0.02945167963957651
2016-04-25,-0.005617511031740463,-0.006180919971010113,0.014050166266098785,0.0010066939339772318,-0.021451824727244606,-0.014998443729118627,-0.023357388707001547
2016-04-26,0.013605234565984503,0.012706498766085872,0.015604252784844341,0.018667568904037424,4.9097699672095985e-05,0.019897437964740305,0.03779643333455773
2016-04-27,0.0021640210559947803,0.002182325045495759,0.008518679073611146,0.009249022124550699,0.00240632292623566,0.018610232155672257,-0.003143277186449467
2016-04-28,-0.016762715869971245,-0.017846200281766755,0.006608613417253828,-0.009159403372434483,-0.022519745771210076,-0.03245029818520262,-0.02930255830672479
2016-04-29,0.00032487693441218823,0.00013745559794031692,0.0030614399415869187,0.016382895622466087,-0.014145811156042853,0.006328617588901686,0.012383103397889172
2016-05-02,-0.005608183374212317,-0.006647222998486413,-0.0034770183110168773,-0.013066815391331588,0.004315348667295993,-0.011762964026075906,0.00949451177840821
2016-05-03,-0.007574173857564759,-0.00818181423641029,-0.01942137064687266,0.0003131580374589049,-0.011361633093668999,-0.0160079525593666,-0.0028493511919194248
2016-05-04,-0.005235080380289858,-0.005085054270994149,-4.0601515189031545e-05,0.008328332521556625,0.0023541875411572377,-0.010815982993831241,-0.002201334590372639
2016-05-05,0.003749531907510928,0.006372853569638792,-0.00311247453290342,0.004381361823839747,-0.0029179675000285954,0.015865514230315014,0.006615654031635998
2016-05-06,-0.00026502182418397524,-0.0013353324555467339,0.001254188335079398,-0.01123488367367731,-0.00648083342414818,0.0001575183174562511,-0.004676084106943534
2016-05-09,0.017000904277693962,0.01808310271082547,0.015704036146950706,0.019239492978742945,0.014497701395893792,0.02210199460213591,0.007188102950349773
2016-05-10,0.002761231617482096,0.003251758172913455,0.0041109160294627856,0.003061625792801337,-0.0005595925054349138,-0.004010207146099454,-0.0004421559579519396
2016-05-11,-0.004950200558544893,-0.006833248590094598,-0.001824572413934078,-0.005342126367278155,-0.007303485770917106,-0.01714784052285001,0.01170041964031121
2016-05-12,0.006546342052207166,0.0075194574111616674,0.018842231067171866,0.009003862523172756,0.01768155990908049,0.0006284823631741432,-0.009258524207746532
2016-05-13,-0.010881223351539404,-0.011726016413147633,-0.016819319314897108,-0.007161686096416098,-0.014866194423877488,0.003607753874795172,-0.0020648789689161617
2016-05-16,0.005849866346158805,0.006400146742135959,0.010937323514757402,0.01901374933207034,-0.0022516721987821953,0.030985135745813075,0.009148829190937846
2016-05-17,0.003809165638109846,0.004681568086956744,0.007439134672732273,-0.00807339889144032,-0.006992079380828464,0.003334007362986391,0.0176452493205268
2016-05-18,-0.002614077814669713,-0.002680747042042242,-0.007458732958681047,-0.011159468204503753,0.001443689184357666,0.006634238176393303,-0.009102763523864965
2016-05-19,-0.011083861385825955,-0.011932150908092964,0.002290396962806085,-0.0011843925457899473,-0.02013869357647291,-0.02387762360315726,0.002983976574313374
2016-05-20,-0.0043390900326887305,-0.0038586708575820694,-0.01087247772597344,0.0014035103096636803,-0.01803378082067919,0.016789270918026844,0.0046623976266797484
2016-05-23,-0.0024094956185152228,-0.0028315006593633285,-0.01507775220985419,-0.0036440766794809676,-0.0045060343931044855,0.04873952906405066,-0.007914770180054376
2016-05-24,0.0022997953380343716,0.0029725991763882575,-0.009578443884406873,0.002811103756249267,0.01117389462156737,0.0034539279203391615,0.002640930391901719
2016-05-25,0.02372628133662147,0.022495068564030163,0.023528391629696443,0.028835966695161197,0.011365920592216305,0.022725142235268336,0.03425449578787898
2016-05-26,0.01683935953427884,0.01858540569474343,0.008768715522598391,0.008444577947024356,-0.004583578499730123,0.01781526722464477,0.013950722050138253
2016-05-27,0.010723434761835904,0.010823131318630885,0.009352817872195551,0.0029956697133375343,0.02898908130483946,-0.008728871216571399,0.006921170549412992
2016-05-30,0.00267522622300298,0.002697681670714047,0.024478199161078962,-0.005958031286732002,-0.006174986917493186,0.01705171052782184,-0.018215906702410578
2016-05-31,-0.002252323946025925,-0.0021590129474073905,-0.025742168054909698,0.001820859234099359,-0.011263614751884532,-0.015405609025082256,0.021826776256995473
2016-06-01,0.002429626233098503,0.0017222605203528474,0.024660379799044563,-0.005727704115821908,-0.0044468889078670415,0.029056792687345734,0.0009006838137022299
2016-06-02,0.004756425442881351,0.004825177607377995,0.0062833220379321375,-0.00016990990522991467,0.0027749953362308233,-0.009452432563003654,0.005100658202547237
2016-06-03,0.00022501672869701395,-4.147367009821323e-06,-0.007803033718951191,-0.0027273635379598815,0.0035492754404904403,-0.011518674134531004,0.007448243741590588
2016-06-06,-0.0024053331374922493,-0.002446084505001167,0.0038155360829774665,-0.0005548225679046226,-0.005066715024072188,0.004791997319952834,-0.018170420669560983
2016-06-07,0.007943007071457231,0.008634860900306407,0.007113428561989821,0.0022174456907357865,0.00026171893337334495,0.019907398021940637,-0.0015342864405649692
2016-06-08,0.0007980422292401812,0.0004068172269420245,-0.006883703238228733,-0.009502136946972328,-0.0009951009193285287,0.00013775038270402717,0.0058945305720286
2016-06-09,-0.0084301856371507,-0.009564204977369428,-0.01381402252662145,-0.002756261528081616,0.01771250186447837,-0.02427220456151602,0.002173077466459006
2016-06-10,-0.004098029802836578,-0.0047832609791615965,-0.008377817060710946,0.0016804329995867562,0.005698556858922288,-0.009648339726863853,-0.013924181831422189
2016-06-13,-0.007303144729647215,-0.009012661986286474,-0.0034289345392295445,-0.007302550750361014,0.004494839428661024,-0.0022837291709807417,0.005638916115868753
2016-06-14,-0.00021579029938934013,-4.010395953102375e-05,-0.0047821830734262605,-0.0009113072705337899,-0.0049557365131107645,0.009670198800123764,-0.00734295350891756
2016-06-15,0.011982591110193397,0.012448057661037737,0.008641947844578723,0.015249991034083088,0.008516763547684825,0.017535793923866727,0.025283657208062138
2016-06-16,-0.008056347617289461,-0.0075445283027448795,0.0005664704136956189,-0.006347684179992541,-0.008465407542280978,-0.013017251800628848,-0.030266199005218652
2016-06-17,0.003611098919741096,0.0037797458944783813,0.017168173759551486,0.006732159332462295,-0.0014351803310352906,0.013851188895850797,0.0074159558291846395
2016-06-20,0.008324876233428924,0.00901097945494378,0.02155192976023823,0.0017506239430487014,0.015572084061125757,-0.005014457290508645,0.00453463819456168
2016-06-21,-0.0022601974495159993,-0.0020171738719145793,-0.00305073589558269,-0.0046179983430256755,-0.0031356268047657565,0.0012559736154278411,0.005837942690469333
2016-06-22,-0.0019727952444874575,-0.0017592497085132663,0.006185747892001103,0.0041486471215472775,-0.00670862131981842,-0.010656372575382989,-0.0014563258409694413
2016-06-23,0.008103648892520354,0.008799747293878113,-0.008394211803972595,0.015752319421735272,-5.092294645514528e-05,0.015525845282746253,0.004146611558194735
2016-06-24,-0.02223326969760997,-0.022641811405884837,-0.027361947489011662,-0.02398086224864926,-0.030024653775047483,-0.017218849953650306,-0.023924949369392934
2016-06-27,0.0007538756415215175,0.00019886110653111189,-0.030812445966676094,-0.0016796371066911675,0.004404743988343007,0.013603682866741629,-0.01110538596689814
2016-06-28,0.004086897298664738,0.00459458809608293,-0.012863649039043246,0.0060166548375573115,0.0022471020791900997,0.026257716059435054,0.01322835191415983
2016-06-29,0.009325392253691334,0.008104431149126512,0.015684350936603586,0.009330526909050008,0.009456204888691033,-0.00598798826778868,0.012801823859609485
2016-06-30,0.010156680759383363,0.009651341790252843,0.019858188326799642,0.006951556031182804,0.0023241709129742105,0.005716460535122536,0.013452195539567668
2016-07-01,0.004886789454209506,0.005363035958216855,-0.020677180792136873,-0.0016586712705350948,0.004427201352744881,0.027113003775661504,-0.0052200241540987236
2016-07-04,0.005072225932686081,0.004918811224527531,-0.0026627545766491068,-0.001448657861107705,0.0135194789001849,-0.029967194502944494,0.0020145201897232567
2016-07-05,-0.004160026013861895,-0.00411018422479259,-0.003574842405322798,-0.006158147680213055,0.006465245339145831,-0.005527778636614578,-0.00010757191271260069
2016-07-07,0.00023392260969856693,0.0012735752495611763,-0.02258449439920973,0.017055284976859042,-0.005249779554834966,0.014066116870980139,-0.0077576670553298754
2016-07-08,-0.0017646132140196613,-0.0027458899392627245,-0.001317905732972413,-0.009150885522147156,-0.009662851214372381,-0.004666726129159748,0.004986154990378466
2016-07-11,0.01723577043083857,0.01825644475175814,0.01535602239481193,0.020972800910556977,0.01430851021107582,0.013333502843983602,0.02614617007430553
2016-07-12,0.0062569595942427725,0.006546491426050238,0.0003248491868825809,0.0019985513897777807,0.010922409720372173,-0.003014756212003533,0.022760714792871894
2016-07-13,-0.0001818960901545097,0.00025309753168301086,0.01135490037389797,-0.003666755978111169,0.005317666716391223,-0.005247109252730198,-0.01127504108291788
2016-07-14,0.005326478102926302,0.004552943979083679,0.011485982106309578,0.0021682992853984118,-0.0038239160572297592,0.006454067003972774,0.02443626401564636
2016-07-15,-0.002759157252020472,-0.0037867384067524767,-0.030824541358562385,0.019265853275244105,0.007238246821072991,0.0006030219885344579,0.009831186214150023
2016-07-18,-0.003835782110662933,-0.0032326309526933272,-0.004878032187875192,0.003059799170371136,-0.0058957071228986635,0.00020110442061227474,-0.0038761041119883544
2016-07-19,0.0023301434628510975,0.001475088623474008,0.013368398759391553,-0.00744139462339799,0.01141284506146345,0.000602181893927245,0.006923585258689968
2016-07-20,0.004363986470652392,0.004605516300241419,0.011590275976066877,0.011303648548932621,0.0050960849022345656,0.004806833418830259,-0.0036963849936295645
2016-07-21,-0.006529674850687783,-0.007383975571841006,0.004438534617781542,-0.002925806810533338,-0.01640949017224802,0.0013976038821779113,-0.012484676626373314
2016-07-22,0.0036478885225097457,0.003340461526530447,0.0036051734192890095,0.001789075406401608,0.00841095488389243,-0.0029973748323177674,0.0002265562180472358
2016-07-25,0.010997493024321514,0.010451151629080613,0.019872466896226015,0.013036328435795497,0.007754134382515154,0.007575935564965164,0.030308090495029916
2016-07-26,-0.00522458105571566,-0.004238150533183216,-0.0024847163349592805,-0.006557555459727027,0.0012701649380186808,0.0,-0.01756891904372715
2016-07-27,0.002923256300562116,0.0017074940407013628,0.009726936247755447,-0.001494327943635021,-0.010750328336373016,-0.017429980281406188,0.01923752673912027
2016-07-28,0.005844213941164966,0.006554510294742855,0.01604859436934003,0.009254056619489859,0.012993718688980138,0.02750802398419072,0.044066003794958064
2016-07-29,-0.003212961596357644,-0.005572656878699789,1.907617792618055e-05,-0.0018040135262875623,-0.011218424188570886,-0.007301494294031485,-0.0012392079934837597
2016-08-01,-0.00022578173062726137,-0.001739015800163557,0.03339556859778092,-0.0031342983961639703,-0.005335021679669261,-0.007355110141400445,0.022580125100992277
2016-08-02,-0.0015816745902785811,-0.000764785894272535,-0.00334685959362524,0.0008045380871655183,0.0032636412413680205,0.039895835956724746,0.02432044289009916
2016-08-03,-0.009092783738205767,-0.010208606962024191,-0.016021658348690515,-0.0022949711464805844,-0.018787138114650048,-0.03155080994831838,-0.022759782967334274
2016-08-04,0.0007311673892402837,0.0006085112381324365,-0.0016197984631043383,0.00044326785166770577,-0.0009563474818570228,-0.002377358628990578,0.0032365366579156785
2016-08-05,0.015324527088340645,0.01304778260318784,-0.0010943976753248208,0.006626073838931212,0.0231440489846948,0.0017834390579265502,0.010578478152922344
2016-08-08,0.0032423172214173235,0.0037049099973440747,0.00015099487307335124,0.00028010572962511304,0.012711047572013356,-0.010348276396276113,0.010087485516642403
2016-08-09,-0.0038068328301683607,-0.00346238430987178,0.0002642149193325949,-0.001922483442647227,0.001407753897906261,-0.009244405853594984,-0.006209637784213129
2016-08-10,-0.011933940355820738,-0.011109282497836048,0.009463832554378548,-0.01641029804876215,-0.026594821491654486,-0.004654448834898517,-0.020209547322924237
2016-08-11,0.0019630860910879733,0.003045550700550237,0.012812880864532694,0.0010995006161920173,0.01035822925249441,0.020677154594660685,0.003501111268457535
2016-08-12,0.0,0.010455025650102812,0.010480200394117567,0.0003663388842811699,0.021172452649288687,0.009688691392784499,0.004080787933133934
2016-08-16,0.00584861438330897,-0.003123292660264454,-0.017219205257059222,-0.0011399712510460347,-0.010579009660925287,0.003927739773358141,-0.007047094341201543
2016-08-17,-0.002142866284927436,-0.0021130829005535645,-0.025263403563468678,0.006173431497167314,-0.011382741922405515,-0.0055030782325458105,0.005259321100890446
2016-08-18,0.005688787100174508,0.004207126059181832,0.005320132028694857,0.014151404525396316,0.004676681051918763,-0.006128303375917632,0.005302956294004346
2016-08-19,-0.0007323592374657295,-0.0016526370308334037,-0.013372970702389075,-0.004320748330734148,-0.0030987742985226774,-0.00477052619353735,-0.003209000237893278
2016-08-22,-0.004365165253066294,-0.0032628211340597346,-0.021273366825873552,0.002563012358340444,-0.0030099890752097735,0.012474168028642652,-0.012805989223606318
2016-08-23,0.00039963720896274424,0.00016692496343040375,0.020332176511921318,0.0009192354036589023,-0.0013844469064521192,-0.010682651762145667,-0.000816604994819059
2016-08-24,0.002048290749932846,0.002488077234776398,-0.011212411989297344,0.008236357336590672,0.009897004628093065,-0.004584773460050151,0.023461406507754745
2016-08-25,-0.006739142150228972,-0.008015997539910558,-0.008197825977718232,-0.002578959490842969,-0.007672686802847828,0.012706074740026274,-0.003005206006990946
2016-08-26,-0.0022896225356685562,-0.0019295918005468593,-0.010284118182804391,-0.0011528230705373232,0.014897829641516758,0.0013800575526818903,-0.002597723466795543
2016-08-29,0.004062914858462108,0.00432470281740116,-0.00971014642943846,-0.015229710496871718,0.028342442619568864,-0.003947897837746517,0.001320001447153274
2016-08-30,0.015779602831679895,0.015658400272522854,0.01728541409937634,0.0243755472091296,0.008428053312345973,0.01764420750381035,0.02806588223099027
2016-08-31,0.004774598162482491,0.0038439984261362525,-0.012995595483921818,0.017618646866583987,-0.006019575795172649,0.01063110590029126,0.0041639058502660475
2016-09-01,-0.0013154039773137782,-0.001008848439049359,-0.0015146048105219023,-0.0058256040314672575,-0.02948691204236642,0.0036464701606027106,0.001404099317859675
2016-09-02,0.0039808288831952865,0.0038145171796273303,0.0029071084064691277,0.0010900159045927893,-0.015520216765169792,0.007253290894468911,0.01950903670509163
2016-09-06,0.01502334744682976,0.0155074975774383,-0.012302908460138262,0.011835560562597713,0.006442897432738626,-0.001141729113856016,0.03039310041118881
2016-09-07,-0.002804981911681992,-0.0017843268827739678,-0.017667019477157986,-0.01055239684984155,-0.0022085295118987602,0.0007612414079121166,0.0030688526712143727
2016-09-08,0.003866701438088427,0.00410269888537762,-0.04975124755699234,0.0020573836889932196,0.015358314181271204,0.007959077901712241,0.028333159474192016
2016-09-09,-0.009630114351834251,-0.008576070931898272,0.012985358666750102,0.0007752628766644065,0.01073174008663802,-0.025230557873062054,-0.015864589823676667
2016-09-12,-0.01718822993969127,-0.015528039433052143,0.0028010970113934164,-0.008170341102638368,0.0018650960504587033,-0.023701178309926796,-0.013790911121288829
2016-09-14,0.0012613090035689112,0.0006590093737255387,-0.013055630475706792,-0.00819823155729349,-0.0016735841594872625,-0.001586901203618929,0.006527854476377826
2016-09-15,0.0018260991839706975,0.0014320710219788424,-0.0006447569937222397,0.007963962403188418,0.019197189395046443,0.01595302522374009,0.01636453587037856
2016-09-16,0.0042573919410831,0.00652983914675076,0.014823612614141446,0.014161300275985944,0.009857222777880814,0.017240264162858843,0.021931493945800185
2016-09-19,0.0032465772692251704,0.0012395079633265027,0.0208461048354609,-0.005950474912800985,0.006348683909820352,-0.0057782710653642155,-0.014713180793458847
2016-09-20,-0.0036964832905130862,-0.003894520718954908,-0.002054484670701129,-0.0013185092922878283,-0.007604537015243551,-0.007367282311721013,0.004170253629325771
2016-09-21,0.00014242538436093355,-0.0005533622996001242,0.0028628781139863335,0.003525169331652478,-0.001816957713907108,-0.01292603561215877,-0.0024689970654510063
2016-09-22,0.010235493017098918,0.009277593869747136,-0.014776737607607338,0.010692691347427896,0.01545467947390744,0.0062881872773798975,0.01727332227456735
2016-09-23,-0.004056776073301904,-0.0036527787054367877,0.008417191908940858,0.0044283159226328195,0.012638489723225454,-0.007077074658004001,0.0008391259867508438
2016-09-26,-0.012361590017210489,-0.013129577461793218,0.0012499873073767986,-0.012687874100578256,0.003981897501353693,-0.021536075734908344,-0.005890439316598162
2016-09-27,-0.0019104927510724679,-0.0024976163928407402,0.014471915930464263,0.001464874073035638,0.0029760210012419464,-0.008908845110244812,-0.010378796237414889
2016-09-28,0.0044408733836025505,0.0024457052588910955,-0.005371970861832942,-0.0021594365710599916,-0.018036477339281376,0.004464343462464271,0.0018851244889628305
2016-09-29,-0.017755062196059157,-0.01658193490676929,0.006069148925543999,-0.013798715446018406,-0.016828110374354388,-0.005074636025534041,-0.015182130855718512
2016-09-30,0.0023136770509353255,0.001380112704854497,-0.00287529230954231,-0.0036467340186785435,0.010435396967247712,-0.017863116412740077,0.007090449144364186
2016-10-03,0.014634809521913539,0.013449968169455317,-0.007888472520922285,0.01121104385070737,0.0064386188770262365,0.003928447641114552,0.036515336980709634
2016-10-04,0.0035471948830636535,0.0032260615870942644,-0.0027198459230497463,0.0018241012516586608,0.00516674163879749,-0.0045501227065622984,-0.000176145191963073
2016-10-05,-0.0028778699215994408,-0.004016246073529572,-0.007847109340858971,-0.0026789933554391965,-0.006359435162925919,-0.0041545601741619365,0.0016184517644433072
2016-10-06,-0.003941952636502322,-0.004075107855065596,0.0010051003960578342,-0.0032320387197755096,0.01945336839729439,-0.011725534844737595,0.0037280696709274252
2016-10-07,-0.0013730217286713753,-0.0016048583712660047,-0.008808886402664307,-0.0010538301583622456,-0.0016217134423257562,0.006507828156642859,-0.004677820599665594
2016-10-10,0.001286905647953418,0.0007551801057026353,0.005265327237511386,0.002924044284008609,-0.011472219792042715,0.004801253672640726,0.005010630017737938
2016-10-13,-0.015675477121613213,-0.015764415405023158,-0.021830730875412208,-0.0169607589650953,-0.03640993952290916,-0.004801253672640726,0.0010846973219944545
2016-10-14,0.0011716417619602737,0.0011023879772533718,0.015889390580499096,-0.0007524877092706106,0.019206142422913963,0.003967919253448748,-0.004925942450219267
2016-10-17,-0.007366816969273771,-0.005203621053183838,-0.00158621473195808,-0.01928462470232084,-0.015900802341825226,0.002913775325103174,-0.01618341949584412
2016-10-18,0.018316274989203407,0.018744779687944302,0.015852934670728125,0.01614915148032825,0.019097120603623452,0.021992281210381215,0.00491710361572828
2016-10-19,-0.0021688629658953573,-0.002373925341125016,-0.002127024621127127,0.00039737698228314855,0.00576443656716652,-0.02678353259912214,-0.003935366639995053
2016-10-20,0.004643356702434431,0.005184819732495072,0.002522666047489075,-0.002267596877421063,0.0001839743491292012,-0.00041775768479990205,0.007093924974025612
2016-10-21,-0.0007302693005772909,-0.0018737934192962769,0.01138803348495454,0.012034171241008806,-0.02170409755886915,0.0033367241780837276,0.0010092819616822624
2016-10-24,0.001827421566476417,0.003622725808497762,0.002288310589706022,-0.0056426457573266475,-0.0008461004718274268,0.004984532244609596,0.01121079623150223
2016-10-25,-0.002028752078716778,-0.0031156725873326963,-0.01212112242076202,-0.010541425106801228,-0.0023067283568778407,-0.010831381413815677,0.011752733698482842
2016-10-26,-0.008788614143282913,-0.009115728862150618,-0.0009178924254067411,-0.008836918911977243,-0.0064306328471772645,0.0,0.015046897704253936
2016-10-27,0.0,0.00284797297331707,0.009077145964559108,0.01027523888932258,-0.005088546382746806,0.018056086613235323,-0.0015262074685740146
2016-10-28,0.002637185827023103,0.0009169553949153197,-0.00805505845165122,0.005535573790543147,0.005942068762723629,0.0,0.002726753433805129
2016-11-01,-0.001361194585834724,-0.0023254248215636153,-0.020511989222022464,0.000595281486709176,-0.003751286288730782,-0.01304230609218937,0.0003316481960595752
2016-11-02,-0.013098012546713278,-0.0126126046894246,-0.019746621478945237,-0.010894227684324242,-0.026269858336706697,-0.011105161983468115,-0.014307059624224294
2016-11-03,-0.0034178384703515974,-0.003527871784321235,0.006661282368335186,0.007037119403445757,0.00019533455184816972,0.012562623053419486,0.0018877629413598385
2016-11-04,-0.006052515976112005,-0.0057081055798864355,0.004774305562821546,-0.009005159492520676,-0.018132842566309648,0.035765561484924824,-0.017497539420118002
2016-11-07,0.007477508488474172,0.0067542459407849975,-0.02322341753890189,0.0046128850593305515,-0.004385376383235773,0.02947513104580768,0.0019439144973407707
2016-11-08,0.005457567982691813,0.004801101919548856,0.002697090048118689,0.00387415914593614,0.0023445403909594376,-0.0035149895121273644,-0.008247927466857874
2016-11-09,-0.013142597631656372,-0.012348394310516042,-0.05091998018730415,-0.0024346507268608875,0.0010956647854518664,-0.029580468376757096,-0.04992018917239349
2016-11-10,0.011057004040454288,0.00968236079373419,-0.006658283467634085,0.02158366378886889,0.0057567833833900295,0.011618956597406083,-0.012022687963888501
2016-11-11,-0.027281387102400245,-0.025724804308836724,-0.025514800467846932,-0.002153292586442923,-0.008597947001399042,-0.03279654466763482,-0.037135979250523476
2016-11-15,-0.022902856859881027,-0.019358889533762635,0.00954461374721749,-0.01663709354998577,-0.01645603583581945,-0.02268799517701492,-0.05765629143719053
2016-11-16,0.00038839613027796815,-0.00022589472451528536,0.03168967745636664,-0.0083229293930982,0.0011663190125794642,-0.028182940416126456,0.029318379124857685
2016-11-17,-0.003909439439924611,-0.002706086065165536,-0.024222338524790388,-0.011436545397063291,-0.008959905410805824,0.002595160271747332,-0.013159829517707777
2016-11-18,-0.0007242886837524054,-0.002954643945589197,-0.0056775893256828525,-0.015400111265281957,0.009922502414178247,-0.015892399251683287,0.005133315868567578
2016-11-21,-0.018121871425979208,-0.014835937500784269,0.0036635902782196084,-0.010539256318911505,0.004042385148235184,-0.01614915065539968,-0.03357142951600167
2016-11-22,0.009189427494783686,0.007564470774415355,0.0009840595547077058,-0.0005421053001439802,0.009985223981423097,0.008439027118106068,0.030263442983287092
2016-11-23,0.0038664021768521906,0.0035003580179395755,0.009950112440817449,-0.011163636752834272,0.007510746822289249,-0.0064336777646074594,-0.010942115005933672
2016-11-24,-0.008475662098625492,-0.007383324382995937,0.01477670850253432,-0.016381596030854872,-0.021690331620053627,-0.00513220265909986,-0.010441840592735119
2016-11-25,0.018508197132650395,0.017486088939264732,0.04986786471375204,0.020214840273433232,0.0064106884580672485,0.023436823461651102,0.008955437960509016
2016-11-28,0.0015516218520144065,0.001284690515030107,-0.0077463074760375505,-0.004086552802155197,-0.007119955005824963,0.02118986430101355,0.004125985474400906
2016-11-29,0.0018747258935878364,0.0016623579741104066,-0.010016702080646311,-0.00482397731385209,0.011137239422049028,-0.011404047039615506,0.03895546908363201
2016-11-30,0.010063243621010187,0.009757524883692525,0.0071428975608078815,0.01753373300348038,-0.007697134076280143,0.0062561191316490294,0.03435656507549645
2016-12-01,-0.0038495313077255844,-0.0034912968583480364,-0.005551112275282044,-0.001961012754155611,0.0077474557774825925,0.004291762376837482,-0.002642955308690631
2016-12-02,-0.013034894616328785,-0.012474348066835006,-0.01855009429470833,-0.006830483078586802,-0.003011402546821529,-0.02164570102754837,-0.0356619415166044
2016-12-05,0.005174081595203717,0.004505142434142684,-0.01626681396234897,0.0060785239752512155,-0.0009051989816351025,0.017568993346498196,0.026259893840288484
2016-12-06,0.0017699108511290973,0.0016556172550732384,-0.0016712020083833323,-0.00158938977773726,0.011355481670905831,-0.010156939567108836,-0.013107044805497736
2016-12-07,-0.005059979081726951,-0.005924080566444445,-0.012820556831961483,-0.010816418153908991,-0.006036963057789002,-0.013117729786641164,-0.003618915414438817
2016-12-08,0.01771416991645225,0.017283643235577628,0.018941933313797676,0.015035469117393063,0.020702138067883347,0.026494572738918087,0.02279049087838736
2016-12-09,0.0018051676124937188,0.001979751635099447,-0.00022766552835307152,-0.0010010389565735522,0.00868733346452899,0.012142055062958512,7.629468378844706e-05
2016-12-12,-0.0110696301085067,-0.008709364672975894,0.00588181441931912,-0.01162540606131035,-0.0017022887873396897,-0.016437694710880635,-0.017457971589285748
2016-12-13,0.006222340051564856,0.006862254970151582,-0.003584011507448359,0.0015186677833440854,0.012191658767835456,0.014318008397141035,0.003638106770624816
2016-12-14,-0.004797498800311217,-0.0035639547054984178,0.003312278424317583,-0.008933431387279533,0.018768808386607105,-0.010665406605492755,-0.0042895474969135705
2016-12-15,-0.0035320811496504234,-0.003153862518892936,0.02314906769197478,0.0007652733751619678,-0.0062013383351651186,-0.014907857324572227,0.00213728072424324
2016-12-16,-0.0017369253327927936,-0.0011133948640082991,0.010282264328913548,0.004832770325132074,0.003980724981968997,-0.014691821932340865,0.007078901448531738
2016-12-19,-0.004321667547371177,-0.00434552604666294,0.002733958549630877,-0.004705318977609174,0.005095031652095017,0.0028672788604202637,-0.014286349006553678
2016-12-20,-0.002712120563700182,-0.0025328546711911315,0.021780686855101372,0.004366934225798147,-0.0043857865693093245,0.012912063733854673,-0.0013793060491185116
2016-12-21,-0.0026140364419848794,-0.0024966391016825185,-0.011047361046150783,-0.0016089489152033565,0.005044405547198316,-0.016000386373677955,0.0058269650512201565
2016-12-22,-0.010249174221346635,-0.010064094300616944,-0.0025531025039020605,-0.005864408607852312,-0.009354641606990732,0.0055085706778355,-0.010457765001223862
2016-12-23,0.0008330679821799691,0.0023490690690994853,-0.008529618752580959,0.011147129961852187,0.003742998792549024,-0.012604052043409197,0.021933355696626577
2016-12-26,-0.009752185003087277,-0.009011035967562364,0.002182930531959393,-0.009529061616548873,-0.009359997419241317,0.0013344708751477086,-0.005750523388377005
2016-12-27,0.015632877835896508,0.015622602745310132,0.013127015760395544,0.008643489416608752,0.01633447397862131,0.03943443483637665,0.010903575177747982
2016-12-28,0.0002489466427704201,-0.00010528610390814208,-0.004313449405723091,0.0013070400328034637,-0.014188776002042935,0.005963721534938848,0.0013867711388666493
2016-12-29,0.008520076594397352,0.0059140559078869614,0.016419852081945407,0.015426924755490568,0.014892993440863478,0.0023333014776234506,0.01584513372866425
2016-12-30,0.01009250251719962,0.009824488136151999,0.0058723251214090055,0.0008295125200650233,0.015783474969152778,0.023658459274880528,0.0008932619550829912
2017-01-02,-0.0007698979027406239,-0.001165374266676622,-0.0017771365697534236,-0.007573208870228498,0.0024913953963379143,-0.002900912928796018,0.027158540278085397
2017-01-03,0.0015575613575364855,0.00179534954571281,0.0029179526898355235,-0.006032655521440056,0.003954932180749715,0.009911214234061383,0.007726989503689552
2017-01-04,-0.000213639347077077,-0.00037950689635302126,0.004739047506500782,-0.0037044646546000592,-0.020635557892921597,0.008592670593933427,-0.0011352727571551924
2017-01-05,0.01011892597298747,0.00916108424175377,-0.01913540321754148,0.0005901341841019203,0.009559190588314337,0.0052823790121721,0.023849449103163778
2017-01-06,-0.0036324930615787565,-0.00443756796731698,-0.022965813600133167,0.0062611298732262455,-0.002276570426102964,-0.01654969942659612,-0.0034488387627042982
2017-01-09,-0.0009405426329767153,-0.0012219954837675573,0.009727429959591305,0.0012974627002835248,0.002554905793710205,0.012895565599855274,0.007619411995372971
2017-01-10,0.00636019325025039,0.006452467337345169,0.00504442967966412,0.015895467435381505,0.01121100415281795,0.012530450187637321,0.002885371409417914
2017-01-11,0.011044494137506078,0.008913816976113154,0.0039011348894888442,0.016051969716277092,-0.0034927574258167837,-0.005639409025667952,0.01530103010198225
2017-01-12,0.0031629810720872342,0.003925534325942337,0.008545967784674424,0.0008102672399905586,-0.002535365944864587,-0.01178402335733253,0.0025998830085445235
2017-01-13,-0.000815179653960385,-0.00033402120215875186,-0.04138921221017,-0.0020264196990007477,0.006532763418777954,0.020231255459834507,-0.013566787417421011
2017-01-16,0.0014810071904491906,0.0018379920517475057,0.004104259011052491,0.012217056964359152,-0.013061898091755175,-0.003410424849267457,-0.003973033228691136
2017-01-17,-0.0017607500753111793,-0.0019261222765827313,0.008903921159618022,-0.007360658316036606,-0.03306086606688918,0.012581198898165447,-0.0013220518684722293
2017-01-18,0.0022598879674369243,0.0008067219135909909,0.007149399912000476,0.0033048674674995837,-0.008390496872457298,-0.004375377319526308,0.002651140715625999
2017-01-19,0.002148054753300599,0.0018677848783728024,-0.0017881673357882377,-0.005082703220200102,0.0011131576880103466,0.013069464022303912,0.005945947653016148
2017-01-20,-0.010217880246457867,-0.010087828475144889,-0.002468757530421861,4.015003333091016e-05,-0.00767181475527412,0.004906067004350589,-0.00867643710944499
2017-01-23,0.0050356440298156,0.003059541785082942,0.012146559610167529,0.006691111691228713,-0.009697822919223498,0.01650384121183901,0.005462302170448297
2017-01-24,0.009995732282151337,0.009478008076735378,0.005037969605984571,0.018231379906794132,0.011159114592660835,0.000770142442824806,0.0065050857164230536
2017-01-25,0.01486689853836154,0.01207487741585389,0.014835466790014351,0.018021452958953077,-0.009781884399142626,0.021510091246332408,0.011326056305453136
2017-01-27,0.004465328690727688,0.006271595520718876,0.0020379830989467607,0.0010067370037072365,0.007638056482635491,-0.03098362656317377,0.0193461786190241
2017-01-30,-0.0009841380903132801,-0.0011806639547806697,-0.010617169990458919,-0.005394334766673836,0.01903534064744683,-0.005063092415638515,-0.0035475521654397824
2017-01-31,-0.0083110852188657,-0.006975896786263647,-0.04520007692345107,0.0013223031050992873,0.0003826955681516253,0.007779121891387852,-0.00011884118952210088
2017-02-01,0.017954328487416404,0.017409062049360102,-0.028152806770108008,0.014697243610414468,0.0042484440240517785,0.04396292330082385,0.04721162985642913
2017-02-02,0.002045724967318918,0.0030147756709073548,0.018169282120208408,-0.0053755935320651815,-0.005876262964910062,0.01691210843193769,-0.005655809908875042
2017-02-03,0.0007668233343185449,0.0004926815583079502,0.01121596163892491,0.00946476341796032,-0.009484235750202075,-0.004567414638654732,-0.004714574748884814
2017-02-06,0.006852108598963014,0.007013453980393436,0.003666251009873278,0.0023234287641660245,0.007709775608303104,0.013640292450827651,0.005584877535335764
2017-02-07,-0.0037280876822229914,-0.0036678215884951015,0.0017165375316245957,-0.005302661393747243,-0.01037377367030956,0.0010834292234784826,0.010272922026432596
2017-02-08,8.553173850955886e-05,-0.001597887153126365,0.011670826093655329,-0.0011482572783183542,-0.005593210569490914,-0.008335101931368882,-0.002990173545370567
2017-02-09,0.0010657487804177634,0.0014051420346472554,0.02020486071074412,-0.0061459331595017375,0.007386157791548165,0.010317800500925678,-0.006080190434289534
2017-02-10,0.0017242727924351442,0.00016062351186363344,0.03421120301251168,0.004574455626833007,-0.0025207070958623845,-0.015608119647116503,-0.007310817541391401
2017-02-13,0.001306922356567597,0.0006128208469551311,0.006774886390096491,0.005050288847999518,-0.0002912523119480426,-0.010111545469790428,-0.014875764856517648
2017-02-14,-0.001449082107715327,-0.00043423503587725065,-0.003319594944896309,0.0006865395033379684,0.01918639872479133,0.0007389897552787517,-0.013735292594933668
2017-02-15,-0.007718210304815898,-0.006505038223773241,0.003091471803977619,0.008430684403516686,0.0014278420170859007,0.009555151236262382,-0.013073768652114737
2017-02-16,0.006090485336690321,0.005161795577164341,0.014008322650639116,0.004301731104303208,0.015292048971848438,-0.024998752284817627,0.027232476038062003
2017-02-17,0.004966026084144204,0.00590033105572374,-0.0164140924777465,0.036344693211646906,0.007466017491116084,0.0056094709404250764,-0.005793081992303328
2017-02-20,0.00649686750207934,0.00675055824580717,0.03841555165203481,0.023007774068529052,-9.291646030185063e-05,-0.007862149518912176,0.01711558726118767
2017-02-21,0.003221381752721797,0.003483258304269654,-0.014836699547258192,0.004566928255271385,0.011832450297188934,-0.010960103910278463,-0.004935852716284828
2017-02-22,0.002136367316138532,0.0035789631617824114,-0.022084839162476833,-0.011653280135327293,0.10402692743314912,0.0011393442084415284,0.0027177857861353516
2017-02-23,0.00141042528861135,0.0009785630959342484,0.02873487692596388,-0.0034723816796722318,-0.020709639680500658,0.008316066505478226,-0.008034356330202996
2017-02-27,-0.0047992157934491075,-0.002775798051883882,0.0032384175049982034,-0.0005022231531999211,0.046381470928170465,-0.003960427008191658,-0.013269523862762256
2017-02-28,-0.0019239764630967215,-0.0024171359237143974,-0.00952363405570722,-0.002514527298076885,-0.0006863048937262306,-0.009111691837613733,-0.004884665145679534
2017-03-01,0.007427659614302584,0.008355464122773881,0.005378204790996044,0.0011144902910080745,-0.0028715474583353995,0.023743413554958792,-0.000489566054955759
2017-03-02,-0.00516094011156909,-0.005004869085531993,0.008793811591574219,-0.008334300366786174,0.0018211053809373823,-0.014065009108596982,-0.00014374005362860487
2017-03-03,-0.0002472504647155205,-0.00025453646358819526,-0.002962937814504407,-0.00224871885174327,0.01747326163948415,-0.01216036099606388,-0.005251321015055765
2017-03-06,0.00737928331770199,0.00745469429591239,-0.008678166598461878,0.002719522276549924,0.036510796267091195,0.009702423177152752,0.007967669230092511
2017-03-07,-0.0018480720763562886,-0.0016754798463693987,0.010981176283194394,0.003939525266190458,-0.00030646788324162344,0.0005675337902166788,-0.007840399096266992
2017-03-08,-0.002529275900771566,-0.0033719743442794936,0.004948195069529149,0.004318899633056539,-0.010592565051229741,-0.0003782083342906972,-0.004143823298269567
2017-03-09,0.00030252086544102497,0.0009403736817183983,0.0030004843477726695,0.001435561005017405,-0.003452566931537504,0.00302384133120448,0.01695100282334394
2017-03-10,0.0008453695474006651,0.0005909115547684252,0.008889949820843235,0.004222984541906172,-0.003971215732213373,-0.005677581074253979,-0.001476476826097084
2017-03-14,0.016919058968584366,0.017003666090028347,0.009883243474825498,0.007542365683637975,0.006106138969721009,0.0137596439917127,0.029254164886467038
2017-03-15,-0.00024215491551693447,-0.0015132879937933552,-0.027322141427315927,0.004173507828365786,0.01191020874525961,0.004109814052417171,0.0008070118527303549
2017-03-16,0.007555524675280978,0.0063658279844993615,0.009005117240584504,0.0005291866042380633,-0.005609493104096863,0.0009316452527139418,0.0029447120643588676
2017-03-17,0.0006934253912422861,0.002131875399022931,0.0019225902279345064,0.005979496977100318,0.0023473511006129044,0.04657917459124761,0.006017237467290215
2017-03-20,-0.0036310400180976643,-0.004402744853216234,-0.018279817386493313,0.007162808397501941,-0.015417502221517942,0.002308467272444936,-0.005456824877869693
2017-03-21,-0.0005863115999815705,-0.0011284289968607197,0.002697730515889063,0.003371574085407225,-0.013361703049545426,0.02106082650036889,-0.013502301869724675
2017-03-22,-0.010032042543652864,-0.010835658602340814,-0.003121150446450116,-0.006999013370330154,-0.0032495686274796043,-0.028359429449157147,-0.011670262757471406
2017-03-23,0.006165541424005383,0.005623294101823717,-0.0075313146612359105,0.0,0.010738215631131531,-0.00807254673768476,0.004816901766110604
2017-03-24,0.002385385075003299,0.0030377836567190286,-0.013565448939887759,-0.004588077619544606,0.010507568288128155,0.012173613691309093,-0.005008373695428503
2017-03-27,-0.006918896341845837,-0.00628213972224323,-0.006261420526547212,-0.010232232546020015,-0.028096429676907952,0.002132800082935482,-0.0031442283676206273
2017-03-28,0.006128048426003119,0.005878241243269855,0.007393744745237463,0.007314266640388922,-0.0042852617846032,-0.003913864795032751,-0.0019314923261379846
2017-03-29,0.004713732341588894,0.004136693816850112,0.006010768975952097,0.005897305658677965,0.008711620726900016,0.009579687600988152,-0.005050953300527183
2017-03-30,0.003270112249897039,0.003919994513902125,-0.001473459107800501,0.02597910446869811,0.011079088065414133,-0.0015901116839076579,0.0020924037909502147
2017-03-31,0.0,-0.0009084146621542999,-0.003776182172138043,-0.01626166915509586,0.038784727035163336,-0.008702764608762514,0.00987283138079853
2017-04-03,0.00696298743338275,0.009733562338851698,-0.00829977984601804,-0.0065026353312038765,0.03988573145229246,0.004449618269462441,0.00931520299732469
2017-04-05,0.0029509594186478694,0.0021381024271214244,-0.004342630530536518,-0.000593284216707346,0.028930602653485238,-0.009277666562311992,0.04356931316673318
2017-04-06,-0.0003454609996289548,-0.0015659152946376764,-0.0004996713241069983,0.00428438713008461,0.016471111850797193,-0.0175394324709508,-0.008034027442295866
2017-04-07,-0.0068959675911912655,-0.007402879725111333,0.012010806588716783,0.0002434423863526547,-0.02242529348413491,-0.005304108461547941,-0.005146999961333165
2017-04-10,-0.0018334976368343803,-0.004415120320851784,-0.002803684615761526,-0.0032719278152910647,-0.01811405179399994,0.003295543538659018,0.0015166302724178848
2017-04-11,0.006031992108962214,0.007162925755180183,-0.0012187050494016916,0.0037235120639191877,-0.0065367659897441754,0.03059993518607218,-0.0033635484420244666
2017-04-12,-0.0036387226287448726,-0.004875146108085815,-0.010825963904075309,0.0029134652446485276,-0.013461481999969216,-0.0005321001004396919,-0.015045963267889206
2017-04-13,-0.0057371491660003215,-0.0061596156698726645,-0.027363693360135777,-0.002357773248667705,0.007944763239117414,-0.009803119303067653,-0.012515902703777115
2017-04-17,-0.0012575110864396777,-0.00162340498396496,-0.005943665787165209,-0.00243298878480136,0.019625945706422065,-0.00017915127310974555,0.006167289530669251
2017-04-18,-0.003743544319297243,-0.003220030148671782,-0.002616761430353165,0.007281370712424184,-0.015677159945825636,-0.00017894539341956062,0.003525732063712539
2017-04-19,-0.00018127544810830898,0.000595703831017147,-0.004188251222243977,0.001173697903243287,-0.0010222365801544342,-0.0012551831126881297,0.009696646394415254
2017-04-20,0.003607522585262757,0.002921099085307688,0.011395424482151917,0.009034193897105247,0.000547756690719936,0.002866361631002512,0.012277284343742423
2017-04-21,-0.0018624222643062183,-0.001942238598964252,-0.00634134806399711,0.02328811742645609,0.0237742426088543,-0.018597551276675617,-0.01407807836159769
2017-04-24,0.010748636018943714,0.009845333596171457,0.007459003071350168,0.02406329842939492,0.010567690575286726,0.008709838068559073,0.021201819788636556
2017-04-25,0.009571092601937892,0.009644532029854602,-0.007155836512370506,0.002605809905557699,0.010806294791402493,0.016307143963933513,0.0029788184138457297
2017-04-26,0.0048503590177304545,0.006328921467320114,-0.0004980938410010793,0.008809219260500711,-0.011476738252286012,0.0335578141623083,0.01084499514173487
2017-04-27,-0.0010376826383140525,-0.0034442871101383332,-0.0033382751494670515,0.011509246971203702,-0.00491864282385901,-0.017687128777339467,-0.005046987071409603
2017-04-28,-0.004086692040743856,-0.0037145429569580557,-0.012894489699093015,-0.014189226479021322,-0.010197311343476123,-0.02767118222924303,0.023382998372150965
2017-05-02,0.0010473820656944355,9.289159026160121e-05,0.007342090303751547,-0.003822449445036291,-0.017825558097304572,0.004307341273102949,0.027310045610501987
2017-05-03,-0.00019860777483593495,-0.0008820020253228478,0.02048839685699111,0.0023990235131288173,-0.0003285814736546655,-0.007008891630288616,-0.009213866112569136
2017-05-04,0.005136105872377783,0.007711009736530272,-0.00308546669140064,-0.006170767730646176,-0.008907322695359099,0.014146451848220387,-0.0006323402917818299
2017-05-05,-0.008002164979810544,-0.008915958171916927,-0.004128211388573888,-0.0016954020091883848,-0.022113902746548675,-0.014507402314563045,0.002158927051620907
2017-05-08,0.0030915084131226678,0.00225306323900476,0.009414355694024934,0.0016954020091883848,-0.005170646902841192,-0.01527002553926149,-0.0035531188024524596
2017-05-09,0.00030055497014380705,0.00023720950634142923,0.004302588544855546,0.0006189388710957644,0.0067504774544220325,-0.005326678474747659,-0.00018833044237709373
2017-05-10,0.009661416055307015,0.010465781524528595,-0.008580641030340175,0.010396571241908958,0.02138044754281676,0.008983662449951524,0.01622676385113664
2017-05-11,0.0016039118008350783,9.291194533744829e-05,0.007261972238318037,-0.0034859388608357023,0.00033124041538279414,0.009807452574857933,0.0036664950553007003
2017-05-12,-0.002284403739777119,-0.0020791199299132757,0.004755623399523401,0.003389207490140045,-0.006715973994908531,-0.006163954437161223,-0.004787693422626305
2017-05-15,0.00472242093734998,0.004427974620872632,0.0018833675347176282,0.0011271880212975205,-0.00471317044135855,0.010852072207184094,0.01382627911540446
2017-05-16,0.00705254977071057,0.008553756172039684,0.02672124049876423,0.004015343329421661,0.009035661416454843,0.019594405793927905,0.018878685726775757
2017-05-17,0.0014182164368889971,0.0024875329281819347,0.010727839986057752,-0.001604186181686451,-0.0023621709740364594,-0.006370505194949416,0.0006111862230291365
2017-05-18,-0.010160866909231459,-0.007332408765046594,0.03239736439199348,-3.2047413262681346e-05,-0.019213759497122673,-0.013403825382302337,-0.018442602903666838
2017-05-19,-0.0001643714140993069,0.0009895240005608485,-0.011519964470117827,0.002661675189773227,-0.006424322776779512,0.029429682197364748,-0.005946550040770049
2017-05-22,0.0010971618691595353,0.0034750336854330044,0.009605901078622914,0.009403045392825327,0.004010674920617241,0.05901987589728286,-0.013170618724338112
2017-05-23,-0.005535341505865432,-0.006752026374970299,-0.0038192073035947516,-0.004387710417728563,-0.014146388600638105,-0.011428435183210794,0.026090195197241428
2017-05-24,-0.0027312115289390704,-0.0020970053897428897,0.01474182339769925,-0.00149879288254251,-0.006030844570858562,-0.0008332833333986045,-0.0013382870951677006
2017-05-25,0.015813559512563913,0.01468908990689144,0.025253562034254884,0.031662048386110975,0.0036536230711234907,0.0005000975836884081,0.0167519939775449
2017-05-26,0.008934922695321035,0.009005873904628814,-0.01781803191561071,0.0054575913411776256,0.026405502287903282,0.029715628236823832,0.01125964808642621
2017-05-29,0.0010209148022131131,0.002609323455642354,-0.002096594420929243,0.003621970552488918,0.014550056069176698,0.021602505853951293,0.009810466272815788
2017-05-30,0.002043679949448318,0.0016098335415453136,-0.008489876821203168,-0.0017477553171687532,0.0018039997439389666,-0.014028552144567108,0.0018274348791358364
2017-05-31,-0.00034291167458100347,-0.0004365481319439368,-0.0017646711328893616,0.00437916498056623,-0.013814931654914986,0.001123128511184568,0.008844983760532443
2017-06-01,-0.0005354574151468228,-0.00026366379431763676,0.002744385614948719,-0.004655703651040177,-0.00932947350837754,0.00766763751183408,-0.008971014223211782
2017-06-02,0.0038818074424913362,0.004348582649992494,0.004415245059115058,0.0034633744179357606,-0.002638539886979707,0.01578829941990456,-0.004473504585597254
2017-06-05,0.002234990511746915,0.001156905344231518,0.015110466034695236,0.0007951245987207756,0.0034662217998171485,0.010076906524885132,0.00154484686106926
2017-06-06,-0.003930072114359362,-0.0038057515012859255,0.03473946451862009,0.002076597257469004,-0.012527840559029002,-0.020366319355469287,-0.0019104663720082016
2017-06-07,0.0027718715867308674,0.0025845794851928616,-0.03040964118742462,0.001128168013457831,0.019760771957926693,0.003850418491254004,0.013074827103736197
2017-06-08,-0.001724433233055933,-0.0018538936831493658,-0.036465782428138915,0.0024045569988144777,-0.005466561021366445,-0.0020839310357798624,0.0060600990974926106
2017-06-09,0.0021744203643887516,0.001559050961176922,-0.005806563030412271,0.013317079058952963,0.002999076315129301,-0.018135168707314797,0.029272907662656777
2017-06-12,-0.005377306123000025,-0.005335718391449973,-0.007929508111602424,0.0011692953456892141,-0.012240628883571247,-0.005242586027412344,-0.012292574356449038
2017-06-13,-0.0009883839285969032,0.0002505182377543491,-0.00331862707054853,0.0047526108216660035,-0.003872606012015112,0.002788670563215412,-0.0033553724080253033
2017-06-14,0.0011703481475411337,0.0016839203054601626,0.007577917975820192,-0.0032857224724178735,0.03230248084662701,-0.017848921100721782,0.0002856380136044834
2017-06-15,-0.004177977293503332,-0.0025768156217864657,-0.024174178788580747,-0.004107105202143302,0.019297219114357667,0.006813539618481634,-0.00528531751504957
2017-06-16,0.0010435092284026837,-0.0006222248772509431,-0.004780826542364558,0.002939761459767709,0.0034981168342111957,0.016100319087942516,-0.006640946033657613
2017-06-19,0.007222461604376562,0.008182768905129478,0.013246690631866898,0.014068714282034378,0.014617489409631368,0.013275207540613287,-0.00201876827860481
2017-06-20,-0.0004194287506713579,-0.0004485295571399206,0.005454809556292517,-0.0037581921961011844,0.002197459196967344,-0.007101393481725005,-0.005810616443334027
2017-06-21,-0.0020635967138744604,-0.0004438610566204204,-0.015954553423290108,0.007178216816263294,0.006809314691137658,0.0008095193019057589,0.00842136811194294
2017-06-22,-0.00037372136982583015,0.0002269174479376801,-0.004769813566213976,-0.0004120532493114837,0.0074616831797529315,0.007577661449703399,0.006568648280763867
2017-06-23,-0.005732892290795988,-0.00488650209616992,-0.013939351035239689,-0.01146122407611383,0.0022309597885303845,-0.0009642204658151243,-0.013340138835191695
2017-06-27,-0.00665921326812402,-0.005796189947401942,-0.00801287109173554,-0.006574446653971222,0.0009050438996860422,0.004331410215979048,-0.004971425413080155
2017-06-28,-0.002120798705808724,-0.004011157103059659,0.003068164050783473,-0.0007197638019658115,-0.02726171637760988,-0.012888771322869808,0.005788287767417799
2017-06-29,0.0013529218044663338,0.0007521001125052607,-0.007174732581519017,0.0045804003578382435,-0.004155983989930334,0.010484733328017803,-9.696198410580337e-05
2017-06-30,0.0017661798283690189,0.0020748064233320207,0.012394973194592929,-0.0066363909985129865,-0.009160802530928436,0.037942461996841814,-0.0009345955576023357
2017-07-03,0.009834955862601191,0.009655504021351291,0.004750826380999662,0.0039569930102461015,0.0007604537787546661,0.05660877033184608,0.018721724260753803
2017-07-04,-0.000176843021399975,-0.0003789784215051384,-0.002847951108863711,-0.003170479779420532,0.02918520107422573,-0.015447087095243006,0.0030074486278408585
2017-07-05,0.002524538419805822,0.0011455059818032964,-0.0045945428333382665,-0.002785969830002344,0.014452723436789938,-0.018554809027665264,0.0002033860069303728
2017-07-06,0.003826631578812467,0.0039536742002681535,-0.0035932197694572565,0.00568505392053531,-6.951002578770016e-05,0.01811003996752003,0.01298179085952711
2017-07-07,-0.0009048440978283168,-0.0002776658217236161,-0.006667205330559867,0.005442996674164924,0.03313518271031146,-0.00834087360403668,-0.005534386301254912
2017-07-10,0.010830050223587406,0.011256642345177426,0.04322159796772862,0.005473222032257752,0.0011394653139431554,-0.0029958709974460263,-0.00031608920381920314
2017-07-11,0.0015339700917760268,0.0009911083589404512,0.01663699085409842,0.0024132223124775365,0.0010044376246014508,-0.008738831354166976,0.003566726140277865
2017-07-12,0.0030659727759676514,0.0018167977795648937,-0.01479079931659566,0.0005056595377173068,0.011146434240272285,-0.004702370752166729,0.0026315948788582233
2017-07-13,0.0076721863955029335,0.007285512443891307,0.0028447028066587166,0.001367066008777229,0.015171065315391807,0.02966039642991447,0.012084529737869332
2017-07-14,-0.0005410630593889465,-0.0005192427417277656,-0.020211582292291475,-0.0021407556208714595,0.0076247758923289055,-0.004734149840330382,-0.0013620226783803702
2017-07-17,0.002989613153665971,0.0016858994773834013,-0.0008349197344470483,0.0014276794965777384,0.01166771816685852,-0.036241355925025864,-0.004635511175342444
2017-07-18,-0.008995588419494993,-0.011406713743278729,0.005370734310060854,0.0007130761242937211,-0.020738810617441317,-0.13337778640611653,0.0035896655106366637
2017-07-19,0.007345309743460149,0.007676287831619888,0.016983447252606254,0.005183886431351148,0.008549346068038588,0.023959717731043995,0.001608113780372733
2017-07-20,-0.0026601885384831547,-0.0015956601634137257,-0.0020026380578332947,0.010930994380796477,-0.0026454474808810247,-0.006713251671649267,-0.00937392645349533
2017-07-21,0.0042398516888937365,0.0038943839659939528,0.018842172143809677,-0.004598692879791422,0.03603591043723231,-0.0020745822076726483,0.006924278224095914
2017-07-24,0.005145498736316867,0.0067516188516645315,0.018545002909172048,0.01864418169872728,0.018905424718791863,0.01494491077685911,0.0015300986946549244
2017-07-25,-0.00018569972075432872,-0.0005459432316499147,0.015993645114985355,0.0026189346740510544,-0.00814335978323566,-0.006328707304180448,-0.00660052992557425
2017-07-26,0.005614227803034666,0.0047729439940003004,-0.006046249629524603,0.00453090151297264,0.01277577949135189,0.007691755892366814,0.008015902942434039
2017-07-27,-1.0037915545879628e-05,2.593480653168001e-05,-0.0294997627931064,0.02380530287976068,-0.017373893322502276,-0.017520380922621648,0.004530146943602986
2017-07-28,-0.000603922119520206,-0.0022697895368359866,0.0010471760209469494,-0.00624990624888877,-0.0002195685876014153,0.010343427904466296,0.004051209856427818
2017-07-31,0.006231441314612951,0.0063265667910687995,0.0030146398028847443,0.003311931586961414,0.01292998976164128,-0.02184572007205343,0.015552482180583027
2017-08-01,0.0037194224908798645,0.0018506801269566608,0.003945238584467603,0.007147612664825331,-0.007207606574407777,0.009073560216371845,0.013591085912420198
2017-08-02,-0.0032828454686502084,-0.003026191310308235,-0.011195096663117354,-0.003092853413848573,0.0158377885548866,-0.00837257551729742,-0.007743740779503128
2017-08-03,-0.006752859858295324,-0.0073819627048656855,0.00630630225748785,-0.006551787883727123,0.012746712338385535,-0.014289863731684171,-0.007480893460437343
2017-08-04,0.005253982862758022,0.0027114277826676414,0.013307712320624887,0.005769972382223543,-0.017083284989409364,-0.002312424992044093,0.004243068546186279
2017-08-07,-0.0008944632972536226,-0.0016018879951964493,-0.0076999671258857205,-0.0009499556985099744,-0.0035817841511560644,-0.0032110321918068507,0.008757845276441856
2017-08-08,-0.007870951189925535,-0.008072500169202357,-0.00015964922800826287,-0.005972322812869635,-0.008574492998929095,-0.02057826434550858,-0.010612875907394681
2017-08-09,-0.0070902312842733295,-0.006780866891107351,0.003569572182995806,-0.007593914556378145,-0.0023428530919442636,-0.004753188303533662,-0.012232941582359658
2017-08-10,-0.008900958038211115,-0.008416700843127956,-0.0002194833015023434,-0.0022696051983750465,-0.0090790947610504,0.000915993677400806,-0.010872497305225437
2017-08-11,-0.011207932204893467,-0.010128085297278488,-0.006150508231050011,-0.006496427664401949,-0.02434159123298496,-0.005876091889325252,-0.016141454712617076
2017-08-14,0.00854666045973218,0.007514545809296891,-0.01073424073596474,0.00464863811783367,0.01718383617357322,-0.0009211534326727389,0.02005260293859834
2017-08-16,0.010476664391422474,0.010182363704796416,0.009250854254728935,0.01359378053605198,-0.004427923787639898,0.02888761259738537,0.012110106045312818
2017-08-17,0.0006919277268337964,0.0007730603729694252,-0.00269212191750956,-0.008938053264551549,0.0006382967211511215,0.002861291605855243,-0.01553321316022327
2017-08-18,-0.006762412448122035,-0.008552820571125608,0.011261667737794134,-0.0075336686389801955,0.005282451291257928,0.006585218625625444,0.002153963359436517
2017-08-21,-0.008478188903126238,-0.008468197620128848,0.005949541933127911,-0.005121165326496424,-0.007006885505147942,-0.0008874668410969733,-0.012833917617081525
2017-08-22,0.001147567034445629,0.0010551441782045146,-0.01243500640712547,0.0021774938188654502,-0.0027845497559422228,0.004605757808106681,-0.0007735267559443315
2017-08-23,0.00886436373993682,0.00878659086164113,-0.003248371482225565,0.014462822904093287,0.014003685072606409,-0.0012376119472490288,0.010212944412899105
2017-08-24,0.0004616853062007209,0.0008881879510074242,0.0028677957720688596,-0.005629476329476191,-0.00888879769541795,-0.0039009113365091608,0.015194750736668539
2017-08-28,0.005639916223863395,0.004886115035862559,-0.0037320531767877085,-0.00014190267163005643,-0.0009568853136974198,0.003546728790704279,-0.004456404032261219
2017-08-29,-0.011847608353940942,-0.011480462388634649,-0.006635205108038278,-0.009177992987447148,-0.022203693908460664,-0.007819646121292045,-0.007615696209716916
2017-08-30,0.008978573009263968,0.008188224387145837,0.005528983014933431,0.01274652777653884,0.020638297061252864,0.00622515921039124,0.004768333323236007
2017-08-31,0.003383448451600657,0.002651732043281285,0.004738335927603643,0.0044570269590265,0.019249843340127804,0.0008862085541530007,0.018725433780765854
2017-09-01,0.005680605029628083,0.005084365491233811,-0.016112789390652082,-0.004994326432955276,0.009736063026586805,0.004771479630353959,0.01444003431422125
2017-09-04,-0.006189993868598975,-0.00597476486973747,-0.00010139044505041994,-0.009492766931553653,0.002016362879424527,-0.0017645241177781656,0.001177085252589194
2017-09-05,0.0039617959979345585,0.0033789274440074735,0.011395926408893864,0.0025384054213901663,0.011861207231182114,-0.0008835465910834728,-0.0005499591771407353
2017-09-06,-0.0036238487939694863,-0.004650285376087027,-0.012618286224053143,0.002588686956581654,0.007809535736698514,-0.02560333514791502,0.003760149045875849
2017-09-07,0.0013806437621770584,2.430429570488002e-05,0.0028088205534428923,0.0037714461018953926,-0.005606837393460573,-0.01941102098687164,0.009203462353772451
2017-09-08,0.0004932784400129009,0.0007822950759912572,0.004259298332380368,0.011873454972207043,-0.0014680954752179787,0.007185829708229896,0.006488564072007819
2017-09-11,0.007146165244693137,0.006123712883441712,-0.006558762728134049,0.019773632438775834,0.0012234217411837278,0.0045790179987941215,0.021306268444352128
2017-09-12,0.00865715828584257,0.008635171029279576,0.013757760914019812,0.006478017720237261,0.007127035366558232,0.014694113923819252,0.001485023971531163
2017-09-13,-0.0013632524119131517,0.0008625369926757998,0.0003010997004908589,0.0036169793327029964,0.03019212491911194,-0.02239920193095024,-0.003919571208946593
2017-09-14,0.0007239751479914958,0.0017234510504859912,-0.0009041118789081537,-0.0013310572335338833,-0.006084481264116093,0.0018400856969202906,-0.006465844837887147
2017-09-15,-0.00011889934081033005,0.0009510938234544852,0.007650585198369697,0.005178523930965184,-0.002432296154632141,-0.00997615395272966,0.0036486929328525264
2017-09-18,0.006690166885736204,0.00467261664426033,-0.0027969424475342564,0.006200423415224421,0.004445018059943351,-0.008577317563069897,0.007147470756208918
2017-09-19,-0.0005467613092129398,-0.0006599383963621364,-0.00032042433328616227,-0.00579494315267759,-0.008253651853759258,0.0031783471639785787,-0.0032106557472619812
2017-09-20,-0.0006308353135597855,-5.738556779810722e-05,-0.001882944102828965,-0.0004596699150249961,0.010143925095605688,0.013719247820393576,-0.001421387447864575
2017-09-21,-0.0019000106152748941,-0.0009408814939551036,0.012494413598726162,-0.005287542849838012,-0.006870036800637358,-0.007392457005352959,0.0030495026723755814
2017-09-22,-0.015682651548189597,-0.013924081055975535,-0.008472271265651088,-0.008189559166964067,-0.0288790343641514,-0.004089189308369434,-0.009467640873452865
2017-09-25,-0.009255576609087157,-0.009309679237572865,0.0028517891442811916,-0.01343902434988209,0.005064332412336725,-0.023366343531597167,-0.012879852593719932
2017-09-26,-0.00011138612526195857,-0.0008499961836250236,-0.01448229539627377,-0.004147904651432555,-0.001766664609569979,0.0007621902517467305,-0.009467146001318483
2017-09-27,-0.013847140123070645,-0.01402037723669558,0.008189721187049415,-0.00885457615263352,-0.025877642637225584,-0.015164730318365294,-0.019188128183049713
2017-09-28,0.0034043309606843764,0.003929070432569404,-0.007462567130190223,0.010527066761722104,-0.016019431591225874,0.011729748388090933,0.020131874872550526
2017-09-29,0.002009394926277608,3.96455067406265e-05,-0.01648934965378146,0.005776048668891143,-0.00708220018291339,-0.012503674016675959,0.010185571654172776
2017-10-03,0.0072170540435649855,0.006806538140285312,0.005118184100278533,0.0017430326007659147,0.022100128484196624,0.011929972556822044,-0.011332213276455505
2017-10-04,0.005603258200375549,0.0055194879566151656,-0.002514954268048264,-0.006572695658475958,0.025353804314909745,0.022693844021613785,-0.005223829681238357
2017-10-05,-0.002646004749003339,-0.0025190316748560093,-0.005213500125950787,0.0008899326670013252,0.00645150072361389,-0.008072748840358024,-0.0020602644833100925
2017-10-06,0.009160338481320807,0.007008530412804248,0.006993164686588393,0.0008337748630973252,0.01553143006693869,0.003387311545124838,0.009171279791022613
2017-10-09,0.0009064103842391091,0.0010263699159942519,0.0030404429829706814,-0.0025588485697563,-0.007675219496245056,0.006926637390919588,-0.0008227791460697631
2017-10-10,0.0028192178944088653,0.0024311741640090645,0.0020959963430451367,0.0040020265995419635,0.014995504980497287,-0.006738889484631194,-0.00037990092795325836
2017-10-11,-0.0032147605398193946,-0.00283633158731611,0.016574504727421946,-0.006986089674064111,-0.0036237586178877734,-0.0030099291109948467,-0.008722285912789118
2017-10-12,0.011115046293774355,0.010879553740926085,0.018956525721335993,0.01587744943845326,0.03806875322429626,0.0060106624776548045,0.01005776129089675
2017-10-13,0.0070124970121341335,0.007752699923747386,0.004072870177414423,0.01744109959827078,0.004230418967281935,-0.003940317277382199,-0.003815300732147975
2017-10-16,0.00621616691777227,0.006176829415291962,0.010033016976474407,0.0034251362497563775,0.0003994063179311169,0.005811223534907484,-0.004091323874998665
2017-10-17,0.00035187229202726655,-0.0007504420290285196,0.003919894619420106,-0.0031820573891137016,-0.0027982518938634016,-0.0009350155925487158,-0.0003954978752389593
2017-10-18,-0.00230865740735986,-0.0007611355229055761,-0.003068745907381043,0.009274969425162816,0.044896800368944945,0.011532742776814153,-0.007021736879814
2017-10-19,-0.0063171151882635,-0.005983572590940511,-0.0010441302549191178,-0.010815632852843926,-0.005042813237822408,-0.0025925273769296098,-0.006825549569658307
2017-10-23,0.003767556695072116,0.0035983316452217196,0.0015465052867060791,0.008028699784745186,0.03227917380974876,-0.009688955779983743,0.011241557869841046
2017-10-24,0.0022410729134030305,0.003090552789020151,-0.0036776739779629253,0.002037425249822533,-0.00586977473395045,-0.00018715028487736873,0.007200395181497399
2017-10-25,0.008549942456257398,0.013257200038012229,-0.004482493706889024,-0.039325819405052975,0.0060294379889009875,0.008391731076665465,-0.000609626581365319
2017-10-26,0.004694988474485129,0.003161492068361582,-0.008256763840392978,0.00013923321283204615,0.007947843859246184,-0.003162118982780626,0.02482828981953844
2017-10-27,-0.002008047415511527,0.0003043493883740922,0.01774337392274461,-0.002397866834023432,-0.018697961288431486,0.0035332575196376226,0.005734625835932761
2017-10-30,0.003925288971652563,0.0032802156628068957,0.012267995980695723,0.013283369081461771,0.013512471551939242,-0.015715867483088175,0.009908310055019243
2017-10-31,-0.0027393276855445237,-0.0015954220328318058,0.0029772514565378216,-0.003587698434861508,-0.0017521856450875006,0.0020721310081039945,0.0019503523526953614
2017-11-01,0.010127272636955453,0.011588841963842356,-0.008092714852729443,0.006997974175803279,0.012358926946405724,0.015498496501128223,0.0033010729060549693
2017-11-02,-0.001600839619376515,-0.0008054005651452201,0.00891195553161328,0.0004939972258544145,-0.006266045474424331,-0.015686679804360892,-0.0015306809017534562
2017-11-03,0.0027495498399812135,0.003340529003189374,-0.0023063034805179683,0.004708707130603784,-0.0013742775238645422,-0.0009416123129604159,-0.0007781513313673827
2017-11-06,-6.699055403025511e-05,0.001353753168732652,0.01719762245587031,-0.0011477395707677474,-0.013633155057406476,-0.0018856418902784,0.010986338112060068
2017-11-07,-0.009773143593573508,-0.010742851350990179,0.01655692878970516,-0.0026832886168666192,-0.02805753417231749,0.0015087321375490959,-0.010876945950457184
2017-11-08,-0.004551338464516164,-0.0045638795396758525,0.00916406144186066,0.0012329878893320156,-0.021065162807143878,0.00037690975272930416,0.001422287760075136
2017-11-09,0.0005627572809849823,0.0009664878208024419,0.0005119480617432615,0.0010401407304128085,0.014203752695137517,-0.02036406846846983,-0.0033096679664357254
2017-11-10,0.0012408504033931678,0.0019117692147236909,-0.010156192875566461,-0.003205652188047914,-0.018662814833153796,0.006324833643014394,-0.002599443835304527
2017-11-13,-0.009422488277921914,-0.008470524622266495,0.01836278967434435,-0.004648588145187205,-0.009777652987277285,-0.013076963253040752,-0.009120673463961282
2017-11-14,-0.003757738283690415,-0.0027794456045384663,-0.016205095225429567,-0.006195009257745632,0.012996937369606165,-0.006798285823525596,0.0016941292845480405
2017-11-15,-0.006752154516988185,-0.005522853010257123,-0.003432188841625994,-0.0011658035559412028,-0.003389073663451647,-0.012749009698639568,0.0005292640828962192
2017-11-16,0.009511815914835964,0.01051763967948105,0.015169102429136494,0.0041296979359977115,0.022545623487018496,0.007081045103799255,0.004474910362072038
2017-11-17,0.006717601133431117,0.007102567536026783,-0.01443005447024337,0.009826137267526569,0.008867004737855844,0.011303984344245066,0.022366282622176215
2017-11-20,0.0014721733571541051,0.0005126526160026401,-0.0014231980338204053,0.006878407496575534,0.00976681892401654,0.004640308380054137,0.00921678859189079
2017-11-21,0.0027296504663745225,0.0035444748781880975,-0.011345934556523218,0.004396812721509491,0.012625664877514708,-0.013204013931773062,-0.00010092123243765627
2017-11-22,0.0014900834832811682,0.0024820818215811613,0.002876671499340233,0.004862945210110325,-0.0019320302925702748,0.009144880810485034,0.010432306795577162
2017-11-23,0.0006234768735602358,0.0007900965518956582,0.00022396639463995172,-0.006706122536819237,0.01730838541042612,0.0,-0.005860891258043566
2017-11-24,0.003949210104835288,0.0027103864678093004,0.0025327169848967657,0.004628824216069027,0.00432018659348099,0.010021408373782847,0.0028963921895943656
2017-11-27,0.0009475676238430708,0.0013412659957516837,-0.0008186740644138268,0.0033162295488882165,0.00026277101407767844,-0.005769409583338714,0.0024298774240882892
2017-11-28,-0.002821387244857476,-0.0031436556302555374,-0.00020482876675220751,0.004190291490732356,-0.008444648663553878,-0.00871650118506384,0.013489085955905367
2017-11-29,-0.0008634372203584206,-0.0004709255296013737,-0.0101620032123515,0.004252895491640096,0.002805213809030427,0.004077258667481765,0.005458076667485656
2017-11-30,-0.013090432150482556,-0.013585101870171812,-0.007988667659127202,-0.010517981157489587,-0.026185532992338167,-0.007780874251228198,-0.008366997100742068
2017-12-01,-0.01029576622432593,-0.009590833158453549,-0.002676870018835764,-0.0029714791171731036,-0.01250250137693154,-0.0033252351831158933,0.0011507430846879885
2017-12-04,0.0005876866933984815,0.0011195086318753766,0.0009122554240965641,-0.007658235657255652,-0.009383638150562312,-0.0003918064415291411,-0.012648024165629934
2017-12-05,-0.0009384570480310828,-0.0020488854676123935,0.0012144821370716485,-0.007470217001033674,0.01333123918005974,-0.00491199386162311,-4.688928562224248e-05
2017-12-06,-0.007355365457362595,-0.006277173760617316,-0.0008536603195992143,-0.009465241859214935,0.014073896163717237,-0.008903095050620813,0.013089719735505767
2017-12-07,0.012132334291871771,0.01074154141633521,-0.00611383328689552,0.003514980791475608,0.005273802968995156,0.006931487375177348,0.030868781419346902
2017-12-08,0.00968571564624554,0.009096499720392615,-0.006035975178984465,0.016849456700326115,-0.011389868526991975,0.03433549226210264,0.017836272594895064
2017-12-11,0.005498351059959106,0.006161024629937728,0.02265136071646978,0.003254980881423286,-0.0052800040174192375,0.015328117690778242,0.010073651732145805
2017-12-12,-0.00798545345762669,-0.006832296443713304,-0.018565683267421917,-0.014456348297840371,-0.0006003637891449642,-0.01781008398077244,-0.00026843125928621703
2017-12-13,-0.004619982079399065,-0.005279025749995725,0.006201807585862973,0.000796444362912041,-0.0010381163851302944,-0.009797466574387848,-0.001171991679678186
2017-12-14,0.005786200538018704,0.00584197500776007,-0.027228061956797056,0.009127327322386414,0.0074613509350696106,0.02006754633286345,-0.0008667971904028349
2017-12-15,0.007884326721782742,0.006483926408941798,-0.004781081567819534,0.019076395918362188,-0.0019009112062304823,0.0013236752592291623,0.005815528034531781
2017-12-18,0.005356638616710541,0.004136639452559265,0.013616865967700065,0.00293134926248495,0.0013580444628553678,-0.005305246315791656,0.015502343658621243
2017-12-19,0.007140867974317899,0.00697108718559214,-0.0020173245627628233,0.00294957312161781,0.005360314931653676,0.003981571056562494,0.05154314344908428
2017-12-20,-0.0018175387542651578,-0.0017558283009293518,0.005286188968071315,-0.008713901532379609,-0.008459670871357794,-0.003601406281353192,-0.0069208988609421596
2017-12-21,-0.00037352013889346836,-0.0006248041906076196,0.002604182357425877,8.023363253872873e-05,-0.005679575900749079,-0.0009500202486156795,-0.010622512526159866
2017-12-22,0.00503506920951402,0.005436610800121144,0.01947595663796875,0.004459352408361816,0.008127237609419247,0.0001902088036125349,0.007133663632753695
2017-12-26,0.003662397967502784,0.002069394469598862,0.001019732507066884,-0.004432539287446247,0.010161178607492438,0.003982914913957636,-0.00216729188107756
2017-12-27,-0.003876849627346246,-0.0029092265525534344,-0.011216083483026829,-0.006228154194286795,-0.006527918584867898,-0.0076003399223543155,-0.0036122643217151307
2017-12-28,-0.0012256021006660234,-0.0018824531678554024,0.002687692443742229,0.011406458301777,0.00048690734648815237,-0.0011451870232415118,-0.001546094053079372
2017-12-29,0.005026504801247,0.00614970813460225,0.027872481177934283,-0.0030130167904225402,-0.0034141656993034175,0.0053323591546936555,0.010367532935767088
2018-01-01,0.0,-0.0071925945023298965,-0.020798385695699473,-0.009605823034156025,-0.012344452596809496,-0.0036153608488289635,-0.008012948171471024
2018-01-02,-0.008439512288536122,-1.4440847774466192e-05,-0.0054576018665324355,0.009579207624621944,0.0015376635677686323,-0.005926604764593613,-0.010189691313685856
2018-01-03,9.576067320260506e-05,-0.0005586164946151939,0.0028271651099549544,-0.010577282476004868,0.003998041797268925,0.0015328095206532666,-0.014491001010886961
2018-01-04,0.005881209368789442,0.005202309976695574,0.006968265429353693,0.0039056765384586356,0.005994126088711305,0.001530546937594579,-0.0032281739155113343
2018-01-05,0.005132056867763524,0.005408160403147733,0.012008000297082155,0.001987244663543386,0.0032002605567349462,0.005148224138576296,0.005058334622834337
2018-01-08,0.006113570815584168,0.005807847454873283,0.009327337625072651,-0.0016110752380251725,0.005724280400145609,0.010217611457358444,0.0015994545282183026
2018-01-09,0.0012605846162134782,0.0026281301659967227,-0.00199130216161425,0.0016646956398433943,0.013265805651132112,0.01846558873959836,-0.006945561710518078
2018-01-10,-0.000451338529414258,-0.00029389207748131696,0.035394255809045205,0.00026833954263416615,0.0014867156167914786,-0.004259607859581571,-0.0008209653609423384
2018-01-11,0.001785429461323318,0.0020429796519803034,-0.005753175802214905,0.0044692778188499815,-0.004893340439505955,0.0014835491843054882,-0.0038523445509923704
2018-01-12,0.0028172876803278513,0.0025733052163410264,-0.0050837427501431165,-0.003879380504897334,0.011925356644914231,-0.008374472359011342,0.012697801160804545
2018-01-15,0.005629512900835465,0.007233208762214005,-0.010955211110830199,0.01724703977586195,0.00015796155379632637,0.0001868470590578042,-0.010703019237686462
2018-01-16,-0.0038335658715684673,-0.0020817760269391528,0.037435465615489605,0.0012640005777084795,-0.02799159223990877,-0.022294451123938686,-0.0038970881999489393
2018-01-17,0.008199553536430315,0.00889789000069996,0.013275901754936648,-0.005091561640199416,0.0016779368825705632,0.016485486767922275,-0.0008745973716308697
2018-01-18,0.0026336022006905324,0.005074318485201346,0.010073789137164724,0.022904188177541585,-0.005205574699846061,0.027251527862365066,0.00586654376777318
2018-01-19,0.007157479729841043,0.007101412709006993,0.01398589450646437,0.009211352169561593,0.01253394118555562,0.004197656810926986,-0.004788107765467231
2018-01-22,0.006541382438728149,0.008033565607872717,0.05409387326670423,0.005695325110421479,0.04225983742814332,-0.0032834252690019383,-0.001486707809252863
2018-01-23,0.010657745398175322,0.009507391448970282,-0.004631336375944706,-0.006156393428607743,0.012022139185578595,0.010722428073977497,0.00890753687855117
2018-01-24,0.0002074727827157119,0.0005991610304256767,0.023134395685264764,0.003249013754794916,-0.017337291411821276,0.01738234595524446,0.00441365644433489
2018-01-25,-0.0014758864718054099,-0.003079797826547548,-0.01701194464212641,0.008798237410434062,-0.00046573610152478295,-0.000710873272685042,-0.016753305997527335
2018-01-29,0.005472974115045659,0.006437094336401827,0.02462209453565567,0.012429159179125904,-0.0014505842350187592,-0.020112117668967144,0.03728849386483013
2018-01-30,-0.007281350035077239,-0.006900745020447019,-0.014484989244923696,-0.0020775641397579037,-0.014726923780102652,-0.0016337744063736892,-0.006160942759663612
2018-01-31,-0.0019884815852098114,-0.0019086708688593745,-0.012928694417229103,0.005098360093387377,0.011403615992329641,-0.013904250985510735,-0.006482869989996587
2018-02-01,-0.0009798141281294193,-0.001623988421583178,0.008398762036446072,-0.007280683946455646,-0.01831924351775882,0.01426760428035223,-0.011405728886149546
2018-02-02,-0.02353921393307523,-0.02366940990175692,0.0047838226039935705,-0.02190915110758951,-0.04275077371187841,0.00018158757458941466,-0.04472681576213411
2018-02-05,-0.008778620698306483,-0.008867789610764731,-0.01612663366195033,-0.017686307706078708,-0.002435710468847496,0.014064441741444611,0.009960533158601237
2018-02-06,-0.015904081654676716,-0.01627863375319727,-0.03473852237460662,-0.008948754087358068,-0.011202480455036579,-0.020805638666855586,-0.010628218813701906
2018-02-07,-0.002054814153954254,-0.003316719608948304,-0.014179933645347198,-0.012733474739419215,0.002574893287936142,0.006014490282972851,-0.007014289389227102
2018-02-08,0.00951385114581349,0.009648808816972831,0.006459920452528856,0.00434227307277002,0.01128435558320895,-0.0038233019311784133,0.012132104385075948
2018-02-09,-0.011592044448498484,-0.011909081327372562,-0.0008410619074235015,-0.01686176744793766,-0.0074345584169996926,-0.010083333623372326,-0.010530604802983845
2018-02-12,0.008078254517087657,0.008629047684049596,-0.001481552423883592,0.014573080317306975,0.019467391016704028,-0.005543326583073771,0.020134829037374402
2018-02-14,-0.0036928186917020156,-0.004222240959659729,-0.0188814360339018,0.0034576370658934152,0.01963136351000916,-0.012491960970563376,-0.012831770356648065
2018-02-15,0.004238223668407315,0.004134774773028482,0.004813733997171887,-0.0006639515951123443,0.002139670376444691,0.005985681972264345,0.0020696507102275774
2018-02-16,-0.008877197442513918,-0.008394558399020369,0.0024578549323246435,-0.0017552429088096844,-0.015455601287473364,-0.0061734638808141895,-0.020530091681463247
2018-02-19,-0.007095270288084876,-0.0069661738690971475,-0.003227403925269101,-0.00021286703672096507,0.006167814602233257,-0.008858666485121347,-0.012766547101511705
2018-02-20,-0.0017358770846751526,-0.002106466566024423,0.0072082251170009215,-0.008018454943969466,-0.0063852280883276435,-0.0032237976597322415,-0.0002521382108078285
2018-02-21,0.003569718731482041,0.004182767742248572,0.03259007856857732,-0.003117624903058669,0.008917049031556878,0.018628902066358144,0.006866466401891813
2018-02-22,-0.0014196242279194138,-0.0007495637709897807,0.002593438501324208,-0.0022638851822511796,-0.0053946133765281346,-0.004109814345451213,-0.01707604148124986
2018-02-23,0.0103815157790077,0.00949508639033958,0.008357804834281168,0.014650406042730602,0.01065328330715598,0.007274125160272149,0.007471446157577333
2018-02-26,0.008688611908416632,0.008852977050374022,-0.014441491109690396,0.016350162874503305,0.004751932778303214,-0.009335383701692734,0.0346337937782053
2018-02-27,-0.0026777647036340113,-0.0028886859222403416,0.0035067616523631884,-0.004719311804453952,0.012492092107057928,-0.0005628549735492427,-0.012756760636930764
2018-02-28,-0.00583930571419522,-0.004738095674193588,-0.0024026532203720308,-0.009691785034203981,0.004251841660354749,-0.005080577627505356,-0.004537218136738019
2018-03-01,-0.00329337054388823,-0.004018639035011873,0.0008730345346350532,-0.0052413267778286254,-0.006463667775563842,-0.0039695293514503405,0.0025389547775187538
2018-03-05,-0.009559475957880537,-0.008855159618899933,0.022186784476451393,-0.0023504032780463646,-0.02595585482819196,-0.014306217459820303,-0.008868949491853684
2018-03-06,-0.010636656924045695,-0.01281128569480039,-0.02050933475652883,-0.012755105718794901,-0.014442210088980723,-0.014514029416841545,-0.020515793498219637
2018-03-07,-0.009317099938462192,-0.00856397509139839,-0.005057311030017608,-0.007420730770019368,-0.023437631015728044,0.013168214496364072,0.007238653856463273
2018-03-08,0.00867298109371184,0.009595075471287018,-0.007792527723497145,0.010989205819009307,0.024096155782598494,-0.004048177922801877,0.005773177831136067
2018-03-09,-0.0015438368683504677,-0.0013330499031400933,0.009986454830513303,-0.0009719004595751812,0.001808653515308123,0.0015439678793569556,-0.007906963707425163
2018-03-12,0.01884484532635078,0.018172312225702925,0.005931338095525263,0.008713635250746421,0.018661573785832886,0.04099959308750645,0.017137543139286393
2018-03-13,0.0005227507223963812,-0.001804807764740346,-0.05569726776926842,-0.0037558275568088106,0.0016648396754543882,-0.002409365631032223,-0.006176591720400637
2018-03-14,-0.0015308007692347303,-0.0006217221510897986,3.4188643256882756e-05,0.002282043316047755,-0.0030091503347007276,-0.005209504086474581,0.010254522042407288
2018-03-15,-0.004886618546443344,-0.004448952164473496,-0.005975602535123414,0.008704320717381364,-0.018742072075056626,-0.009370375903738015,-0.0009897208887679199
2018-03-16,-0.016054597867947606,-0.01524191438339173,-0.015451392592177982,-0.014891375124841844,-0.012970270914664184,-0.01920033701296031,-0.018385614370828307
2018-03-19,-0.0099462005278248,-0.007651543192126908,0.0018738621652971688,-0.003107764514962419,-0.005068124884967773,-0.005195778995953582,0.011111799663625632
2018-03-20,0.002977420018467569,0.0022342471646403794,0.01188597640229716,-0.0042043445739716745,-0.0063853897733165965,0.0001929028734961591,0.003288678598178052
2018-03-21,0.003047438325628704,0.004216300449478183,-0.0028315971075869584,0.010491095797871886,0.00794757999218021,-0.0005787361602012098,0.008174362163968496
2018-03-22,-0.0039960585982843355,-0.003928198149154127,-0.008930475879154187,0.004749611338578319,0.012465210618773703,-0.0028993061457320835,-0.020272390061967016
2018-03-23,-0.011604700101594645,-0.012491410207017495,-0.004673267408331405,-0.0141268251422213,-0.0158157545019737,-0.008944570182904954,-0.010321500722222154
2018-03-26,0.013175466160795679,0.014311849211257055,-0.0004081116788618999,0.027792735941921443,0.0080223717299015,0.008169960689101252,0.0181956652794959
2018-03-27,0.005267107884641575,0.003260243328034207,0.0108391526971916,-0.00044890826121424254,-0.0014437201669537103,0.0030945076318635856,0.009876603154928887
2018-03-28,-0.006941668814761215,-0.006220201142447479,0.0005088935942998418,-0.003440273746543987,-0.01918709458929957,-0.013219245924878109,0.0009934134636147007
2018-04-02,0.009652935584410827,0.00865792791686637,0.02101232864164082,0.02363032828673539,0.011545112189358164,0.010705603973082845,0.016464563901433138
2018-04-03,0.003245886431761491,0.003460200718476969,0.0005495284612209161,-0.007953929350764,0.007364155005294748,0.0009676694423204069,0.0020238626212805144
2018-04-04,-0.011446384030859846,-0.010590856231148749,-0.00011999206126489526,-0.017188642950382693,-0.005182651193827326,0.00038682259693167964,-0.0014356303996567732
2018-04-05,0.019239306758981556,0.017345564781248157,0.016033801168121364,0.01352815603228219,0.014752505232250357,0.0040519992755871925,0.013127059837657384
2018-04-06,0.0006244175835536936,0.0008975388016949637,-0.0025895835742355544,0.007567430703796063,0.0030783548159307728,0.0046109718722986415,0.008026488463384496
2018-04-09,0.004611095715748803,0.004793277603008406,-0.008988450630124767,0.008103629414883073,0.00547337609670695,0.018798534722195726,0.00934685281887404
2018-04-10,0.0022039111834324387,0.002710584744390232,0.004674757615465985,-0.009430305609686052,0.0011457543033301931,0.0033804783193156496,-0.002068344446316317
2018-04-11,0.0014313950343947113,0.0017750164678531632,0.025724949066320058,-0.0010418328259866882,0.014935997341704699,-0.005828869728328634,0.003127652140531012
2018-04-12,0.003975900623256479,0.00472322428748484,0.04066603860177409,0.005172032630168744,-0.0023122041842134067,-0.012142063926109614,-0.010596153330377334
2018-04-13,0.0020964673318495386,0.0026801734973282976,0.004465550358395021,-0.001972186264710629,0.010869917121913986,-0.004591481202047554,-0.008784339591146662
2018-04-16,0.004545689717794232,0.0032929785769493236,0.010834257845264261,0.008843964285155437,-0.001919126890474132,0.01409002483718158,0.011773082726802997
2018-04-17,0.0019310664870140215,0.0026092669599258045,-0.006625204418811315,0.003290022849590457,0.0076543614059962906,0.011841071981369744,-0.007791548421112182
2018-04-18,-0.0021352422200404675,-0.001844374570987739,-0.0023712231156354235,-0.008193767188672929,-0.006640974697168289,0.028549744598900695,-0.004250024834309585
2018-04-19,0.0037076219486600337,0.0027810026345118644,0.010093966812670274,0.003306169196306108,0.00457374882493955,0.007237224742675075,-0.004818782360077378
2018-04-20,-0.00011831883371371532,-0.00034022225079866075,0.06411442190588001,0.008678211073439357,-0.015399811903805016,-0.004154875807015124,-0.00581687770051964
2018-04-23,0.0019528716532075663,0.0010220204936342014,0.0018209379315221597,-0.010355639254192361,0.00869153782867027,-0.0025377048650501166,0.004405825150740839
2018-04-24,0.0027972417319137577,0.004803174529595111,-0.006770604919797307,-0.00038745192858868904,0.035732099965164466,0.0018132355477664674,-2.204356109558603e-05
2018-04-25,-0.0041350082660205345,-0.0033383879992463505,0.02468083790370823,-0.007391615682178276,0.0004638865149777516,-0.006907888191992839,-0.014450949658971979
2018-04-26,0.004460005540256162,0.006135464647366362,0.019688016765509353,0.004933786870461532,0.004984906196733974,0.01502692728123911,0.0013255814239503394
2018-04-27,0.00699201832749452,0.007350363901007739,-0.024975554150075574,-0.0035550175659890826,0.02125205356379123,0.004124406641483169,-0.018399211999819087
2018-04-30,0.004390691482923259,0.005437343980803533,0.022953415719223713,0.010807466199461047,-0.03368358524935111,0.007310499129489223,0.0035914828915046826
2018-05-02,-0.001985311572246573,0.00045673117233313576,-0.009201363566741172,0.012877652925777916,0.009710917518192197,0.02039807213305256,-0.00802439275082989
2018-05-03,-0.003589119852419387,-0.0020854221042778676,-0.005127497293802463,-0.0008126788978568555,-0.011477107693800725,-0.00786365340095685,0.0013086183290180742
2018-05-04,-0.005765879228025739,-0.0053632144773327894,-0.0003160426061299404,0.010413549144787204,-0.007987303067464424,-0.0279304828660214,-0.008919364239924121
2018-05-07,0.009117072584576391,0.008349935134036812,-0.01732949019306762,-0.005597623070070057,0.017715090391015487,0.018234514567882165,0.007519278126220996
2018-05-08,0.00021460108497350916,0.0002322967738166426,0.0059018506711190355,-0.005247980389315288,-0.004024558262892164,0.0015929985207820963,0.0035963541941406163
2018-05-09,0.002227489038162389,0.0029213962393317416,0.013881027910666255,0.005753475978183431,0.00987767082266,-0.001415804693782441,-0.006499642694006269
2018-05-10,-0.0023441242544581797,-0.002071321877320287,-0.010964561301673115,0.007202071962552736,0.004545869936751323,-0.007645340370670439,-0.0015382903712488627
2018-05-11,0.00835854768056521,0.00818063649523637,0.0016499772805902424,0.009514522527314107,0.00822161485937034,0.012415822943777854,0.005196283547137526
2018-05-14,9.217500201330608e-06,0.0005885817942541394,-0.006791705346233634,0.004958496922678357,-0.0026823354673961575,0.004046199982667531,-0.004960723725451643
2018-05-15,-0.0004396428478905534,-0.00035919589951483033,0.014126884756154645,0.00790736488555055,-0.007784048616048089,-0.010412094499982594,0.0022486131194145997
2018-05-16,-0.005639911268794151,-0.0044003594193497975,0.003296976150386932,-0.007116323427151627,-0.023565846140041202,0.014092094387733844,-0.003558848287083194
2018-05-17,-0.005451839472282671,-0.006769744229098151,-0.000601227325269349,0.0021722075281722653,-0.011359638489028434,-0.024434654679288847,0.00021864292607531866
2018-05-18,-0.008111271197455139,-0.00859523555130437,0.0029310553571564313,-0.007722943649945968,-0.012239301953004045,0.01193797223576265,-0.02168215581110644
2018-05-21,-0.0075498691977653465,-0.006684651139737596,0.01549847421893169,-0.009537625771375957,-0.002680560110939645,0.00017708524678372584,-0.009734774289480441
2018-05-22,0.0018999311888006076,0.0010137350221963715,-0.01354448307341194,-0.00158174626058738,-0.004951351864904474,-0.012832304064979816,0.015557365939647738
2018-05-23,-0.01014463160082002,-0.008879630086902068,-0.0039405565912185025,-0.011320785821324009,-0.015769817236198413,-0.019196501887671857,-0.0074159102406898825
2018-05-24,0.007973610404251374,0.009222159282298747,0.030598924574520403,0.009358897837726587,0.0039383911580896935,0.00510681138518887,-0.010249596144047857
2018-05-25,0.008646370571623763,0.00752322316595766,-0.0049794724470828555,0.011365110453991356,0.00539037615759419,0.010329907107555769,0.016204237129509025
2018-05-28,0.007842698337412912,0.006865718741339677,-0.023632886681738796,0.01653996593110918,-0.0004345850353590919,0.010956866399427057,0.01867630755276295
2018-05-29,-0.005191899405586398,-0.006168259018254574,0.006106402233350572,-0.004711855939799392,-0.003210110543864886,-0.004550741193630969,0.0006430487612565372
2018-05-30,-0.0017837455774767363,-0.0012348063012233013,-0.0026715480393955104,0.007718911745057788,-0.001472721742509897,-0.007876342155587857,-0.01464518274435811
2018-05-31,0.011409765823806595,0.011854858806042756,-0.0008610583813970507,0.04988084981672891,0.00571454168433938,-0.000919905793995035,-0.0059560471898425504
2018-06-01,-0.0037280317361396698,-0.0026964629242538507,-0.004951953789586128,-0.013576460862786632,0.009935844766857826,-0.006277648987363271,0.03132384220567097
2018-06-04,-0.006349484132678995,-0.006132527558609269,0.006788191348534589,-0.030987780674554877,0.011007852410856778,-0.00389724486438503,-0.006720321078425684
2018-06-05,-0.003331469647161356,-0.003108907020266116,-0.013070678185536089,0.008467662107296547,0.007201472508683082,-0.0052198797957832,0.006896344866266446
2018-06-06,0.008600565909908653,0.007867042524813073,0.0024077348176971825,-0.0030334844194781496,0.007097647317182876,0.010782745393116855,0.003619725075612479
2018-06-07,0.0078030712197687535,0.00804623099331181,0.005662680255352548,0.0023546324765906235,0.017603973173891063,0.0024007640548324716,0.007761826010623807
2018-06-08,-6.493487650871543e-05,-0.0005473738532515426,0.006632592265976456,-0.006250603365716145,0.013294714758069759,-0.011689207477333596,0.002376283745286756
2018-06-11,0.0017907833428196795,0.001122190428818115,0.0014873790336809023,-0.0034460979503760925,-0.0017283880251763861,0.005026480070640993,0.010047549011970247
2018-06-12,0.005168752278610356,0.005874210880087105,0.01773041104394757,0.0007586587715104898,0.014648044092689716,0.0037069328471011076,-0.0006542325410237027
2018-06-13,0.0012765783569825828,0.00130588085936445,0.023911909799148034,-0.0060853833554173065,0.005350995129954406,-0.008920248135527054,-0.005493823034177225
2018-06-14,-0.004491210136475132,-0.003906420305689551,-0.020240669516919496,0.002924562337581982,0.005421698682205545,-0.002242510684856036,-0.001043270714578881
2018-06-15,0.0008924907821068473,0.0006267817660994268,0.02894673365964273,-0.003835702319864076,0.006181455852641626,-0.01034336216867171,-0.0007147597961019159
2018-06-18,-0.0016514905857452078,-0.0020761139561784603,-0.006023303780255951,-0.005162066569815771,0.0013302972591020534,0.00018912055966868735,0.002438016885568217
2018-06-19,-0.008312290355956264,-0.007384050985496771,-0.002463614849697926,0.00215200218566558,-0.01938812308964888,0.0056539967323603335,-0.012430079374155412
2018-06-20,0.005734879851344132,0.007357787928896187,-0.001124114060113257,0.016006619479644435,0.023024836184375452,-0.008682362539235378,0.00962332576489544
2018-06-21,-0.0028773301453846045,-0.0032386039980103476,-0.0017025207971617107,0.0007049779078860396,0.012383223505099572,-0.01105644683288709,-0.009572419747538419
2018-06-22,0.007489734048952812,0.007232982399470345,-0.00526307704642015,0.012436987748154493,-0.01902770928727371,0.016350184419012592,0.0013361568369489873
2018-06-25,-0.005503960244404027,-0.006162193316962217,0.005208302159039668,0.0055523972382225395,-0.007982469291741623,-0.009663637071878561,-0.009271196485915567
2018-06-26,0.0006223592623335605,0.0005548870385787552,0.01784170811319008,-0.0005968037079302491,-0.025714741831942334,0.00834276704777448,0.01561157258180046
2018-06-27,-0.009118299083683112,-0.007720041015900847,0.003234531071362845,0.008986606922661622,-0.006809677118949864,-0.007771734939546526,-0.0037075625082216845
2018-06-28,-0.007742169031780932,-0.005109096264300561,-0.008269053980752616,0.008601584954046615,-0.021876507241414878,-0.008600320125717431,-0.014375036185910517
2018-06-29,0.01175414630752769,0.010951960298015706,0.002736857403236037,-0.010567922619357795,0.02868660779149046,0.021645179406419857,0.006171427128201401
2018-07-02,-0.005334194556937177,-0.004500645856076346,0.0019465799515971938,-0.016835643029017078,-0.012260564567633025,-0.011903772367229948,-0.000515510961136556
2018-07-03,0.003989347109783381,0.0032329172533867023,0.012186923510796532,-0.0014721819017502469,0.01107729246474598,0.009082282375717732,0.017318816068060627
2018-07-04,0.006520810207044647,0.007512900707231651,-0.004224495740735357,0.015980991861755278,0.01917068392585808,-0.003963524292950105,0.027002102547045936
2018-07-05,-0.0018727438548928887,-0.00198954591787448,0.007553925424539365,0.009557121004643676,-0.026196266052391337,0.030175790390456037,0.013599106185854026
2018-07-06,0.0021280525268192463,0.0023390653650672277,0.01721514631143517,-0.0040577106955268505,0.013439625532519983,0.0005502136744359731,-0.003166446856610605
2018-07-09,0.007421810355795699,0.007734342368852509,-0.0157805286821171,0.004951771253542958,0.01980156460494875,0.006397850613174327,0.006141519564405229
2018-07-10,0.008655921796766108,0.008449101391285296,-0.004204139790181749,0.009714634476989836,0.028279652422381396,0.009611196961381907,0.016513842992347705
2018-07-11,9.58920600453439e-05,0.0007256987808830218,0.05438432724886866,0.0008615195414876098,0.012690871152737593,-0.0047032590247475525,-0.015469203190130898
2018-07-12,0.00681798518714416,0.007758963042185485,-0.004327686883459414,0.008205295361583431,0.041068370748833516,0.005244593218516336,-0.004025225747096073
2018-07-13,-0.0003901447346432718,-0.00018555880134663028,0.00493349545152455,0.0068787844220041805,0.015993746084586924,-0.024836966710911845,0.008951926151656409
2018-07-16,-0.00747423005127601,-0.005979793670377376,0.004080358947319951,-0.005540608125870428,-0.02169196031608589,0.004428087132049008,-0.004862714271263613
2018-07-17,0.0064890199591900455,0.005386651105819595,0.008501949369501993,0.0036357902554779997,0.014895012561475518,-0.006464099676146695,0.006383258849105289
2018-07-18,-0.002510368953707598,-0.004020109471296607,-0.0009494431290537619,-0.0002527729423045244,0.00018311995303221806,-0.004829290699199795,-0.008356384674016226
2018-07-19,-0.0021288243184773847,-0.0006108226443082287,-0.009468308361478606,0.00453921465849394,0.011195026373655992,0.017533020257316068,0.002378014927913341
2018-07-20,0.0048345212961500295,0.003984779565497476,0.007641947807640825,0.0013485298952744529,0.021312812435764883,0.002558151118286389,0.0010484316441203845
2018-07-23,0.006748156201298983,0.006070647660468609,0.004522437071810437,-0.015004531661041653,-0.007425831459128673,0.036373975479294884,0.031631007445108494
2018-07-24,0.004460126536743658,0.0028962391046380986,-0.0033211498350853574,0.0015290694134106886,-0.008381026466454777,0.005265097583731837,0.01345912728614529
2018-07-25,-0.0002065726875013496,0.0008992239511727007,-0.008792820993908101,0.004896113083177944,0.0037734272129021917,0.001748840429335985,-0.007503207867504358
2018-07-26,0.0031660038191816398,0.00342376394256938,-0.008514551082465793,0.010199361255357253,-0.004043415090418279,0.0036626620687822964,-0.03787408670273784
2018-07-27,0.009895076656935231,0.009478108252537254,-0.010720541875269163,0.004346237762971938,0.017139517388477188,0.052067756559813105,-0.009178705794322894
2018-07-30,0.003646377940500045,0.004210730350720837,0.0004372271845465292,-0.01475293670082678,0.018893788901274355,-0.004970193873770512,0.007650089478861588
2018-07-31,0.0032589651490724236,0.002987438408029064,-0.002265238054689256,0.004414324262213221,0.02960744337154697,-0.011189953454150192,0.014670369864505872
2018-08-01,-0.0009073639087464613,-0.002261655898770698,0.018536454217041864,-0.009589390078136972,0.005339941918915514,0.013015151833048577,-0.01897505964507573
2018-08-02,-0.00898597941968049,-0.009545561830080374,-0.014318967691026252,-0.013290196430658874,-0.020333557240345357,-0.007989241123548041,-0.02155449114040131
2018-08-03,0.01027189225596814,0.01046564935428762,0.01581046892973159,-0.004021876127644042,0.007333845901811742,0.015751005222051084,0.0048665883589258385
2018-08-06,0.0023122852731845,0.0036075516786233663,-0.0019720846546205095,-0.0034702722775188377,0.013209425501891303,-0.007098706881897954,0.010761368173922037
2018-08-07,0.0002064040397691258,-0.0006924268593042626,-0.004159554145336308,0.007820522307335764,-0.007068485442046857,-0.0023221649341795825,0.013381558042496522
2018-08-08,0.005302224530419508,0.005870247230433279,0.003374563787406082,0.0025545562918010134,0.027896285143061306,-0.0004982837568148213,-0.021924804109833218
2018-08-09,0.0018062450766347382,0.0036045098231891615,0.0001772857203228284,-0.008390556429623608,0.00020557421775002638,0.005137092376837238,-0.006685624378842903
2018-08-10,-0.0035982427589171806,-0.004088377357291506,0.009452061782241117,-0.0019136487679114467,-0.011353740563269987,0.007574642434869716,0.00024063978335497893
2018-08-13,-0.006473508743511047,-0.00594147597092487,0.0035309758265764657,-0.010841504848031036,-0.013796774793493505,0.0037656691331164893,-0.00739493296213567
2018-08-14,0.006963314782769459,0.005486373248986709,0.0016983744667884437,-0.0012197379940088737,0.019097491538456524,0.006353399537543325,0.014531516485460472
2018-08-16,-0.004386464262815082,-0.004990807216499249,0.0024675290525761895,-0.00643487875289761,-0.008128346284993704,-0.0014626118440839164,0.007412708656731937
2018-08-17,0.007499242877782919,0.007520599051728638,0.002113666727088237,0.0007946939127201347,0.0024539320901633133,0.02028408022081507,-0.005279953131342552
2018-08-20,0.007036623669863573,0.00868130144289836,-0.0013919992984758878,0.009032897938801021,0.02554813350437879,-0.0014351847877929202,-0.008531569442061127
2018-08-21,0.0016564186786638402,0.0001828523668159221,0.0038234728863049128,-7.149046239351975e-05,0.009911031437488838,-0.0012776258253808237,0.004283233221341831
2018-08-23,0.0010235630416488561,0.0013315075463413706,0.008611527184726242,-0.007734837214256274,0.017682824160876187,-0.002880520457699376,0.011998107601648655
2018-08-24,-0.0022169894415107194,-0.0022186334245528627,0.003874538806841521,-0.004843561182849676,0.006321211435554197,-0.0051415103610725765,-0.0064720704992495826
2018-08-27,0.01160065459554005,0.011496737505215293,0.003859226011392103,0.005107973548217792,0.010899311422024383,0.009618757071461204,0.008848988879913477
2018-08-28,0.003973450407027457,0.005220210443516393,0.008883325545768983,0.006897820750573658,0.02106956519933334,-0.005599663276115052,0.019569003203109503
2018-08-29,-0.0039777101577751495,-0.00447566339856742,0.001352309542672181,-0.007835513154256901,-0.018981196572918968,0.003683463228266959,-0.0063687460293522236
2018-08-30,-0.0012923772322022131,-0.0008481292215982705,0.00500677247741077,-0.0059836315431391895,-0.015377968622850346,0.02228818498105145,-0.017476354720338705
2018-08-31,0.0003168341695651833,-0.0011645737378636056,-0.001922699932354277,-0.0023745840097593174,-0.0260734648115184,0.0,-0.01195504367128386
2018-09-03,-0.008438430776074313,-0.008642496519192022,-0.012344897603377092,0.006696987208298033,-0.010118348627648821,-0.021010492338674247,-0.021585912772767557
2018-09-04,-0.005371674285374439,-0.0040433365893512985,0.022159985194413423,-0.011267768494688468,0.010359854916248246,-0.01156084858277584,-0.003787173402205468
2018-09-05,-0.0037699864738822697,-0.003665538100616317,-0.00940618054544995,-0.0029040705343730266,-0.012110645943488763,0.002097454557683065,0.0031071936711430936
2018-09-06,0.0052099348340703955,0.005887683181157399,-0.0019015126713188835,0.0030988956480983987,0.027650040508634177,0.0017711914501337134,-0.01543408068580554
2018-09-07,0.004514339479237961,0.0038367964454533166,0.0021900106930621277,0.0023118833628918978,0.013543509779879948,-0.0011267525432598902,-0.0046512367779012465
2018-09-10,-0.013115113390098188,-0.012256377489611836,0.00043259103428994194,-0.007710768904326315,-0.01795313074702065,-0.012641981278123104,-0.009194361287631736
2018-09-11,-0.01325393534778918,-0.013514267836930216,-0.01671926324200257,-0.020166273552894687,-0.01455776569418088,-0.03097558043481996,-0.014263210801585657
2018-09-12,0.007273628261968312,0.00811471534919761,-0.0011248739551668052,0.0057076197857561795,0.011886914988228803,0.03179079967961762,-0.002715822617734176
2018-09-14,0.012698371727609015,0.009832200624376952,0.010439729886345006,0.008783953013650425,0.0005187501448133958,0.0011401498508298857,0.015507850327928452
2018-09-17,-0.012008224872722906,-0.013349949558426388,0.004227435069102725,-0.0185992087325193,-0.021985298313111024,-0.016909187761405597,-0.010358723303982131
2018-09-18,-0.008725935642450722,-0.007875437916032624,-0.0016405178997418446,-0.0015069667242704199,-0.007163109640886844,0.004130440086898446,-0.01637268870923414
2018-09-19,-0.0039577439421343286,-0.004554471509685243,0.0034468698599878778,-0.014099552434138296,-0.005272003451448626,-0.0119424467538094,-0.022735179131915473
2018-09-21,-0.008155577062129993,-0.007561056175257264,0.012078644343757716,0.004527395593513006,0.005559406933240751,0.014248237208780878,-0.020947743203608482
2018-09-24,-0.015893165427847578,-0.014671673099574178,0.04431609990148733,-0.022870896887485337,0.011880103776337414,-0.01993761562062346,-0.031215429963179275
2018-09-25,0.009081113743931724,0.00951358494358523,-0.00696070928112924,0.013769886683950183,-0.0011777867200173375,0.010682877845576755,0.026140468534972428
2018-09-26,-0.0012341429492082057,-0.002999935859806513,-0.01898167397471262,0.008059934000861801,0.016761008614968098,-0.026924200555759725,-0.019808655499044647
2018-09-27,-0.006921982157626516,-0.005986248356244062,0.021566435116828764,0.004031221733438173,0.0018764210975685813,0.0005117570870378785,-0.03761261474654454
2018-09-28,-0.00429977012414362,-0.0026748325980374688,-0.0023560782876508313,0.015016984450555881,0.003344139298656401,0.015058224800783115,-0.02753002379892422
2018-10-01,0.007097025685968816,0.008219606821276315,0.03237314068618602,0.014549325555338832,-0.021087902544810966,-0.0021856049178836656,0.015663336410010942
2018-10-03,-0.013724356268051352,-0.01518645138090946,-0.04196674380053356,-0.0021145911031732467,-0.02183293186732449,-0.006415633237385698,-0.029635227159880984
2018-10-04,-0.024141915818457704,-0.02267216772735381,-0.04639341843146649,-0.03680634026474561,-0.07122692299551403,-0.027822546220245492,-0.006542207722171511
2018-10-05,-0.027043516339215756,-0.022782171428334053,0.018165085979930495,0.003849031544373105,-0.06764122159166064,-0.03761968933483306,-0.041755548395544295
2018-10-08,0.0030583497307539176,0.002829012521676333,-0.012008878326442485,-0.0103829634862862,0.05612498211010575,-0.012006594336712695,-0.0021169343737739155
2018-10-09,-0.004552264462336808,-0.0050865420310248766,0.006835537312344542,-0.0022646713111322825,-0.017595786780829847,-0.01735339183521223,-0.028009334554337073
2018-10-10,0.015322168649223755,0.013363056478324253,-0.02331220648195398,0.013588505005793117,0.010993922900739861,0.005941394703975256,0.04186110529744269
2018-10-11,-0.021788921165731168,-0.022098620572839067,-0.031641386324330334,-0.015161464270440739,-0.013060140579165491,-0.018308191154683406,-0.015922252736565667
2018-10-12,0.022973713528550377,0.021312586751802698,-0.031631971531043135,0.02260642844250782,0.03500250913010117,0.03701391345347815,0.058155025896338586
2018-10-15,0.003812251460013627,0.003779485319341802,0.016133166197873194,0.013133394401240395,0.01164916623284551,0.02618061739696209,-0.014541501065126639
2018-10-16,0.006849260681022429,0.008493244668628108,0.006544614436810647,-0.007648545076509805,0.02088150183387416,0.0005308178686194154,-0.004339666866346903
2018-10-17,-0.012520502809902467,-0.010949239322430415,-0.016908297611859524,-0.009149753342762246,-0.010798744303200714,0.013354574592194801,-0.037806032202198026
2018-10-19,-0.014405306077946989,-0.01342947539966488,-0.008431848454926616,-0.003475131632176165,-0.04440043531529714,0.010418505325658245,-0.01893461179644973
2018-10-22,-0.005674293551713561,-0.005295848149728499,-0.005345626407272874,0.015706294243122088,-0.03572546979700686,-0.0032872705222253273,0.008217436713387372
2018-10-23,-0.009655817945699141,-0.008447877238348056,-0.02958022383065284,-0.007053641836135327,-0.007509445226053124,-0.008703456166132995,-0.006022064758834489
2018-10-24,0.0076528861573859075,0.005501698950434175,0.002627337190345358,0.003721233167649274,-0.008522163451186948,0.006100193027652523,-0.0004430013823668588
2018-10-25,-0.009813476770965224,-0.010155153006394357,0.0024315127564609185,-0.01184041828185567,-0.014399103439461491,-0.0006952207680166467,-0.006685656689796815
2018-10-26,-0.009417173007403079,-0.010166683867744553,-0.02951956720120119,-0.0038676894747995405,0.01358593876748504,-0.023398157445256196,-0.0008781097179113573
2018-10-29,0.02177998889500543,0.021303829098490823,0.0391867665312402,-0.01795540321132183,0.0402362455679004,0.009213539440140472,0.01204523251267453
2018-10-30,-0.005129707325393085,-0.005187573463919293,0.012640089137047283,-0.007059097628234312,-0.028722461488505324,-0.016179680668121144,-0.015071779195354296
2018-10-31,0.018285592676591023,0.0161249283209024,0.022620717447139782,-0.0005229978655227896,0.004012592489767819,0.004114142319840752,-0.012108346410615312
2018-11-01,-0.0005922280054289075,-0.0002927673276698073,-0.0012390743181942554,0.0002353319132284426,-0.0047225587245876,-0.009686060879295688,0.014308353167436394
2018-11-02,0.016485931474335302,0.0166953616666774,-0.011587060068777966,0.01929291547882972,0.017502758361917614,0.02086957635785769,0.06121557871197325
2018-11-05,-0.002751816510906835,-0.001735973320569073,-0.011881504567068824,0.0033543514616081183,0.01422521745677141,-0.012970163699963067,0.005841033151552821
2018-11-06,0.0005699629678375118,0.0011720510809123397,0.021891581502867297,-0.004843044116142892,0.012577677543237797,-0.008260009338349583,-0.014348718619721978
2018-11-07,0.006474757039788059,0.0069990593732693895,0.004877800816750266,0.00583943284593591,0.005959784858181827,0.00986834234505718,0.007449143564013383
2018-11-09,-0.0012462656636174074,-0.002248101611387554,-0.017111676004182286,-0.0064303734263866374,-0.0156525092359745,-0.010048612379883082,0.021594763208829804
2018-11-12,-0.009778218363148738,-0.009877310520389315,0.002955405475092654,-0.012595698248473397,-0.012376836266898117,-0.012339136251124927,-0.027236452545306378
2018-11-13,0.009523094254035414,0.009477256685588742,0.010441884333379114,0.003481459171331913,0.017849092899814956,0.010895264545798256,0.008800328793816092
2018-11-14,-0.0005860630609664241,-7.113743989783927e-05,-0.028463898466014825,0.01544251553255993,-0.0013652436939572965,-0.0014459594856788271,0.030113480329681863
2018-11-15,0.0038126211073077343,0.0033678022018239773,-0.0041564053125249245,0.008848472670996976,-0.0010023980156521617,-0.007078750442829573,0.014716679808557842
2018-11-16,0.006150571652506542,0.005560746533896932,0.007315288895761718,0.01465057719228291,0.027471704169795608,0.00744053296570879,-0.018503119416173774
2018-11-19,0.0075727031311441095,0.00892072896320073,0.008366199854181744,0.004778240580174398,0.01984780555518917,0.028341598112895383,0.009550643900919198
2018-11-20,-0.010009625523730747,-0.008431481709118671,-0.012801988032780542,-0.0007202808225059698,-0.0110170075449183,-0.002287285975787867,-0.010538780202338671
2018-11-21,-0.005283201056794695,-0.007774035892492037,-0.035909344303384216,0.003125588817676217,-0.02177571554354696,-0.007425722827499648,0.012271087541025238
2018-11-22,-0.006939063131570222,-0.006234807679529553,0.00030353634655444495,-0.006585148019699005,-0.009071446722890286,-0.004446558763305575,-0.00180650064561938
2018-11-26,0.009628807669070483,0.010608134618708576,0.018340528069022533,0.021848852916798833,0.006236923215957368,0.01819361297601052,0.01919109129374874
2018-11-27,0.005348559924643226,0.004489036536700297,0.023633637869730606,0.006903570813105553,0.016488779328309278,-0.002804581883255608,0.012222000351568951
2018-11-28,0.004039334223781665,0.005722557710788223,0.048355668045947375,0.012159252693098033,0.02144009197605623,-0.00934678134840805,-0.009644295135299075
2018-11-29,0.012030281638230278,0.012616041429263092,-0.011839351345293458,0.019809729950181598,0.0136573128409756,0.018780852325449793,-0.003630582303532748
2018-11-30,0.0016608635822539242,0.0006602838747920003,0.003919530902177115,-0.001220865091063672,-0.0008132899611794642,-0.006104373685909437,0.015103729164255952
2018-12-03,0.0006433675918700033,0.0012894051578822285,0.0071634030743288335,-0.0071431072488294944,-0.009552653889349116,-0.010022160621707243,0.015329228862199784
2018-12-04,-0.001310149245590253,-0.002948284037927351,0.014249148145175639,-0.013218137619256609,-0.003595182929554852,-0.003895182469036307,-0.0075219371360315535
2018-12-05,-0.007999119688822276,-0.006939846884060685,-0.002040761402470892,0.0065237118675529615,0.0024705883092881464,-0.02333207167936191,-0.021944248546738265
2018-12-06,-0.016999059579474007,-0.01607644368918848,-0.007026147558334195,-0.0010248142321769294,-0.027647940079954303,-0.008388116130671364,-0.04665637316816351
2018-12-07,0.008692278636605266,0.01017460819847571,0.001253867328425251,0.005018331033445733,0.008992403017156647,0.0036557505015659686,0.014356130896093333
2018-12-10,-0.019380130942288076,-0.020204602353853574,-0.009770845050961263,-0.0089841288941086,-0.03916782688493203,-0.01322336081095532,0.004984814400025073
2018-12-11,0.005770654643793449,0.005428445802714066,0.012173754625889543,-0.014078293003291442,0.006673443984295702,0.015592420827320375,-0.006161474625125507
2018-12-12,0.017706239057753592,0.01773814265330742,0.008364929958434963,0.012425285706799016,0.01172996352377087,0.004902280444185614,0.022535724028116988
2018-12-13,0.005011838341028252,0.004199504685486133,-0.017102864806339824,0.0076434483377134654,-0.0031115238199825868,-0.0027205992669196988,0.026239117607152806
2018-12-14,0.001287252168767239,0.0009260780282129843,0.0035996728060929684,-0.002668476548722154,0.004641171668512634,0.0016333560947670023,-0.001089146687215603
2018-12-17,0.007642719885811999,0.00850421486231312,0.0022842002141896245,0.016328167510931024,0.01578904919701607,0.014758937165426644,0.009340050011612533
2018-12-18,0.001867279474327077,0.002120927164565245,-0.0032394740813623812,0.002461427617781453,0.005736473238502349,-0.006093143394077849,0.0049399631027657875
2018-12-19,0.005357446474361538,0.0037689829028213495,-0.009807149945652682,-0.00563524127230508,0.00035177217215665024,0.018875166966157764,0.020836662804127215
2018-12-20,-0.0014233871991216063,-0.001444299170371366,-0.007342365182115174,0.006571348214041706,-0.007372215076641098,-0.0028262294299148394,-0.01638212975557707
2018-12-21,-0.018216934800353357,-0.019110067679450893,-0.030263193006946132,-0.012380724964068612,-0.02535320807681085,-0.02109494337484641,-0.03529580163422352
2018-12-24,-0.008451083331975084,-0.007636981444788304,0.011902699851289888,-0.014552266425366334,-0.010094345004273642,-0.0027136311719386796,-0.0009493210023823195
2018-12-26,0.006202845587194972,0.005056049624187153,-0.015390267719212147,0.01984346143800586,0.008411485299548715,0.0023522646123765867,0.005292026059070309
2018-12-27,0.004644453671962978,0.004403756322354013,0.01040020057892832,-0.00818457089305813,0.019698180614619254,0.014711504381421214,-0.009177638403516042
2018-12-28,0.007403148015077576,0.007496487724791834,-0.006780685708907441,0.008443634103939779,0.004764564684501593,0.005328614130636566,0.0007463046441138488
2018-12-31,0.00024393326276062055,-0.00023260432701377454,-0.0015834285311555618,-0.0005653599258597097,-0.003827730498662696,-0.0021281306198579486,-0.005350357800100625
2019-01-01,0.0,0.0,0.005137040711392871,0.01236612842073459,-0.00022293826728514432,0.003721148340240177,0.0015125264515649661
2019-01-02,-0.006469627145012424,-0.004914100163132318,0.010715996520797688,-0.009166375608682387,-0.013109614944657011,-0.007456195360598272,-0.028344334547604433
2019-01-03,-0.011204533761500102,-0.010582197324715992,-0.012215217368287234,-0.007876700873095999,-0.01241407029434427,-0.006256120178474767,-0.008831037970011835
2019-01-04,0.005149603931252855,0.005094622729043152,-0.012232196828014352,0.0026719138654627272,0.005384682139632169,0.007502889394027434,0.004231629721704877
2019-01-07,0.0041350713736179046,0.004334566197703893,0.01115292999376738,0.0015099593528855593,0.005536877988007838,0.0024882778048054277,0.01747725124819155
2019-01-08,0.002813634562549794,0.0036410327618128235,-0.002294680847716002,-0.008357699639852001,-9.045149091502225e-05,0.009188966195518233,0.01046513759595058
2019-01-09,0.004894433183400437,0.006426622207087007,-0.0034917972424048926,0.006540734691325767,0.0055069482022647165,0.02140522988831428,0.007152451218230382
2019-01-10,-0.0030955570407567023,-0.0029427848709655535,0.0008476048129324454,-0.003928846660044449,-0.002930236535517494,-0.002758644596814186,-0.01361174002446397
2019-01-11,-0.0024656504210334163,-0.002680674430866503,-0.024658590023845406,0.0016112027878252277,-0.008569359620917538,0.019660354678309844,-0.009665667990132576
2019-01-14,-0.00532688623236055,-0.004349404558272596,-0.01602976564545955,-0.004865102031935464,-0.0011390143949014941,-0.0035613404181757957,0.011976404641931282
2019-01-15,0.013799464213668955,0.012879695329607088,0.029640409331772588,0.009588871213914274,0.029511090008728758,0.007616045752929956,-0.007254230025079522
2019-01-16,0.00032143858391897595,8.152403925798524e-05,0.0012576682907132763,-0.0008013578044554492,0.005517542752039972,-0.008465905076786129,-0.006123201177606674
2019-01-17,0.0013672907661064215,0.0014523366156939943,0.01497177860194121,0.005690972307686337,-0.0012774248275713163,-0.00034010244614623986,0.0035501890812152936
2019-01-18,0.00016046102492417447,0.0003444511192647326,0.00334652872306318,-0.0009619795651483187,0.04304609073090493,-0.008541252447192171,0.002953544823414589
2019-01-21,0.005020808629693008,0.005272404704367517,0.004226227737826882,0.008367822596136776,0.04406059022756903,-0.0053324531609062475,-0.020534377588765196
2019-01-22,-0.003573257146616271,-0.003678823315036439,-0.00356883162676791,-0.005742507482657366,-0.002062338892705462,-0.0005175394481264917,-0.019549176075175367
2019-01-23,-0.008389214537151801,-0.009266984797170252,-0.013924859014078805,-0.014359302044460343,-0.007190976010415184,-0.04391852530273255,-0.003322838929493699
2019-01-24,0.0016880730581601,0.0023963644833422393,0.013740828579901887,-0.0014971025397878535,0.01710001068607525,0.005753311589344889,-0.0006815739960313039
2019-01-25,-0.006403062164968887,-0.004695688382057028,0.010072096194305935,-0.0029775687242086235,-0.0011630180547141933,0.001075276290717575,-0.07783168917598893
2019-01-28,-0.0110997732449718,-0.010291059759889976,0.017648813804039598,-0.0056696443725821055,-0.013290419895207073,-0.016067002516553686,-0.0003609592591420352
2019-01-29,-0.0008773312978433978,-0.0018021040749456319,0.014094357488734666,-0.012820763261220058,-0.01549053632082309,0.01337698612380045,0.0024391808237265167
2019-01-30,-3.758830501787713e-05,-3.512037508990318e-05,-0.0006809296545284838,-0.011191968449367096,-0.012425705787914687,-0.01065087056452807,0.0032578715064275343
2019-01-31,0.016678920874278802,0.018524133652517705,0.01636858866597013,0.021995530923411444,0.025962700410718575,0.011368880314474694,0.014087320315168128
2019-02-01,0.005772292029815773,0.005850412062095245,0.007838774743138543,0.005035423953252405,0.018409034912277633,0.00786426789137984,0.04722490637657195
2019-02-04,0.001705924869186859,0.003102130649004664,0.009950590938510473,0.006888709651686753,0.03223616022380771,-0.013442278573862154,0.0037131133149710394
2019-02-05,0.0020231630833453806,0.0009308886848291564,-0.0027839262442395096,0.0043376390027365375,0.0005032167069529692,-0.010703194371139979,0.014969915670922873
2019-02-06,0.01164733372607607,0.009740855495003586,0.014687015812766546,0.00405975612184406,0.014375164948789099,0.012866000153832324,0.012579761271435785
2019-02-07,0.0006280717930913227,-0.00011199002159401061,0.0038963062757852995,-0.002547308799895731,-0.015265799276519054,0.009319215403871262,0.01645089657030674
2019-02-08,-0.011429805188104325,-0.011551363697920536,-0.010375775092255068,0.002547308799895731,-0.009890725980910453,-0.017272890818555986,-0.023316636246919487
2019-02-11,-0.005020054711538435,-0.004152626750329347,0.0021805407188670856,0.007976920991992209,-0.019321369248556763,0.005790869631992379,0.006099894600385625
2019-02-12,-0.005285360831624786,-0.006655149047578135,-0.006945662270253727,-0.004661176618433238,0.0025102070616647154,-0.006517169533116096,-0.002147797389696393
2019-02-14,-0.007911132252472086,-0.007702466528520802,-0.0034180643329815297,-0.009198450765549815,-0.025962747964668687,0.009399923594327397,-0.020452059838316217
2019-02-15,-0.002016671397463199,-0.0018768052834907678,-0.007314221689433076,-0.004535803823520368,0.01640615729081496,0.00788533294376581,-0.01254005214821774
2019-02-18,-0.0078117716203074394,-0.008709048876427872,-0.029702182531213595,-0.00513067973051573,-0.019760749608986217,-0.019466937715359123,-0.0126845271247511
2019-02-19,-0.0034455265383961375,-0.0041165864326497825,-0.03380873728281486,-0.0028029693600251093,-0.0032839401332047657,0.0043588453480731815,-0.005591010278527264
2019-02-20,0.012287110143628155,0.011353201738939944,0.005209999927552111,0.011592515262952574,0.014895493900442425,-0.0001812623252686052,0.0066425161938656885
2019-02-21,0.005054473607433607,0.003965970186332157,-0.0002874068969891397,0.0035744621659272724,0.010115784965705643,-0.002904441469325114,-0.007083505632358822
2019-02-22,0.0001668819363054297,-0.000748813094446632,0.005964025858159694,-0.01162256010401208,-0.011737451637765517,-0.0027305041537388774,0.01616652263978402
2019-02-25,0.008162673513503194,0.009486069731876157,0.030430780771236066,0.01610238787375362,-4.076472849057211e-05,0.00871163669584174,0.0018066547375497066
2019-02-26,-0.004126092031890849,-0.0066402136419920765,0.026618247661166272,-0.006964026215657171,-0.009826510348081463,-0.004346293017192693,-0.0029792378567439215
2019-02-27,-0.0026475831003445194,-0.0018998911212690928,0.009470931193222398,-0.008756010044414175,0.0026599015290962313,-0.0014530500164608995,0.009255632293308835
2019-02-28,-0.0013102730795946371,-0.0010585694627636144,-0.03694593874003527,-0.007050671978642065,0.006151855924399818,0.0034473493822568813,-0.020119285534391906
2019-03-01,0.006557097745663043,0.005459871066099353,0.006006849770514577,0.0027879588907344655,-0.004069788063661761,0.007758314224341589,0.015321823058858541
2019-03-05,0.011345183958034966,0.010446917421147006,-0.003665105844818939,0.011335449981300982,0.009416786671308408,0.015515427484761979,0.0259890565233043
2019-03-06,0.005948154177625398,0.0052973878822975,0.005767953067660869,-0.001353639758670866,0.021699503804431863,0.011261640539898643,-0.008585800979599156
2019-03-07,0.00047036753884377447,0.0024350736585265764,0.006827867883861138,0.010518438549170561,0.004299825776373112,0.015108342977862677,-0.003954258131608768
2019-03-08,-0.0020639291176074437,-0.001471240144219621,0.004658140395492616,0.0007989845172300392,-0.002482803066748751,0.006528053849367055,-0.008766426430051766
2019-03-11,0.011948682848798242,0.01038107980007652,-0.003913393764936046,0.00011742953180604587,0.028782223431750964,0.0032482977242276334,0.01625716677613731
2019-03-12,0.011851926453907424,0.012912369565517778,-0.0011672271564311387,0.019794018684271997,0.02068028248165188,0.0052770083411868285,0.010576602696438897
2019-03-13,0.0035772840485126522,0.005751588530914731,-0.0059555141198703865,0.02526550518282278,0.011909336789867275,0.001357396070671868,-0.009285585010646358
2019-03-14,0.0001366372574391761,7.2013131253712e-05,-0.006570032133813797,-0.0008088939056918321,-0.004277154478045553,0.002032320182392411,-0.0006699031721755233
2019-03-15,0.007342961729934316,0.007110942948246546,0.026098076442866436,0.012618144210820859,-0.014944557139394021,-0.0160330389626262,-0.00032470898040770635
2019-03-18,0.003088866890159636,0.001858922405780561,-0.00844251649831218,0.0037435345525773656,0.021260783185017118,0.009412003184887219,-0.027187267108759627
2019-03-19,0.006105817158639226,0.0070207865143370185,0.0,0.002781977251625989,0.019438530431179046,0.019899675754772694,-0.010029742995410373
2019-03-20,-0.0009847191425613744,0.000606675813912716,-0.003838679652153232,0.013686203808219943,-0.0007993916510926624,-0.0018383149884773076,-0.02246979083439271
2019-03-22,-0.005583577314695276,-0.0058037179312346865,-0.004675793279194096,-0.009989127485128257,-0.024806104383300998,-0.0023447216717009667,-0.018274676898395015
2019-03-25,-0.009000079502227365,-0.009363836767313671,-0.010727365578062198,0.002260083627929177,-0.012977594494178568,-0.010619347462037965,-0.004604231627029165
2019-03-26,0.011297328693215647,0.011164951515350907,-0.000806386196603448,0.013086482540454192,0.03180424666497039,-0.005608394477114587,0.009627727371213979
2019-03-27,-0.00333214682146199,-0.00263287137054391,-0.0074675422109828915,-0.005161968978486087,-0.013252680902693825,-0.0010226254847038874,-0.010333244285121168
2019-03-28,0.01085823615587067,0.010768163360864946,0.016329983681860227,0.0014560581471290135,0.007935890179332716,0.023268488337093274,0.011933725237511794
2019-04-01,0.00853309958272419,0.008425844152490924,0.015551159174675533,0.0039006735368936063,0.023149041683416804,-0.009208995580650914,0.03638886533317809
2019-04-02,0.0037677868730359165,0.004742235349684876,0.023183225794186413,-0.007359249729266715,-0.0015458757200050854,0.002184359768683919,0.007137448296797189
2019-04-03,-0.005929679070481697,-0.004607185367420996,0.0,-0.0009156339228422183,-0.010488655809695935,-0.005891734485496514,0.026243023828497414
2019-04-04,-0.003954079136615718,-0.004961273192860105,-0.03166030777308482,-0.0038453977440262577,-0.01623804645865956,-0.004569013537059519,0.005667683055319728
2019-04-05,0.005841689650914361,0.004578182135812625,0.016639196123929167,0.009434679292222192,0.0006279274585052619,-0.0008482722736555814,-0.0007595573968064429
2019-04-08,-0.005281405184151211,-0.004169512519313301,0.010900601269994148,-0.007051159725455669,-0.01837418676868907,-0.006129887668439693,0.0030554634509183387
2019-04-09,0.005795590267794637,0.006148609493784818,0.009970822075538344,-0.0009396341457277302,0.003904179346431391,0.01205360349175777,0.01214284827781853
2019-04-10,-0.007537827950836018,-0.009129225579947331,-0.0248093351723373,-0.022058029859847395,-0.0022881621558958898,-0.005414608104635121,-0.00419365512330927
2019-04-11,0.0010698754849070014,0.0005611994735694736,-0.010222497582661028,0.008965741615845069,0.01150061434150107,0.005751869389742481,0.00020878486883901815
2019-04-12,0.004023215192086482,0.004138279891630958,-0.0024787867144633324,0.003427344205976013,-0.002751227931264033,0.031058042921745965,0.02133494259782509
2019-04-15,0.004019874826264314,0.0035721732641018633,0.04787973849580762,0.010342382759453095,-0.0021988458094650554,-0.0008179500271721096,0.0013133632626001202
2019-04-16,0.008246306446581642,0.009460131400528482,0.008716011590234274,0.007074992226081989,0.0026825095996185766,0.005549092688142743,0.014320518077729716
2019-04-18,-0.002918494732110588,-0.003452347589767868,0.008524330230930133,-0.004958385232464835,0.0309218600853427,-0.009156519715284972,-0.0014892158404560263
2019-04-22,-0.013564941266794861,-0.012730097441624011,0.0052881519892924445,-0.010937425736897488,-0.029731576739076004,-0.008577867182033572,-0.01709062402415995
2019-04-23,-0.0015968652780564696,-0.002080060853865362,-0.0029652552387400277,-0.01036780924166969,0.013657131803685552,0.005287421906348122,-0.037909489637357296
2019-04-24,0.01289173694761736,0.012620718063816483,0.01309220352601237,0.015226901350795075,0.018632566567012177,0.010002641067782037,-0.004578512180797745
2019-04-25,-0.007219371112149986,-0.008326025301759188,0.0052759475919046395,-0.007175725223738105,-0.012382890146898085,-0.007533775068383264,-0.016011089394295297
2019-04-26,0.009646887469960674,0.008649837706602881,0.019646296742641844,0.007701900218468616,0.014754850850728474,0.0013144977506529543,-0.009077612528210821
2019-04-30,-0.0005531255807529334,-0.0009162063976777546,0.009691392579955327,0.015875269415197124,0.0,-0.010563123566177168,-0.026124442504276146
2019-05-02,-0.001993822492115882,-0.0012849425914769341,-0.020086987563916914,0.016413098244295377,0.008756993163386184,0.012039582066530663,0.0025243539090400446
2019-05-03,-0.0010666895238511387,-0.0004661759191346704,-0.03837242069661784,0.005144083271218847,0.002700912231000885,-0.002462187346378819,0.003994703901556207
2019-05-06,-0.009781077957029538,-0.009358114276222906,0.012051702941300313,-0.016821720022364595,-0.017145978457735467,0.008998140752733974,-5.2277510945941685e-05
2019-05-07,-0.008689780690376736,-0.008421582067425604,-0.002737774324828912,-0.0026232798242658006,-0.030349685460207887,-0.016752010711158505,-0.0011406871941108676
2019-05-08,-0.012114430150335309,-0.012818032417435177,0.0004179625966971301,-0.006523232933511203,-0.03333714406233668,-0.004148948535836361,-0.007766699766888152
2019-05-09,-0.005088026035290127,-0.006110828344588981,0.009109314604246244,-0.007111680259690445,-0.03365058399544729,-0.0026646117906974354,-0.0037964113969248814
2019-05-10,-0.0020282295690172703,-0.0025571714197649698,-0.017060671396899707,0.0024414955560141394,-0.0042272413914092866,-0.0070278760865036816,0.0010031343183332098
2019-05-13,-0.011655690801342544,-0.009983958357654643,-0.003305940758614234,-0.004057854354771351,-0.01538369169521836,-0.02879009810539035,-0.013335566419000244
2019-05-14,0.006602508032111487,0.0061205115638856,-0.017247077840445435,0.0003062344992716959,0.022789361123267682,0.017305261343788736,0.004946657382356889
2019-05-15,-0.0058134718372322425,-0.005472081730429679,0.0014564269369401472,-0.0005249171847481193,-0.0028206204105591937,0.009130832889005625,-0.012617036836431339
2019-05-16,0.008931902383308099,0.007478432306937677,0.00635097858502931,0.010419347648883637,0.0067004826187710975,-0.00777281798489593,-0.002173716255230218
2019-05-17,0.01324138002910935,0.014266273482583358,-0.0063270688229861705,0.02202212083783639,0.0016188281795459503,0.022310587951168692,0.034462940219228244
2019-05-20,0.036250352030178234,0.03680122912205874,0.022881560667532774,0.029307013693362194,0.04512376221135561,0.01840968103051921,0.05479397247112239
2019-05-21,-0.010124454145348238,-0.009776865580338523,-0.01608033384548424,-0.011848912658141586,0.0104288520678546,-0.003589490286357133,-0.029980772077154327
2019-05-22,0.002456672131613047,0.0035965749623692034,-0.013360465286696765,0.0008526434298881114,0.00044778721965421653,-0.0005955186733297424,0.003549779228396943
2019-05-23,-0.00691182559803849,-0.007669805840013311,-0.013395741551857299,-0.031092632016473054,-0.004860883915711156,-0.039294139823334184,0.00425928040420942
2019-05-24,0.01591868987483025,0.01593283848073135,-0.0029495693671455214,0.017533300256758366,0.00220903410914719,0.007776823012406453,0.023377886628423994
2019-05-27,0.006786251877366922,0.006283553826280652,0.0034849666129179724,0.014639441041925494,-0.019792970148564848,0.0013762608778709051,-0.003488242663770791
2019-05-28,0.0003353805552634981,0.001672891755521988,0.009009708280569129,0.0032542164318494216,0.009945454483355931,-0.006727116372172048,-0.0019543228605183316
2019-05-29,-0.005687347678687615,-0.006250471344959152,0.016167545569631514,0.0002895644312923551,-0.008116047655515324,-0.0027731087474265337,-0.023405402782351814
2019-05-30,0.007124050901095913,0.008317235722469007,0.018219495266268204,0.009327983075279711,0.012638466644935953,0.0019074968541881177,-0.0034523103332304572
2019-05-31,-0.0019356389716289613,-0.0029610381066760283,0.02314256085355826,-0.005837763255098771,0.0003007342520584544,-0.035617489880810815,0.00031308407109342795
2019-06-03,0.013806190447530398,0.01383891252324787,0.020614210356937335,0.013005991684532425,0.022340099469316144,0.0,0.02203398107276655
2019-06-04,-0.005549484053304354,-0.0045819463700844665,-0.018696493023480087,-0.001955527761739795,-0.006305908207680844,0.0025099817014293535,0.0041065824224766345
2019-06-06,-0.014908921111631557,-0.01391299040716909,-0.007817474188350992,-0.011875404758040276,-0.01814143957842962,-0.012612931105084435,-0.008988275989624483
2019-06-07,0.0022686976453041297,0.002177750951274149,0.007199025377770063,0.009977323583737707,-0.009423963244652,-0.0018148718335941894,-0.005804791078210414
2019-06-10,0.004375162508347685,0.0042473667408593485,0.02254659972066797,-0.0030483848093014743,0.003227053289386994,0.014964666084367195,0.003118292674718859
2019-06-11,0.0035916712809598295,0.004162329879612514,0.00949990758395014,0.0033548255135658067,0.007551843200732655,0.0016093114977886458,0.0011971725919046605
2019-06-12,-0.0049765444699527706,-0.004859098195515443,0.0035889717906769647,-0.008758147700563157,0.002254734242162826,0.00035729828532193864,-0.018264777305908808
2019-06-13,0.0006590703001982945,-0.00038866855272701173,-0.003012392395551622,0.007245844412006264,-0.0036850528643812552,0.002319145591932248,-0.009870264126050188
2019-06-14,-0.007646215237301135,-0.007305917938110085,0.00017804625291617526,-0.003934570185608166,-0.007335254554252657,-0.009129061697473517,-0.005512944691673738
2019-06-17,-0.01286644843794349,-0.01253079360570375,-0.002353645595863263,-0.005394169864546328,-0.027118619022576063,-0.011029918046872922,-0.024871908310791113
2019-06-18,0.001656386178998659,0.002193410185673983,0.0007330428314809012,-0.0019631416216920883,-0.0010142736500586835,0.00036344621299022606,-0.02191205407950214
2019-06-19,-4.2599147747068855e-06,0.0016990592792573977,0.0040124487643895534,0.0045814981734686455,-0.0028535318570801493,0.007604584960151151,-0.002231240089162867
2019-06-20,0.011928773907426304,0.012422050232244075,0.00795542071792088,0.005372223710209845,0.01507366661668108,-0.0007216661121001167,0.029462168289713375
2019-06-21,-0.009140077037704586,-0.010334119570224232,-0.012412152006287869,-0.005020117173047289,-0.013391614746443459,-0.009977538112506679,-0.030614581945144437
2019-06-24,-0.0020875587921604932,-0.0018266009516629822,0.011336269445601843,0.001551964294391972,-0.013454869170164585,0.0072663389044294036,0.006624149340733965
2019-06-25,0.008239695093106292,0.007942730128954523,-0.003389669599352274,0.004436228953493604,0.02615221396616807,0.008111720202911066,0.009643931496729152
2019-06-26,0.004322423357661975,0.003976789882074172,-0.006015149577071277,0.016011362785337546,-0.0013126682300024228,-0.003957558131329364,-0.006490951395274891
2019-06-27,-0.0005065621089226369,-0.00014316941085112944,-0.0007322756496561666,-0.002271641597185514,-0.015574924850727534,-0.0141587707171702,0.000987188100017633
2019-06-28,-0.004460380187531143,-0.0048560991834669665,-0.011317820631802533,-0.007562195752341516,-0.01665891898476879,0.001278797469357329,0.007364794550889897
2019-07-01,0.00648928822008088,0.007381297179579249,0.005529974006444505,0.016960168396214392,0.01249073884249885,0.004008758360979137,-0.004109566030063405
2019-07-02,0.0037601309797352656,0.0032698292263724227,0.005588223830481631,0.003794859166132092,0.007576535506701454,-0.004008758360979137,0.007981379815733547
2019-07-03,0.0005414178862199748,0.0005716985265511454,-0.006437051102913038,-0.00214670105922643,0.003162651269179584,0.010353382323969207,-0.00400191187510579
2019-07-04,0.002514301406272068,0.001725666032847073,0.002231982549968592,-0.0023524466751512207,0.0011300001229148648,0.0034273676526499486,0.0016287141846440534
2019-07-05,-0.011415241213692084,-0.00993865564779739,-0.03611553860751471,-0.004600454627341044,-0.016213420913444132,0.006462035060526894,-0.028589028413206208
2019-07-08,-0.02161431879849296,-0.020268626177996296,0.005669864392610968,-0.02572838929912269,-0.008984560491446025,-0.007182606623829635,-0.05183956892650343
2019-07-09,-0.00023355199223651368,0.00026468214391428546,-0.019518878966713338,-0.012717320374163954,0.022155786624524332,-0.0158025297117792,-0.015562595355381958
2019-07-10,-0.004944750265329034,-0.004496994593187864,-0.01185907026445765,0.004026744898191659,-0.0009769499291296668,0.00018304223455345436,-0.002956221710700646
2019-07-11,0.00727849370428757,0.006876992781165825,-0.002683600905268868,0.0076732908835639435,0.0021091116755922457,0.009110719151563806,0.017276112204150706
2019-07-12,-0.00262804253297233,-0.0022403218687117032,0.0023991547577759675,-0.005519643533070884,-0.0008195505852413021,-0.0021790632353511086,-0.009956255730431351
2019-07-15,0.0030983856392321485,0.004134345406255235,0.017915790978894286,0.0003550747320719694,-0.0034421734282705785,-0.015018693336904754,0.01796560574148387
2019-07-16,0.006386857732255891,0.006006294669774093,-0.016342424274119693,-0.001483605559282175,0.013156512678264676,0.003684133584470395,0.012804741029803779
2019-07-17,0.0021327874810328495,0.0021596727703219187,0.005327663985679187,0.0026102487715080613,-0.008660693482253734,0.003487050321342444,-0.013462929312130001
2019-07-18,-0.007782039913568184,-0.008146685790020314,-0.024528029746530677,0.006009234033411026,-0.01572533932686504,0.0003663960164699276,-0.03234093860251086
2019-07-19,-0.015437326885713532,-0.014513183992646006,0.005310330259308493,-0.015143806406705096,-0.010235748297479752,-0.01736599670358885,-0.019440188804985326
2019-07-22,-0.006417624494936547,-0.008010786848343443,0.01574015493896752,-0.033558255860320685,0.02490744185660443,-0.014642846965198686,0.024552566208237536
2019-07-23,-0.001336175495625369,-0.0012732053591637538,0.0012078823456196375,-0.014800604772304382,-0.005442390934249808,0.02336358078181977,-0.006575347498266382
2019-07-24,-0.005287073265915154,-0.0035629512786368167,-0.007435966981314657,0.007657851073630262,-0.011411055782806656,0.0007387463410273298,-0.018167954679880083
2019-07-25,-0.0017003983413221846,-0.000440493419619159,0.014723097468711366,0.002255591824846803,-0.02216431447482403,-0.011138285184266294,-0.001952368188064213
2019-07-26,0.0028531055771843228,0.001368538435128741,-0.008897827233431244,-0.003835088510947493,-0.014477015866153131,0.009475376543464087,0.00845854575777416
2019-07-29,-0.008463316975262813,-0.005198374857210197,0.009884176617659612,-0.01459668582496132,-0.002350844377637884,-0.009848583920121001,-0.043008704473974646
2019-07-30,-0.009320082365343652,-0.007701660697417623,0.022812740707569112,0.003535981053250481,-0.02512816774422788,0.0042858361365682995,-0.009775623237811004
2019-07-31,0.0029364540769751812,0.002240509762508225,0.01211003666011301,-0.000266480510442868,-0.012483443431666963,0.004822926589016063,-0.006823542625829404
2019-08-01,-0.012489980449894134,-0.012424435026986203,-0.011696768202647867,-0.011122674058464455,0.011932829999995676,-0.009855987158335466,0.018638056210715348
2019-08-02,0.001578863082899673,0.0026949868236734176,0.011515929582283313,-0.003358625905734769,0.009452393301997652,-0.01146527886343307,0.020734193291469083
2019-08-05,-0.012328638591801777,-0.011335529385361198,0.01944403572849751,-0.015977999777014418,-0.035231580588785505,-0.0179291847492431,-0.0033452742364694643
2019-08-06,0.0078539655662766,0.007519692287523583,-0.015100668806192985,0.004509439898296996,-0.013250418423540467,-0.003470245514856529,0.028332205826659518
2019-08-07,-0.008507762146603426,-0.00777421744220419,-0.0006547805036545284,-0.002332310677394034,-0.016892834108276134,-0.0204864424368143,-0.010044572315113243
2019-08-08,0.01616908379824089,0.017208687116063714,0.019971442481582002,0.02225498491207034,0.037983932445539104,0.016034777953277235,0.02179525357764156
2019-08-09,0.006973187375466594,0.006796268676360739,-0.005261882908848214,0.021639109450132032,0.008425616908891875,-0.013868738398428171,0.03293881069908622
2019-08-13,-0.016682629759428025,-0.01673635554601738,-0.021054671221728327,-0.027387264899039643,0.09252118407223442,-0.03157108234259631,-0.04775416799429699
2019-08-14,0.009432964697284163,0.009515961454482635,0.002248055380188241,0.0040900023093835,0.010534803302043372,0.00989795313045061,0.013946483918347852
2019-08-16,0.0016668253365139662,0.0010392690141056704,-0.017988870701875825,-0.0007852141430397808,-0.007988491513576612,0.016941221391928885,0.02697973152183053
2019-08-19,0.00055204676911913,0.0013955371107829961,-0.0009704852283034526,-0.009403349992004983,0.011359367706796242,-0.005747785702011399,0.0012544014234610046
2019-08-20,-0.0033438078514240743,-0.001993204572620755,0.010920552210580858,0.006211161039327173,-0.012964688419803139,-0.02027972230975461,0.0342416911911414
2019-08-21,-0.00896260085905709,-0.007195795088891899,-0.0002519024900706768,0.002361312048513753,-0.003926329174001708,-0.020699604239746705,0.006111184924034063
2019-08-22,-0.016376190359974174,-0.015977901099081038,0.013538973645458974,-0.023523852639819154,-0.0192244561301127,-0.005815107861477209,-0.003272418115036757
2019-08-23,0.008159261534645523,0.006238033416812172,0.01420350645071089,-0.005257487108868197,0.02307240319213477,-0.01659180593210685,0.007349890862483832
2019-08-26,0.020880542984677675,0.021375783405398252,0.01264424661459973,0.04230231551538299,-0.007118547838148359,0.026746246670568574,0.0001918104346820826
2019-08-27,0.0042863913515560625,0.003916892543069039,-0.01763917937384285,0.0016828000771758056,0.006334388626277665,0.012295078656168634,0.0035426917260465984
2019-08-28,-0.005349549884041238,-0.005045205635775929,0.0012287697935349229,-0.005524155274854614,-0.00910107769853763,0.001831416136994335,-0.028165870448514596
2019-08-29,-0.00889321389701081,-0.010276692755438077,-0.0025936717652301766,-0.009185502451537708,-0.017205638411816437,-0.019501725558887628,0.001113631323027775
2019-08-30,0.00682250334649126,0.007092859832624754,0.011640340616397182,0.0004488708266459085,0.00546118686628283,0.018281296378484413,0.002215154878326686
2019-09-03,-0.020654971620242435,-0.020837660959806215,-0.003546662912152776,-0.007659624469443571,-0.03434209012476064,-0.01683128756534913,-0.012165927402808308
2019-09-04,0.00432019988631005,0.004416252710113255,-0.0027574241152930057,0.01650760986095179,-0.004361454284984134,0.007013257327839639,-0.03686302065283975
2019-09-05,0.00029964203445587145,-0.002189378702475153,-0.013495646578216558,-0.005621565265564676,-0.0021251022918589157,0.004102459562677296,0.02337495086313801
2019-09-06,0.009020833036725406,0.009163858962986993,-0.008067702516411757,0.0047979881308384265,0.019743570294830093,-0.0014339686778095384,0.03592156903743593
2019-09-09,0.005180107429440639,0.004416190335394532,-0.0066888216637757125,0.0016463619695050724,-0.000245336268181795,0.006538552396050612,0.023726468115647492
2019-09-11,0.0029630005796601466,0.0033694570596924933,-0.01330483973097163,0.0007553616574176303,0.009932610000745967,-0.007153752709381678,0.040491748361169755
2019-09-12,-0.004805095025496087,-0.004478362713859596,-0.00951573543245754,0.008646406178877797,-0.019675461469173428,-0.012383898794118053,-0.03160540017584523
2019-09-13,0.008441217109748322,0.007536880460822459,0.003905717585988455,-0.005918573799935878,0.012520961282356247,-0.003537112686622379,0.00907157286532545
2019-09-16,-0.0065582079983634856,-0.0070242046698716365,0.0037512838815230154,-0.005909016722605465,-0.012190620120111184,-0.0020862770507985573,-0.005838439359351355
2019-09-17,-0.017039002763313604,-0.01745099645800252,-0.012802746326305403,-0.014723653460340103,-0.011045654242781033,-0.00923214179267351,-0.04502815708976371
2019-09-18,0.0021285921026326093,0.002266798093472744,0.007462966477089772,-0.010729418166604887,0.006866035123349157,0.008605373953561646,-0.0057830143006469825
2019-09-19,-0.012610772583450114,-0.0129489100381317,-0.01726234631673318,0.0065377486107651706,-0.022351350698905925,-0.010715335051565411,-0.02043698840298802
2019-09-20,0.05182472599514476,0.0518589234300606,-0.017517563980133488,0.08572386337642257,0.06190844733625234,0.0056871757806638,0.09880922132790637
2019-09-23,0.02850540942152513,0.027896627893664316,-0.02433195474136607,0.046938785122347504,-0.012151400196549034,0.06819426562079656,0.04536054479401663
2019-09-24,-0.0010350003337080693,0.00018185528007030882,0.01423472469966125,-0.0027478090338259875,0.0313779668902372,0.004502289323314201,0.015999631617818366
2019-09-25,-0.01285387045749431,-0.01296495993720903,0.02117129250119909,-0.011309772406725038,0.0006644081585500672,-0.033564771551083616,-0.054323389314980375
2019-09-26,0.01138578382601274,0.010214115929054302,-0.00040695244186128576,0.0022561747627074524,0.013391267351187786,0.011446897263622802,0.03244959743341269
2019-09-27,-0.005094519950938903,-0.004296703926520706,-0.015179868804593433,0.0013671967624482306,0.009401933807873242,0.010132366451877317,-0.012288209139944328
2019-09-30,-0.003301907727658815,-0.004006777614163681,0.020768545025497964,-0.01355394408532895,0.017567575199220364,0.026912670703790553,-0.008584462658696168
2019-10-01,-0.01003319671253955,-0.009403865418907031,-0.018922174463750885,0.017244425067508118,-0.020742833732872334,-0.015317894630751283,0.009809141064488713
2019-10-03,-0.004048747902700711,-0.005196534013393261,0.00014553582261900289,-0.020426578849653154,0.004702036171942758,0.022221141096396835,-0.004129839327115192
2019-10-04,-0.012384128036227793,-0.01144276069416783,0.009227980097286093,-0.028055395301155528,-0.002252657972062977,-0.01695946700913531,-0.015585461415804858
2019-10-07,-0.004336070945390347,-0.0037584668081027672,-0.015338333176766028,-0.0023563153747936383,0.0015277813101501891,-0.021016057622359696,-0.0029745006360109016
2019-10-09,0.016658309554353323,0.017064721321293774,-0.013569894140226246,0.03416414905689358,0.011120374327854954,-0.019239139606978206,0.013438951865019533
2019-10-10,-0.006985173448091686,-0.007824316683723964,-0.007777303919416667,-0.022729115902483166,0.028280904427358422,-0.015909091175735135,-0.017126196720976594
2019-10-11,0.006255677219733968,0.006490954962808715,-0.00881922598816498,-0.0014588671939623765,-0.007476075644372138,0.0030793329358660415,0.014048275787752473
2019-10-14,0.003188227270422672,0.002289465350123976,0.017041970477762902,0.004660475018387622,0.0039842683475761476,0.0006146960103716737,0.018077519587206936
2019-10-15,0.007654979710517651,0.007602199555792666,0.008032862664831164,0.015366300410390998,0.00451849362406076,0.01423656261417161,0.02385153020264319
2019-10-16,0.0031189722795890162,0.0024096592522830917,0.004456584540895037,-0.0015956931596488033,0.005993039922268295,-0.0160818713570281,-0.001540043129987012
2019-10-17,0.01061595685081862,0.011669525968629912,0.014656857827652026,-0.0009012131191141748,0.017444624800086572,0.008988924800375386,0.021122978472781995
2019-10-18,0.006495149556810631,0.006287677054000795,0.01291511765992226,0.007350038109526835,0.014113912415355756,0.002640307190016067,0.02473403502947491
2019-10-22,-0.006322547531983247,-0.00854923628404336,-0.002896195085558162,0.008345830308456925,-0.0015543269599334053,0.009689377389801912,-0.006326213593760954
2019-10-23,0.0013582008758650232,0.002434890542778234,0.009074528940326232,0.001854134639331484,-0.015499846484934743,0.008600869113413623,0.02504127131791023
2019-10-24,-0.001854512016487675,-0.0009845770416365696,0.005731926016300015,-0.004439509823886745,0.031145768860783463,-0.007998478366460837,-0.00658729644828604
2019-10-25,0.00011229846989202485,0.0009648749955779579,0.02041910501062727,-0.005760455123901664,-0.0036613939454612776,-0.00543555545719876,0.010731762805107792
2019-10-27,0.0,0.0,-0.004362445701939777,0.007053822045770097,0.0021288330054796134,0.010841306919566307,-0.006586834206753878
2019-10-29,0.01736823340747584,0.019617367505929906,0.03672805448925054,0.003870716515214312,0.022611571289331778,0.011317430088322311,0.039520698081178196
2019-10-30,0.00484535017843335,0.005508802829925941,0.02606025062230355,0.0046970261690510995,0.008180150368295891,0.023994323600281753,-0.021515043685107926
2019-10-31,0.0028118405572836735,0.0019251390363663745,0.007451608092953421,-0.014523923677960404,-0.010022416517683652,-0.00676927871305022,0.0003241397640678656
2019-11-01,0.0011064782775278559,0.0008962172615483155,-0.03075927542810941,0.007853036116955536,-0.005100447947202547,0.014067264428248016,0.007807309027267451
2019-11-04,0.004254824252091893,0.0034033786015541523,-0.0031628903880571713,-0.002583914078715388,0.0005146521733925269,-0.00210712217566833,-0.02588115927650314
2019-11-05,-0.0020202122992962757,-0.0013340868787778959,0.0035943767370243407,0.002140346966532647,-0.007125926579604425,0.008211676565798243,-0.004725563238627828
2019-11-06,0.00409070603835282,0.005489514245885729,-0.006081465273608977,0.013741341337802027,-0.008604784696351508,-0.0059133271343156935,-0.01059183113644302
2019-11-07,0.0038368392142125174,0.004535240769174109,-0.0014401405750579244,0.005594496137563354,0.016382236500035674,0.017071870948721646,-0.0032881165761668996
2019-11-08,-0.008687223905779362,-0.008153656418130595,-0.02567750504849542,-0.0064303771164455625,-0.009021734206221765,-0.020329487538980118,-0.011955037668013091
2019-11-11,0.00044495790749543573,0.0005322697361815898,-0.013708930063791591,0.0072608006342624876,-0.012320581505085748,-0.004038968581205005,-0.0088229029299427
2019-11-13,-0.0061463783728452626,-0.005692689889061242,0.036292711304386494,-0.005708918087397485,0.03069093296217229,-0.0218202860897323,0.00242116133696868
2019-11-14,0.0026694246816312273,0.0042392225969010155,0.008319208291737823,0.012917581630200736,-0.0065073838378113535,0.00019692137511473362,0.012852562446004967
2019-11-15,0.001964913812505742,0.0017412746450258254,-0.01022590045915095,0.003135140465851727,0.005522015018970983,-0.012882909114014574,-0.013887625614616539
2019-11-18,-0.0009209603886066731,-0.0017980958790388968,-0.010099332058943311,-0.012480690354989221,-0.007952134893995932,0.0003988305925517466,-0.0068440515443839445
2019-11-19,0.004667420332106431,0.004594407461519623,-0.020557438549772655,0.007774387348340461,0.034055750477902436,-0.0057995108232304915,-0.007494487979755604
2019-11-20,0.004929163997458019,0.004485668300693746,-0.00011861511621003018,0.001139485625134995,0.02479362138563168,0.00560019898742059,0.015114919356427947
2019-11-21,-0.002561738649307088,-0.0018828455835517843,0.00451913555134098,0.007822459638380685,-0.006514998501730318,-0.020145857653093735,-0.018869124252221425
2019-11-22,-0.00452209039604945,-0.005331768558502148,-0.02215004231275941,-0.014599446265521898,0.005771646819354714,0.007905158019732461,0.0058809954092939876
2019-11-25,0.013285889135891793,0.013042133837188885,0.004719300485522382,0.005008263026113902,0.009684694978996156,0.0004037456109022841,0.024573577773114863
2019-11-26,-0.002990266554494525,-0.0016626915064783532,-0.016884343980221317,0.0031029197592644664,-0.0008328298347040075,0.005634968472531199,-0.015472668367010556
2019-11-27,0.005219910352767698,0.0048705849455163985,0.0037306844863191913,0.002623848777300708,0.006133872639296989,-0.008869337196478533,0.0234971588396089
2019-11-28,0.004160529350791364,0.002667352964689229,0.011157933126638042,-0.010300012457257424,0.00663466597098239,-0.0010128150266304203,-0.004554982799474416
2019-11-29,-0.007857255232670113,-0.00821164131513541,-0.011669033201774148,0.007597623778133666,-0.018618025576259356,-0.0012167166294547727,-0.0021231080658754564
2019-12-02,-0.0006513050314769231,0.00020499248201311104,-0.01580696525881642,-0.007242210013199468,0.022533613499549965,-0.00590219923735269,-0.01480707461988473
2019-12-03,-0.004492071500914463,-0.0031106150800379595,0.014710564229412526,-0.00821044507202906,-0.004801956902197091,-0.003681015403598664,-7.718769516706914e-05
2019-12-04,0.0040769856204168065,0.004289200330681808,0.01331890615906417,-0.0029915416246346638,-0.01673295157793664,-0.0036945291826571136,-0.008821684291998366
2019-12-05,-0.002061360247466837,-0.0017321901581865973,0.02038262377145017,-0.004845386585105693,-0.0011922315403225525,0.01550727547969366,-0.008978700175491738
2019-12-06,-0.0080953486219979,-0.008235010745446303,0.0010837222875839103,0.0003612407354971481,0.0026081370779644786,-0.014685098164122223,-0.018152173965967577
2019-12-09,0.0013412131605239352,0.0010448512780918406,-0.030188534298992487,-0.00249109463276298,0.011319154946114018,-0.007838329344602712,0.015567890993896327
2019-12-10,-0.006783179618894408,-0.006133031349891738,-0.02337281321223106,0.005255867541139381,-0.0067953059712300146,-0.024526893413546524,-0.004456078329226898
2019-12-11,0.004489484356039242,0.0042823664211937285,0.014329198007903443,-0.0006003742227429498,0.00028795118391489183,0.00845299707007019,0.004234484107467296
2019-12-12,0.0051628573460291705,0.004176612675980351,-0.010337756001375986,0.01182173411361287,0.00370547638334795,0.003990523173056815,0.0009432173327290627
2019-12-13,0.009551822783961939,0.010491395197307796,0.024609322584897342,0.00019794862670607927,0.009330084622530599,0.012704605354644016,0.030273769281849994
2019-12-16,-0.0027132674192031914,-0.0017326068487264479,0.026442835659825192,-0.0051562644991864914,-0.010350962390932139,-0.01964548141443423,-0.010435549149708123
2019-12-17,0.009170552980705793,0.010048660329461612,0.017802132325329012,0.010876145775264412,-0.0024925025970823356,0.0173661754437493,0.007687514591779632
2019-12-18,0.004646024904609192,0.0049788207997156775,0.0012927410613459145,0.016579667130433684,0.008379537074235444,0.016865908484421155,0.006303731926474043
2019-12-19,0.00310847517928714,0.0027717934023261392,0.027885521216818532,-0.002750775408357775,0.021408428303524296,-0.00326847069656111,0.0
2019-12-20,0.0009864549951004165,0.0001827639709635065,-0.0027627429198568976,0.006111005733873576,-0.006762121737955873,-0.013182552922886615,0.0028754231418357534
2019-12-23,-0.0007377192709849822,-0.0009331961047571724,0.003950987192309796,0.004386260107231088,-0.017474002651250764,-0.009374079490214626,0.01359572425686828
2019-12-24,-0.003938363953434276,-0.004365587604134191,-0.007240521009169498,-0.010225706437566373,-0.016005015882269547,-0.0006281677273962671,-0.004506794562624705
2019-12-26,-0.007230600491363148,-0.007201239364643897,-0.006180178569462846,-0.014611998683713878,-0.020282469877431986,-0.008200965631211865,-0.011929850664781583
2019-12-27,0.009785757510883286,0.009944108141020536,-0.0015675415709184293,0.003575147597038253,0.01762777547958727,0.00042215254010002923,0.014260779329076101
2019-12-30,0.0008203370378261354,-0.0004123656369525719,-0.006983896963142833,0.005592205001391015,0.0011987979509351376,0.00547244275532055,0.009667206257757854
2019-12-31,-0.00715678957499577,-0.007348308203196652,-0.009896624562086842,-0.007869420728098042,-0.019717848198357757,-0.0021010057506378743,-0.006445780084023411
2020-01-01,0.0011539431631089059,0.0,0.002725725975841975,0.005096933195828157,-0.0029435567114273198,0.0016813335902536863,-0.0077518391832107625
2020-01-02,0.008150579934014246,0.008998628263801933,-0.004600942281519416,0.006353829850394455,0.016881137518995892,0.007322798858727886,0.0024791995060731153
2020-01-03,-0.004533048142336682,-0.00390008467518399,0.01973300088002894,-0.014363448620568597,0.0012042107350342945,-0.00564428740682299,-0.010367558768139773
2020-01-06,-0.019290728473141172,-0.019186578094466,-9.098180260647126e-05,-0.021879072739166006,-0.02346541790271317,-0.01435840971351876,-0.02963847713979817
2020-01-07,0.004982160403271152,0.004729599791129857,0.0024512937906484566,0.015710530501446662,0.015267480391388588,0.0010627614061649027,0.0044206025542798955
2020-01-08,-0.0022925703434353295,-0.0012665502358402136,0.02214808262443846,-0.0026211755195202358,-0.007538508888714546,-0.004898385849645415,-0.005443449684079837
2020-01-09,0.0157215247601048,0.015427863757189186,-0.018302230384274587,0.011152232396354655,0.02277022648101834,0.006808621396888093,0.027022414947062146
2020-01-10,0.00334245521037424,0.00354879394593155,-0.00036146834932537786,0.008848406908266604,-0.00022618531425599997,0.009286612764036306,0.014095177845913298
2020-01-13,0.005917935234496241,0.0062299385199082735,-0.010536136372001792,0.002569437962857357,-0.0025554078096652333,0.005238369632563966,0.0030237633974969924
2020-01-14,0.002652698742519277,0.0022177536129692754,0.007527503197665375,0.002717878556538267,-0.009306639165123975,0.01658076579911416,0.004626995629461561
2020-01-15,-0.0015381131440843632,-0.001906307644647498,0.009021610577922168,-0.00407964311375153,-0.0036355319393708285,-0.003500437234725595,0.012932584392093105
2020-01-16,0.000987918149970568,0.001427789005514768,0.005329658734258835,0.0026440120177371185,0.009177685753297027,-0.006830170987855766,-0.002716572193646627
2020-01-17,-0.0002550113176091884,0.00030550348935420857,-0.008838227357044204,-0.0074050309848825435,0.027639835277763147,-0.003328654314990409,0.007675544219276631
2020-01-20,-0.010400087859251173,-0.009978268436652726,-0.022213324838216586,-0.018358049254267428,-0.03125497079278183,0.008093827923531194,-0.00942576782175486
2020-01-21,-0.004484659455009421,-0.004951001839300417,0.000322423267068217,-0.008442457060056974,0.0010110405932870492,-0.014364626644258749,-0.019922986609831383
2020-01-22,-0.005185979163735865,-0.00505657898705536,0.01637785961601157,-0.002816736739936765,-0.00035878860081250963,-0.0016788638117164467,-0.02314095625562196
2020-01-23,0.006048395159305997,0.0065700525459782,-0.00498562463502239,0.0032184068604745875,-0.004248066679983786,-0.0006302352523306354,0.0016102762272751647
2020-01-24,0.0055591042118479095,0.005464931419941976,-0.0034516214451008054,-0.00024083773544614218,-0.003477148180844658,0.0010501715306210357,-0.002612834239421602
2020-01-27,-0.010608600656475176,-0.011068849310330364,-0.006502080635500285,-0.025512742272444378,-0.009907328217926725,-0.01501867356871145,0.002850653987914953
2020-01-28,-0.005228613250633174,-0.004584936882254809,0.006662367353406751,0.00820891854114425,-0.023370165916515973,-0.016547315041432142,-0.0214558320010525
2020-01-29,0.006094646255252911,0.005642303426828477,-0.013438557062867673,0.010288651044458419,0.0054885248196319125,0.02524755569279158,0.0018919153972518643
2020-01-30,-0.00775497640507794,-0.0069378244244724385,-0.007804359850925202,-0.00796129116207922,-0.024696786771654544,-0.011047457434915309,0.001446776737997979
2020-01-31,-0.006142239847635622,-0.004662877289444367,-0.027889912416057427,0.00020390542012371782,-0.02248468146656446,0.004688847935480744,-0.015351329545790549
2020-02-03,-0.02147942474929998,-0.0211229708878502,0.011216332575165744,-0.027698093504303856,-0.018698081573860215,-0.12461052991483079,0.014047088585503076
2020-02-04,0.022945548520018733,0.02273966384995596,0.002493901284431388,0.030548097954718578,0.029092718814770713,0.03804361034366632,0.02650238368471669
2020-02-05,0.009098978920125234,0.00862381660475009,0.01824086951231152,0.01200290869895504,0.015374611143137429,0.0037027510518399254,-0.022289462231682933
2020-02-06,0.004028535772363284,0.0039629812136094955,-0.008515023137725564,-0.0039044527460116996,0.006399937719193893,-0.013488456770804014,-0.002744900565891939
2020-02-07,-0.003267876820958193,-0.00398263482115091,0.0038455062667139828,0.0019339009240928462,-0.01670454364826579,-0.0007028603544130263,-0.0071248231181222366
2020-02-10,-0.0055408368875529135,-0.003950992950857213,0.011818233412157042,-0.0015305491600869914,0.0013591076053698359,-0.013444995582874597,-0.011374347821719866
2020-02-11,0.006329953892095119,0.005755045737362963,-0.003962826006316256,0.00024166289121119178,0.011875357702454181,0.009689223487341359,0.020228022223719222
2020-02-12,0.0076761591804555,0.008450139611420937,0.008024978707633856,0.0067482209329572385,0.01200828402515608,0.0021143326219785763,0.0013567898822248736
2020-02-13,-0.002178370358217663,-0.002556062731109421,0.009718858322132817,-0.006103518236637129,0.0026148760448281294,-0.0054122938149285815,-0.005445431211185792
2020-02-14,-0.005039531569824618,-0.004885329375548864,-0.0035419471748427966,-0.017922083186259208,0.009082542691163376,-0.02001979480604099,-0.013111898342737405
2020-02-17,-0.005600386389669865,-0.0049092178895104865,0.008683655478797014,-0.001805618153458255,-0.006305109332572556,-0.014060712798674047,-0.0010201500209063852
2020-02-18,-0.00443458085370807,-0.003936853445782873,0.005657492509699047,-0.0032093376440833765,-0.007366796286724764,-0.004649569295327005,-0.018359923524613464
2020-02-19,0.011062238693018145,0.010426627133035993,-0.008793924889928029,0.011432366635859559,0.024503168585278345,0.013884046597069322,-0.00361961332979277
2020-02-20,-0.003722171151700593,-0.003706468593810186,-0.018171149338298775,-0.008264113308553256,-0.011940904090967486,0.0036219090430371637,0.0001481916738761413
2020-02-24,-0.021033530722050386,-0.019793543459005747,-0.019405430388723666,-0.005891972167082038,-0.02797978893940911,-0.021684370622854665,-0.0434300536611989
2020-02-25,-0.002666408571565526,-0.0020343941574196833,0.019103789289615314,-0.00800741577948827,-0.019955960897031666,-0.0059289185872417605,-0.00866903858592849
2020-02-26,-0.010172038146389895,-0.00978522208846222,-0.015211246767153241,-0.0008752472530524358,-0.017377055636623062,-0.015984345015789714,-0.028414239157802612
2020-02-27,-0.003877886077829018,-0.003598960702200671,-0.008559869948704169,0.00016677283429533674,-0.004139278526008816,-0.005300971307923952,0.008774611737917937
2020-02-28,-0.03780164232227534,-0.03712154465732098,-0.05133099628813387,-0.01834230779947088,-0.0424389360847206,0.0,-0.0010656980968644092
2020-03-02,-0.0061788013630028615,-0.004010128540842928,0.000574940088535314,0.0016545185838801046,-0.009452486528560122,-0.011454863334089183,0.00032621621143746893
2020-03-03,0.015203486470955596,0.012497073983698925,0.017288322548749235,0.0018634789172491395,0.02008332383710787,-0.007452269179579751,0.015926135223541138
2020-03-04,-0.004637687614307495,-0.005561741137272591,0.022819802910364118,-0.028277398858250535,-0.002348440072335478,-0.033305718314551314,-0.0002662287339152414
2020-03-05,0.0015985793812767213,0.001590240574808277,0.019890271563824058,0.0021737073223775383,-0.021541059754007996,0.002928988430262791,-0.002886207108277361
2020-03-06,-0.025119853530178204,-0.02351247931457401,-0.004055238401026173,-0.014390640376429786,-0.031100755271743274,-0.034075699442841945,0.012488670395915946
2020-03-09,-0.05019499598647492,-0.053055201675082486,-0.07051452784536494,-0.024619846563570746,-0.13171214572277012,-0.025353123848673498,-0.03872535558039303
2020-03-11,0.0006647771623136123,0.0017509373168422826,-0.009500674182034707,0.005852948155774307,0.03475228266051378,-0.008785689954148523,-0.008876428184416696
2020-03-12,-0.08666894981793938,-0.08531596437349265,-0.09882998790665543,-0.08670128969546376,-0.08174896460034287,-0.11992007558939921,-0.08540796765450942
2020-03-13,0.03735847654239244,0.03963759675571232,0.020385532357583003,0.04639542069502234,0.03902168892674762,0.04056508113482682,0.034048640060225566
2020-03-16,-0.07917416945110389,-0.08290783479698405,-0.06277218191368572,-0.06797188075713123,-0.08453873270249534,-0.09700670395897593,-0.0633402809720014
2020-03-17,-0.025364151715097094,-0.026175173879646962,-0.022896165274928215,-0.024715123015051965,-0.0076098417508605465,0.012820768639469904,0.0223210141009762
2020-03-18,-0.057167927115132855,-0.05753042416023746,-0.0021737371197438904,-0.10614698216379903,-0.03997494824492698,0.010338561648750577,-0.04587990375840967
2020-03-19,-0.024546599547750958,-0.02034017912764341,-0.0036903022063530244,0.021044984398816524,-0.05387798317193582,0.07137919454112662,-0.10491120813319732
2020-03-20,0.0566913879444364,0.055946314940381825,0.09390065851789409,-0.014282651473780383,0.10367551403732111,0.08096883094730334,0.05247317192319656
2020-03-23,-0.1390375646105113,-0.1410174004424487,-0.07372488777042197,-0.13475383354655612,-0.1410325192797961,-0.12874031885838466,-0.18523571202765687
2020-03-24,0.024762292138463593,0.02631565838365546,0.019835543187417315,-0.0050025032221672205,0.06497677299464932,-0.030265341584657435,0.06114379141533455
2020-03-25,0.06414544603118166,0.06746830729652764,0.0273075558174094,0.10974722724599406,0.13730714591967708,-0.01582261356429182,0.10956547980209663
2020-03-26,0.038166654396162514,0.04826274285525933,0.022959052020224746,0.05046995891352424,-0.014941294517090142,0.059605863831017736,-0.025891947223550815
2020-03-27,0.0021731751069644645,-0.0043900508464655985,0.01855972694285768,0.0037108519351960467,-0.0005629481581657103,0.04255972047792156,-0.048707139635455476
2020-03-30,-0.04476782787370226,-0.04722353821794556,-0.02553560534322763,-0.08391529023706035,-0.033542479040375994,-0.0248150213775018,-0.07081870680250191
2020-03-31,0.03752477847769775,0.03551369722485198,0.026412372933310557,0.035727467570171534,0.07773725785637886,0.07558742174947586,-0.009319297503751045
2020-04-01,-0.04082686442449024,-0.04168628779975947,-0.06642083564728729,-0.038135372840375936,-0.03035512503215454,-0.0313542639006279,-0.00983038244947032
2020-04-03,-0.020811641850698948,-0.024147484956388965,-0.03244435838751958,-0.01922779664396934,-0.002780508226464029,0.06682697734908327,-0.05689463265319361
2020-04-07,0.08400295216282139,0.08594744828432255,0.07059574723868245,0.09627595985824033,0.11279498340904404,0.020309743514009604,0.12676380574605517
2020-04-08,-0.004954153987952736,-0.005778755708345074,-0.040084093952358124,-0.008067170166685678,-0.011633774146215359,-0.01610271959914744,0.03122913438915731
2020-04-09,0.04067046139374142,0.04146651356404085,0.0349730634230534,0.039862923888918544,0.023051449533102897,0.036277854920761854,0.12556448955117716
2020-04-13,-0.013040327423562204,-0.015185493190660537,-0.003914632153402486,-0.03263307193151466,-0.025570934119130584,-0.01990003406092189,-0.00820019604641864
2020-04-15,-0.007651048328648713,-0.010159244001023637,-0.013793865433387786,-0.03645246676138569,-0.0336074164140161,0.041790726812908296,-0.03640021418401851
2020-04-16,0.007534316783543105,0.007307017980766162,-0.011068737838603404,0.018875539766209926,0.015704464534703533,-0.01597032174688895,0.007139382420112028
2020-04-17,0.030008489347116196,0.03171483808462483,0.05120013375591359,0.03413644209362943,0.04678828484868536,0.00934699830241037,0.07039510293228624
2020-04-20,-0.0005289542483044585,0.001874838340125251,0.00686941750466552,0.03725196478949666,0.016047050439763844,-0.04013536468595369,-0.03205223327911533
2020-04-21,-0.03074240958686225,-0.0324759617116932,-0.04556086174797258,-0.02486058713618622,-0.005199230888912609,-0.0061062842254555605,-0.06394667708478963
2020-04-22,0.022660713376927433,0.02395743802607342,0.018163223972287312,0.007512411540914421,0.09715617282200739,0.014647141021575827,0.03531141496141288
2020-04-23,0.013685875581327167,0.015291543450720368,0.059643642129916685,0.027980899081178734,0.0053394105148480975,-0.00937154528926154,-0.00474018530711362
2020-04-24,-0.017273269224785892,-0.016960584577674354,-0.03230098972829065,-0.017855657469969977,0.03307441510818698,-0.0027731412894222984,-0.021702707551432
2020-04-27,0.013874659183745308,0.01318736066107995,0.009876355187562247,-0.008941251251078697,0.008957616891048126,-0.0011111570886228606,0.002118639254328869
2020-04-28,0.010566409007241262,0.011633498426267153,0.012149665009036248,0.001826842847336252,-0.0011195989786001448,-0.002226725628685422,-0.0007222632720438327
2020-04-29,0.018216088550270015,0.01868315675840826,0.02475763375243023,0.047900194639150406,-0.0008406660335893434,0.014934024128633538,0.003112220157838408
2020-04-30,0.03158422875946343,0.030029175350312798,0.05552284805258978,0.024964492835251484,0.02699836233568398,-0.0005495367966643627,0.05570516533567371
2020-05-04,-0.059160835126553124,-0.06121980332793875,-0.042592894942880655,-0.08192438004932345,-0.021233432773196448,-0.04493849744371392,-0.09230482340065294
2020-05-05,-0.009503278972569973,-0.008290203304966326,0.0011908980857233686,-0.01259235819636828,0.017577228614147344,-0.0008622600290522087,-0.011619663876061281
2020-05-06,0.007068552284556162,0.0073564778109957984,-0.015197213707632606,0.03762860859324135,6.855902659363977e-05,-0.05922389425941876,0.002770346899053422
2020-05-07,-0.00778030775641092,-0.007678557527080798,-0.006297436175971782,-0.0228716811197911,0.03113766316032418,-0.01785209154497469,-0.019588788281758696
2020-05-08,0.005685503917787216,0.006318954113046615,0.0009247316564486852,0.0043687498715279105,0.03575131425215705,-0.017228398533931433,-0.020237939365566504
2020-05-11,-0.0013303775813469088,-0.0025782755519419,0.02188829207730425,-0.014364456642113055,0.009558517856947724,0.001262925110363966,0.059160546985616236
2020-05-12,-0.004626930470958968,-0.006041476963622117,0.007310314034320697,-0.015682496445488248,-0.06386234310283623,0.04080938175650406,0.00273031701724058
2020-05-13,0.02012974293547387,0.020117212510617932,7.722523955155935e-05,0.028539104693021677,0.02099486620155666,0.002118426025560005,0.0169819736813146
2020-05-14,-0.025996919937108842,-0.028061328178935696,-0.024560043295704936,-0.03728435755699522,-0.041269077635450735,-0.009720540715696835,0.01535942890567732
2020-05-15,-0.0006455711236572625,-0.0008087401629577329,-0.004979962850362618,-0.006229585814358174,0.016198703313159868,0.0051759847236043655,-0.0026725393254718455
2020-05-18,-0.0349253614900622,-0.03497191024667856,0.0274605524391891,-0.05973474023567604,-0.012861614533049348,0.0006070209475028676,-0.07730891478871982
2020-05-19,0.006309873650597098,0.005552161564700953,0.0015662118136763326,-0.007197360902948979,-0.02235453153816014,0.03577142180286774,0.017709432047469775
2020-05-20,0.020891638839326987,0.020403615451881407,0.0025370522662626627,0.03134584366417403,0.01744935829466332,0.028861978652229503,0.017871488783967493
2020-05-21,0.004369195599480236,0.0037016470224564557,0.01906381669197632,0.0028545949123159886,0.005252299478391009,0.07241978900263124,0.03181693780173944
2020-05-22,-0.007384784600816374,-0.008450938224134674,0.014533119211189494,-0.024377129629852057,-0.006753074015439786,-0.0138556539430299,0.016535659490457988
2020-05-26,-0.0011290709703022372,-0.0020655069337927046,-0.03903761102368719,0.01602406819493929,-0.005252771110858312,0.028305062661403646,0.02155086768535419
2020-05-27,0.031173521929996895,0.03201840919560972,0.031560651926483274,0.05838618255675687,0.01498498903050649,0.0023445763451901414,-0.0003336906941697748
2020-05-28,0.01862845149254433,0.018662451440414785,-0.0004987849226578689,0.045007347257651986,0.018301797305755763,-0.007837093336829248,0.04181616434432023
2020-05-29,0.009459777532851987,0.006917190897624437,-0.01606920482423213,0.00674790658627078,-0.0053462007523039645,0.034539398886484385,0.02571633161243092
2020-06-01,0.025338352659721508,0.026761121621465378,0.03629439784485822,0.03713100096407285,0.03749506298121563,0.016085094114197673,0.03206066162296928
2020-06-02,0.015445627746471402,0.015552796741832964,0.0009284484860732078,0.013426310408791942,0.010045620728097227,-0.01659186980724492,-0.018026127827655003
2020-06-03,0.008228342186278326,0.008361203300951914,0.0024466773072227,0.02100660230089524,0.0038670115497581037,-0.0027920793682518763,-0.011684694310620358
2020-06-04,-0.0032303807470643875,-0.003784389679585942,0.021945380861809305,-0.020307543884062085,0.02444503863126357,0.017387287157516695,0.01170221992511955
2020-06-05,0.011209217569657426,0.00898052977484376,-0.020919691443848087,0.03110737633881211,0.0012018819613999199,-0.0007497248837946557,0.009793427477026384
2020-06-08,0.002491414606316411,0.0024276881801288397,0.011407832009096452,-0.017030953474296062,-0.007743061529012607,-0.011819601214072328,-0.001985859123159628
2020-06-09,-0.011952175882067095,-0.012114980851766433,0.00014490576183234793,-0.028556395259274225,-0.020827157966834875,0.004291274362617337,-0.012722782464241078
2020-06-10,0.006893910822071803,0.008514521927070362,0.01755699672099542,0.00459811822158418,0.02251424653266554,0.0027669014066873387,0.0023460627133840006
2020-06-11,-0.021396438367807136,-0.020910263286159747,-0.019682943733183578,-0.023720307277462105,-0.022156364835074882,-0.024410044754417548,-0.04494620249346504
2020-06-12,0.007134696525778139,0.007205087347147199,-0.013707786509285391,0.01450309272051431,0.032691112660603316,-0.0018035136417848818,0.024682878102884942
2020-06-15,-0.016092064938005635,-0.016478283206376787,-0.00471819102890958,-0.034050723705055574,0.01607735812500266,-0.035164880447516644,-0.015583571606992308
2020-06-16,0.010168511071379172,0.011264381570095239,0.007802458205120821,0.041804945083722345,0.0019490601326568324,-0.011821646035149236,0.004818821120975869
2020-06-17,-0.0033189583187080984,-0.0028994900926644362,0.0009769728032020808,-0.011321892322819771,-0.0014536994111757906,-0.02075467561269928,0.03990398817036933
2020-06-18,0.021079446670087876,0.020679134570078972,-0.004748079138387595,0.0407219113165489,0.024792953467424717,0.029366020105138446,-0.0020627845748357743
2020-06-19,0.01502286500294936,0.015192672527435391,0.00318412173100846,0.013052204696538006,0.0606282467117234,-0.013759826757938853,0.03151383235580951
2020-06-22,0.006499449097502108,0.005157449015092297,-0.008176552136779591,-0.004461277559536292,-0.00755951243745745,0.005148482265499688,-0.00022900665304703693
2020-06-23,0.015378829255110915,0.014759905722341315,0.0036176792318016737,0.013085272120546776,-0.014565997553985355,0.004584032937064997,-0.001612637871289735
2020-06-24,-0.01595122425776374,-0.01597342439371019,0.003384417588211619,-0.009446916311388165,0.0040304969872400065,0.03177395185904075,-0.022531579604718743
2020-06-25,-0.0015926248529520848,-0.0007711516389878881,-0.012862571155991098,-0.003638355809158611,-0.005775313672182314,0.052048866484962986,0.0012068076835127783
2020-06-26,0.009104171126708138,0.009403072269259738,0.049708608712226265,0.026569562236709032,0.013730319048842254,-0.03473812283355926,-0.0012849611921375015
2020-06-29,-0.006822760798076644,-0.005981528132132041,-0.008150910355334773,0.01838287326702126,-0.01067886521885164,0.010447298970656327,-0.013329415481555529
2020-06-30,-0.000999372490946726,-0.001308543496493897,-0.009321795856314985,-0.00952450901311419,-0.011116881954217561,-0.013268957622887712,0.027717335000966514
2020-07-01,0.012343324106810272,0.014180435683231352,0.004743517483898785,0.017438692428003222,0.019467781025343633,0.04151029742218171,-0.006047451543272686
2020-07-02,0.011595958752536717,0.012047890707128417,0.030643251585385833,0.004415894481989646,0.01706888474319257,0.01443444667812166,0.024738493764793645
2020-07-03,0.005260117338821146,0.004946015976834417,0.019510329236896773,-0.014283872495697736,0.015528984808256041,0.008224457820401376,-0.0027524871997854916
2020-07-06,0.014627632603289697,0.012849927392270644,0.028481529934139438,0.026690412830691734,0.035116450090219686,0.014067239542567833,0.03177191580294725
2020-07-07,0.003339009534036208,0.005118482269057978,0.0029559788583490842,0.0019474005074053835,-0.01542777979649923,-0.02817095091286781,0.016704360280479946
2020-07-08,-0.008732782060988598,-0.00946558026143407,-0.02272404899556424,0.004694189396998283,-0.014055336871591884,0.010498139835104503,-0.029722192456475227
2020-07-09,0.0100097674252968,0.011186598870891018,-0.006578754069421322,0.013063282826165867,0.014493806041876667,-0.004339622258083153,-0.006981138698611389
2020-07-10,-0.004207349590837239,-0.00390998270089149,0.008132491446284362,-0.017802603652716797,0.0290652681986332,-0.005643848156819509,-0.007810768513101252
2020-07-13,0.0032127228240934613,0.0027115848611494187,-0.0010581382459013966,-0.02274342871931534,0.029873280403623248,0.016331001981536808,0.005559086592272777
2020-07-14,-0.01824900073489033,-0.018168032644494403,-0.021881753360112555,-0.020008994527175084,-0.009345909774348016,-0.008387211752712176,-0.03692413661673122
2020-07-15,0.0010224080867207164,0.0005202201558915931,0.028123527375119473,-0.005397825904830178,-0.03882439041191965,0.014191560091394884,0.005106612115296727
2020-07-16,0.011400923444822908,0.011579028941847369,0.0026210716794885514,0.008885937336114758,-0.00032532956697473026,-0.02471145296256161,0.012683646871524346
2020-07-17,0.014948306530616406,0.014926045310060587,-0.015330903392832163,0.03322847300170828,0.036381210375703965,0.0010311965530700462,0.007486388597206073
2020-07-20,0.010992680250840436,0.010716177874668276,0.0032435614660695222,0.031013074985616562,0.004280136272335255,-0.006981095360339751,-0.008823438764434144
2020-07-21,0.01262611099177846,0.013572722832330797,0.007737545085955588,0.004842417317888703,0.026546950313833584,-0.0023380765263487646,0.04390482305284671
2020-07-22,-0.0026598437419682597,-0.001551640424798606,-0.01544429384041468,-0.010773205640127514,0.01632510570077894,0.022120302326943175,-0.021007438498328312
2020-07-23,0.007414603621326066,0.007076524300504872,-0.00905505027273712,0.0035891203687041795,0.026492389430323726,0.0208943592388815,0.01036530898226573
2020-07-24,-0.0019009541040180267,-0.0003034065448659362,-0.0063762534997646725,-0.010046800361687147,0.0420379770921846,-0.005496006312933233,-0.010815024235137471
2020-07-27,-0.005585495577285826,-0.005105420114606574,0.022639712726197025,-0.03602666806706356,0.004671897202277009,-0.016161810882803884,0.007073813925551065
2020-07-28,0.015045520083450725,0.014608023663017278,0.04559571241243976,0.006601452191860702,0.009921930027239512,-0.0051046697861991674,0.03886570150040569
2020-07-29,-0.008683204468887595,-0.011018863957540148,-0.014698066705835622,-0.0205003395203347,-0.037928509941499655,0.006630801053018054,-0.015664524334241037
2020-07-30,-0.009029356907451103,-0.008839814135191304,0.0015147986799277646,-0.013189972615013978,0.005802005122514942,-0.01717744780329511,0.012891268802800226
2020-07-31,-0.002588449519166147,-0.0034291143452840345,0.0008333717763813198,-0.017135477347498096,-0.019996148346923093,0.00412904872067088,-0.0004231079359264811
2020-08-03,-0.016558554850121254,-0.017903106267823432,-0.012016708778446628,-0.03027564528711757,-0.028509576824784055,-0.008015783952249222,-0.015698727983094685
2020-08-04,0.018525274731956642,0.020055168871845552,-0.001975867102395057,0.03880789560495135,0.0681097910608024,0.00543712712290656,0.030942716642305967
2020-08-05,0.0005766923029568716,-0.0006524652462989167,0.004346947692702052,-0.013628528746251867,-0.011293027362626162,-0.004399241418232336,0.025969129284691306
2020-08-06,0.008833424839240323,0.009568759582945674,0.0212809296242229,0.012716196976714222,0.0035910905938774107,0.013139475681750667,0.004510040678358251
2020-08-07,0.001240233041823302,0.00039757815756225057,-0.005539194002419201,0.003022215284480545,0.005770279668666944,0.0035769170521966487,0.018625804454984518
2020-08-10,0.004990233307852421,0.0037130164846139735,-0.005482703951838808,0.006493343514721417,-0.012469928737804281,0.01418108148408237,-0.010551108334405868
2020-08-11,0.004634224153283739,0.005873793275771533,-0.001271306323464394,0.015113728275639282,0.006559046110560907,0.0209016362868919,0.00607933079703038
2020-08-12,-0.0012460495124759774,-0.0009738070108262775,-0.009940026151489256,-0.0027695815472288388,-0.0029097865104885656,0.005647471144498262,0.012123138620385276
2020-08-13,-0.0007032817179233319,-0.0015425285953067913,-0.0012850290271160247,-0.004380925561948246,-0.002611851379784369,-0.013558533866329547,0.009155469903635804
2020-08-14,-0.010859185489106693,-0.011370664187069224,-0.00547127149178106,-0.023502534653194296,-0.003895428646717214,-0.02538788171970996,-0.021540021863954095
2020-08-17,0.006126903182346766,0.004568576317240058,0.005005049674886131,-0.0016446441064630335,-0.010677456069164037,0.011894188607826983,0.026984395195608357
2020-08-18,0.012217124027310788,0.012471947119228943,0.007229487833930293,0.02273628886704504,0.012922083374305338,-0.001006598440335793,0.018256250179593536
2020-08-19,0.0020225534725852867,0.002241776016377983,-0.005810484265052374,0.009514515715889793,0.006117507451476101,-0.0005038798806502598,0.014002491342536061
2020-08-20,-0.008468153807934087,-0.010266180232774147,-0.0016630802761552488,-0.007150965241499385,-0.016317811948741934,-0.013443485755482598,-0.0022340896501251706
2020-08-21,0.00523717810431279,0.005592026030987185,-0.001888459794588293,0.024853896982317103,-0.007274733724806026,0.005094369517893327,-0.00024377533823738418
2020-08-24,0.008306412509927696,0.009435301456800715,-0.00022197499044551705,0.028512411831030704,0.006654605265532965,-0.0005084627824327725,0.015581375470674175
2020-08-25,0.0005056785922210594,0.0011540206075348891,-0.002427538016939401,0.0023692747634598277,-0.0065344787692138695,-0.006630801053018054,0.0038683256938210064
2020-08-26,0.006719694702452372,0.00590477746652418,0.004826567240552748,-0.0011167547582040527,0.02616630107045026,-0.0023058343274717785,-0.014350198801905023
2020-08-27,0.0008352117348220389,0.0010115922287798895,-0.002265788603347474,-0.005693872868296701,-0.012571097870687886,-0.0035969317006578905,0.012668000071686336
2020-08-28,0.007614134421611851,0.00900582170901032,-0.004390487672644383,0.002155843248362821,0.002626193365586893,0.006670129650933276,0.0008590587529280214
2020-08-31,-0.02258385408230623,-0.021487813379643228,0.008318938962418976,0.0012105719821038363,-0.016894045049435036,-0.023019415607327787,-0.03789159565033451
2020-09-01,0.007240464307210814,0.007029950734546375,-0.004840547588703004,0.010208997619180593,0.0031430303074735377,-0.004720505297189703,0.00955947671973334
2020-09-02,0.005629164732429359,0.004750310077808351,0.008333967410902865,0.006058084251699292,0.01942918804214777,0.006028077471454729,0.0021841916206568612
2020-09-03,-0.0006547270470615985,-0.002435798610777695,0.015050911551001356,-0.0028696269202681535,-0.007593826773174328,0.001305553252421987,0.02170398935850315
2020-09-04,-0.016937375899763296,-0.01638762242712133,-0.004664161596886096,-0.010310463800756509,-0.01663785638859583,-0.02590677929460039,0.016476955561847362
2020-09-07,0.0018687730149817838,0.0015643439884200916,0.016573704559903035,-0.007893066844117946,0.0025961727591763406,0.012772853741644496,0.002645910973457788
2020-09-08,-0.0033256497797893303,-0.0013513198637511437,0.009047773555157512,0.001754360783283282,0.011671570723962077,-0.005036578138720493,0.002057779561111417
2020-09-09,-0.0034829865290948447,-0.004478359480561522,-0.008789448739412897,-0.014441239396297156,0.025420355262652627,-0.023391158248823096,-0.001212030694706101
2020-09-10,0.015070300286490479,0.01678250063110376,0.001502099925987821,-0.005441413892048885,0.06824457186939181,0.005966837000690894,0.002270438011882092
2020-09-11,0.0013267344350840204,0.00036631681625287627,0.018256948793383465,-0.010971871105261322,0.0024819752986831034,-0.0051509550455506314,-0.005275512464066878
2020-09-14,-0.0021306206077902345,-0.0025233974629514933,0.04822647711447914,-0.019377158577826847,-0.007442268218067483,-0.0032672039988410617,-0.00904177487512925
2020-09-15,0.007120536611649797,0.007396409819412142,0.0,0.011792786856303472,0.007054110775887246,-0.008489626496091418,-0.010725226021000012
2020-09-16,0.00715636964398314,0.006598855548588745,0.004644786550306534,0.02139496444510325,0.0024549018126531763,-0.006345850958919819,0.0007300241253815898
2020-09-17,-0.007651223391398787,-0.00825218905561087,-0.016942419961380573,-0.009231824141264333,-0.01116070431528815,-0.011412820743488261,0.003945026380307581
2020-09-18,-0.0009686278452836206,-0.0034444002674653973,-0.00450041128925438,-0.024570448302654313,0.0030188398577708497,0.0027956483963773593,-0.017238066517222705
2020-09-21,-0.022360395533691957,-0.021116291889123673,0.006266583256234526,-0.007595262463371277,-0.021857501384832112,-0.018881604964263943,-0.049717045706653806
2020-09-22,-0.00865016536436336,-0.00792057867175977,0.023115185745016475,-0.013335356730618031,-0.02001415349492497,-0.008858489431484706,-0.028530815075253457
2020-09-23,-0.001956499805187306,-0.0017414877913441984,-0.02224357384296205,0.011379822430296116,0.00884739046273264,-0.009806969122544196,0.009388297305747528
2020-09-24,-0.029750460866297956,-0.03004240810694725,-0.056351872986590834,-0.01622053209485852,-0.022484943199609475,-0.03510147214798831,-0.031817553149226185
2020-09-25,0.022393179194038382,0.02258773476346576,0.03788436639503079,0.013112291850326585,0.009354552073787659,0.024904822245875202,0.03126369332555967
2020-09-28,0.015917509782939376,0.015735138924906522,0.0016496832147643303,0.009722576536748129,0.006586776672746986,0.014823737690480066,0.03110689288002
2020-09-29,-0.0004587461538232418,-0.00022145146870578003,0.025272334673885233,0.007889574905837193,0.01291117207163861,-0.022761592679807485,0.005912628879304549
2020-09-30,0.002238494019396242,0.002491045662040392,0.0015662081134522055,0.014992265306972286,-0.004777285003553011,0.0134861392645238,0.0001038841451705963
2020-10-01,0.01494880056692871,0.01639120274433381,0.012420982142823611,0.025944629283094933,-0.004081145645463913,-0.004962919006924693,0.007806590814249503
2020-10-05,0.007539152980994501,0.007123649698451473,0.06977069405126013,0.006662726663376972,-0.005881792652657758,-0.009408858159144273,0.003312493260379412
2020-10-06,0.013731761801544451,0.015299708531745893,0.0031365664208697908,0.02634702025446778,-0.0008366407731532632,0.003833126776037865,0.010728530994756014
2020-10-07,0.006533795478532056,0.007661848010350525,0.00794475874873335,0.01573952302253101,0.021107121621063207,-0.0023572252722106057,0.022168448353919956
2020-10-08,0.008123590712402873,0.0075872586420331345,0.032277233004329275,0.025107181207967955,-0.008117043824893422,-0.013961351896861096,0.004664996025445234
2020-10-09,0.0067035711010206,0.008100370411384006,-0.0045222489648217845,0.03443128839930942,-0.0025934348311711375,0.004179003482257748,-0.002467764954262819
2020-10-12,0.0014048980594054683,0.002079139609426406,0.006042642397807718,-0.016264020017715985,0.0016105305078601972,0.025586171400291846,0.010458407675635328
2020-10-13,0.0002974848313890277,0.0007808718920472302,-0.00121980742644201,-0.012603316572572965,0.019324461115138192,-0.011976338549592569,-0.014644280556018074
2020-10-14,0.0030578533826588483,0.0041568726743133055,-0.0017600083781665887,0.010830486570275077,0.002977144537165799,-0.013907644564911337,-0.004353259238557783
2020-10-15,-0.02458330944399023,-0.026486556576013953,-0.024865312091067793,-0.035496865746527995,-0.03605212065227814,-0.01652432090467837,-0.015797572836806495
2020-10-16,0.007004361448563756,0.0063873224641461945,0.008248578750908564,0.025417138758949243,-0.014011085023510006,0.00393047676895808,0.0003338110698045682
2020-10-19,0.00935883875011001,0.01115782080161587,-0.018905370290364765,0.00349600428110719,0.00018378597615065217,0.015272025918655174,-0.006248819827865404
2020-10-20,0.001998330514812352,0.0027852608731517847,0.010072723657233773,0.01680760196870512,-0.009371900798763377,-0.004766182273856501,-0.0010732503831327733
2020-10-21,0.0034278639199243344,0.004010691693748569,-0.023493935704707702,0.018416911248067436,-0.014624767000191774,0.001193558298808739,0.002517087744198676
2020-10-22,-0.0034572511936286077,-0.0036625612393752505,-0.0015898203242281639,-0.010806647380267265,-0.00834219876023834,0.0053542199681277935,-0.007357542140054463
2020-10-23,0.0028454880398083304,0.0031266761987023273,0.005841812019331982,0.0020249093546436114,0.0028910606248224724,0.012967973739845817,0.041932859365180875
2020-10-26,-0.013722801719397992,-0.013361409204454944,0.0005207848666426429,-0.020354582430672785,-0.0405401199639881,-0.012967973739845817,-0.006844149571046287
2020-10-27,0.010284540688903832,0.009337188445140754,-0.021830674697468133,0.018167582489610368,0.002657763752823783,-0.008041761989758811,0.014578226590154841
2020-10-28,-0.01353175152603292,-0.014908446581248569,-0.003027198177022683,-0.019241736425200884,-0.011394243323564979,-0.010219532714345725,0.003855108752672365
2020-10-29,-0.0050255491286019804,-0.004332989457504155,0.003976982553696828,-0.018692080744229678,0.0076517224967602715,-0.010019967679421704,-0.009556944933844846
2020-10-30,-0.002436338887171985,-0.003421740742464152,0.012157215245026443,-0.0030791630411277637,0.01352498436222671,0.008508127239299945,-0.021665539518400223
2020-11-02,0.0022950006193998007,0.003616101509871683,-0.022868964174905138,0.026431245892453603,-0.09011799350641336,0.009036230964991177,-0.013995179943584901
2020-11-03,0.012294304533083888,0.012585992628165954,0.011072836310870748,0.026552402196839964,-0.014512645634797927,0.019890868632777448,0.0065303027872509745
2020-11-04,0.008009485529747451,0.00877907973238301,0.007395674157253396,0.007543991775919245,0.03337537742132035,-0.0017653474059011742,0.005869955502147306
2020-11-05,0.017629285844442677,0.017668888424648088,0.012193773044942624,0.009340653234224838,0.02161296424814374,0.02873518686498322,0.019755986725490615
2020-11-06,0.011749715515176007,0.013285718814431746,0.00806568118499662,0.029844887471305093,0.03722674777442592,-0.004588492078163142,-0.026457897280312892
2020-11-09,0.01597633158714018,0.016673768297183145,0.007048545620146562,0.024848464930161462,0.010564256194874666,-0.0066329483934195466,-0.005145234277234678
2020-11-10,0.013554232066477212,0.015842383882070266,-0.02864680158183397,0.03884614363169625,0.016371789821601368,0.03161302629781382,-0.011518047521748898
2020-11-11,0.009302637490367971,0.007275699976510452,0.014314280824613945,-0.0026584041489075005,-0.042806825023419925,0.038228214535540594,0.009362151973345334
2020-11-12,-0.00458732724041333,-0.005439418147060948,-0.006251553088524986,-0.01321706454377125,-0.008649415909243174,0.01446576228466423,-0.002994041167605488
2020-11-13,0.0022943363271252792,0.001977152822197681,-0.005330358375691624,-0.009448843409680663,0.00824872188890513,-0.004798636481108787,-0.004045154745455193
2020-11-14,0.0,0.0,0.005068536335563145,0.007989878105919779,0.0029510148724263274,0.007985263509527663,0.006295094343798269
2020-11-17,0.012053681426341,0.011664570523777229,-0.0016118240603271161,0.0278981211017868,-0.004530073783766575,-0.00664996800371398,0.018679628595902997
2020-11-18,0.004962716492027397,0.005159042870115371,-0.014888592141840462,0.00017722671529085687,-0.003039754279996032,-0.01777122106097284,0.010380595228816958
2020-11-19,-0.012956239372487133,-0.013217092982779732,0.003894813171006817,-0.024686341151676672,-0.007095450530509417,0.020702610009033506,-0.012983925846281608
2020-11-20,0.006816027431925775,0.006453655874601338,0.008815946521507634,0.021095243227730265,-0.03804054670247936,0.020021796086417076,0.0003662597362286135
2020-11-23,0.005227786479062857,0.004431561832513253,0.02377305360931281,-0.0064685049949329,0.026597678373947886,-0.004443986623220653,0.003139044584127504
2020-11-24,0.009907106958531031,0.010064876126653743,-0.0008079399051039715,0.030784621512109922,0.006820358312995545,0.024328387132192653,0.02412783700468779
2020-11-25,-0.015185397205090823,-0.01573114842183365,-0.007652279496209502,-0.024921921536296132,-0.00830823792299551,-0.008731562873073528,-0.014450704784907842
2020-11-26,0.009951532476186742,0.009800221556094613,0.007119460693782109,0.01685876136838793,0.0024613366723711394,0.004888740600973662,-0.008747490815334658
2020-11-27,-0.0013908030691389683,-0.0024888646924647873,-0.015166301006695804,0.009904220731700164,-0.011745474825999302,-0.005920796209652579,0.005923041961517939
2020-12-01,0.010744762423993137,0.011389611197072824,0.017442726398502195,-0.005253790062062613,0.012922647244744567,0.003865393663462058,0.009322876161391491
2020-12-02,0.00035848158075069136,-0.0008379273607790338,0.008308367875403455,-0.018555185023590326,0.001661225148994916,0.007941653660448189,0.014649284432202592
2020-12-03,0.001535405591264194,0.0003273784334822949,-0.014691417386382355,-0.021371875201509738,0.0030085036828841893,0.00127492447881572,0.07130192595131213
2020-12-04,0.009445908959648364,0.009963105227427604,0.006658121071110301,0.0060809176725342695,-0.008847420618063317,0.010142303075922676,0.00824212971632221
2020-12-07,0.007304391112652908,0.007677229816035691,0.003714515297104093,-0.00968151508337467,0.005864419918805375,0.024667865861641936,-0.007686820826132035
2020-12-08,0.002781459960612409,0.003988405585849009,0.021536205057862468,0.0029469153994980957,0.017991563844645952,-0.0034516890952893675,0.002489568211796467
2020-12-09,0.010114428562527422,0.010794509429233656,0.004814661466403969,0.022203247631730427,0.016514953328679027,0.014466296282765967,-0.006909439627667879
2020-12-10,-0.0037619219695148587,-0.003120050816416864,-0.009472714767124302,-0.015288219839828088,-0.009891136475600248,0.03492342425649575,0.0034638483985052204
2020-12-11,0.0026340862816880417,0.00302269378850184,-0.0002512711494775388,-0.002203356961961944,-0.0005980981195374824,0.01678374783408909,-0.00031674756047550545
2020-12-14,0.0032728147749185865,0.0033447802381498803,0.005052255161620778,-0.007731562747703258,-0.007255308194078047,-0.001851000208210607,-0.004763358631285186
2020-12-15,0.000715123436064502,0.0002099284688696912,-0.01300523000819176,0.013859905811136386,-0.008548471717681139,-0.010944461751257073,0.008854049159186417
2020-12-16,0.008429280641864878,0.008679504740655375,0.01888603513071363,0.013847224597756558,0.0011136132917402009,0.0021050234137840462,0.003997051046022548
2020-12-17,0.00422997043801665,0.0047859553066373905,0.008491855598030007,0.02180638277824265,0.004568329299164731,-0.004449147093930073,-0.01321488343427113
2020-12-18,0.0014435425896568432,0.0014992179572281827,0.008001066405162405,-0.02134568093779965,0.0029920501753233353,0.0067827840015448615,-0.0176027712627409
2020-12-21,-0.031908662156302725,-0.030413320774689723,-0.014381317755564282,-0.02780347235238878,-0.026379938444645923,-0.05535005739165566,-0.024593011003544163
2020-12-22,0.010293127415087255,0.009889273324786174,0.018392796439720804,0.0003277165783179825,-0.0015478245679396707,0.002214748619103979,0.0026131698025562144
2020-12-23,0.009960389402298375,0.009464303400619656,0.012540759717269978,0.0018554719059391545,0.003685154459204476,0.02116110522947867,0.007349195291363131
2020-12-24,0.010833634066335307,0.01133328983266857,0.00020631830511153026,0.015472295541854031,0.0255473778258688,0.00408321509735643,-0.0005236829145829347
2020-12-28,0.008974658395164425,0.008061569465230178,0.006867754635480061,0.011210154628225055,0.004577958793889003,0.004305112920454768,0.004950061192911193
2020-12-29,0.0042724542962595535,0.005461460063756363,0.0003755995926519873,0.010105685785674723,-0.006636158439647488,0.009737663562392918,-0.004104342781490189
2020-12-30,0.00353583616418085,0.0027924012839193324,-0.007260665347442519,0.0037067683338749546,0.0027348715176502836,-0.0018926949650710512,0.021314727561192015
2020-12-31,-1.4318227638199232e-05,0.00010700536656749193,-0.016129880358949578,0.0026491747777432906,-0.005124542740930771,-0.01023436719279136,0.004809201409852193
2021-01-01,0.0026249780699956204,0.0024608245853237065,0.022622291365033576,-0.0078634875794652,0.0011075421464807889,0.02294045497370245,0.0054364535586408635
2021-01-04,0.008127554493473355,0.006409888335243252,0.037271766779136684,-0.006370875352643246,0.0016841013703352559,-0.002106594691706043,0.0014291864874440563
2021-01-05,0.004701312357864751,0.00540251995169605,0.01746480554295715,0.007527988822908505,-0.01250985272830718,-0.009179800733714494,-0.006101176491251081
2021-01-06,-0.0037571814216637023,-0.005459440824401085,-0.013508203350817816,-0.00432001309169916,-0.026726013959372352,-0.029029155880066604,-0.003513447588995078
2021-01-07,-0.000629367622346777,-0.0016773760976498409,-0.006146970966277365,-0.0030315118851120815,-0.0016207490914394995,-0.012738962466159798,-0.008233330488813806
2021-01-08,0.01473808253446407,0.01422858558518314,0.02863504048543497,0.010815123605011578,0.011730156414252235,-0.006431006116636162,0.05763118781133869
2021-01-11,0.009538085628550519,0.009929699089937571,0.01764289463726776,0.013735395179804932,-0.019029888715527576,0.004950715239067982,0.02681782599798943
2021-01-12,0.005418606822104266,0.00501667249154103,-0.0005035555005585834,0.020154372709240143,0.03103295846316456,0.0193182219705319,-0.005444343496240123
2021-01-13,9.608621670054163e-05,-0.0005007414565696422,-0.005020922962271079,-0.007012936038568007,-0.009369179672281902,0.02298407519573864,-0.005903969989695668
2021-01-14,0.0021090217895647356,0.0018539187024018133,0.030531889835784476,-0.001292728412724209,0.011181352688599766,0.013634473522361468,0.0011787097534377011
2021-01-15,-0.011154322960653218,-0.011143793865691975,-0.00535176631354517,-0.001430858424036785,-0.011877890160302051,0.017129910077707144,-0.01542003928554081
2021-01-18,-0.010614788200058456,-0.009639571485124065,-0.0035939657681094417,0.011153527134608154,0.023717177959563962,0.008683898188447614,-0.02448492699081939
2021-01-19,0.016655258756415492,0.017027723543796114,0.012017270962075166,0.013894020979299704,0.016223961005327858,-0.004103983722096416,0.011673988251990508
2021-01-20,0.008472274336760677,0.007940971313312062,0.014643635245276343,-0.007910962156263857,0.018816017510853378,-0.005498401548250875,0.02767863863295439
2021-01-21,-0.0037181840918023568,-0.003366823186508938,-0.010618885997795147,-0.011595086524244458,0.021521732814931305,-0.01831497020796391,-0.008408574369823896
2021-01-22,-0.015085386074710883,-0.0151515111885967,0.008894888569181525,-0.02141703275124396,-0.024006867617458738,-0.014137878618562638,-0.0034603168852225252
2021-01-25,-0.009297255190251263,-0.010922053625826322,-0.0035789448225660436,0.01328107384200461,-0.05444139379363744,-0.013859374740864183,-0.00840286063375828
2021-01-27,-0.019244480891584814,-0.019584678704388736,-0.009233551018953179,-0.03708036592342623,-0.023984479449183027,0.013621947312651095,-0.013953977117749261
2021-01-28,-0.010793693167933327,-0.011360876309217005,-0.019977032702435338,-0.02743750460216532,-0.009783755581479703,-0.019413581680487013,-0.03653851022093946
2021-01-29,-0.013328858232496188,-0.012636257217826241,-0.0270153366282031,0.013794917084486435,-0.018610262577757553,-0.016347660151512677,-0.0516296735457793
2021-02-01,0.04633334971971692,0.04880150909539438,0.008959004985793051,0.060180203065276494,0.02855240893204858,0.06061012791450793,0.026448737969419156
2021-02-02,0.025349539675742605,0.02433310534035904,0.020212597699794443,0.05519457922883486,0.015964254944525358,0.010365293631712014,0.033866985201310484
2021-02-03,0.009654368913945888,0.009155793505067678,-0.0010617998186210897,0.009089998616229167,0.0025153561460893314,-0.0066673836628083905,-0.008593742993264541
2021-02-04,0.007121340982024549,0.007108960714163004,-0.00363169346883474,0.0027267166721101077,-0.0032944499572158392,0.05911725282680802,0.00667139751357837
2021-02-05,0.0019181565175809823,0.0023156314242278597,-0.00961188200891705,0.011647410281387494,-0.0002860018086305871,0.018953624497657806,-0.01927488009763323
2021-02-08,0.012753134705386415,0.012091413305101995,0.017624536152192505,0.004777056401801261,0.014296295082752764,-0.005348022700340849,0.010677846926901324
2021-02-09,-0.00043010611605609483,-0.00038355705618897673,-0.011641674374516242,0.0041032293148903776,0.002405612337563312,-0.017745589843327636,0.006900588899041438
2021-02-10,-0.0001853205749053899,-0.0003836280973636974,0.01139244278687368,-0.01885085362630079,0.009235603576617457,-0.006352113651427516,-0.0007016694721855288
2021-02-11,0.004412176664708056,0.004319861645432965,-0.002274296962220923,-0.005960507713419716,0.0404025819528222,-0.004845838046673379,0.00597157903856349
2021-02-12,-0.0006592696934379916,0.00024799705744271705,-0.004752504826006643,0.006086791027024141,-0.0068826643098782725,-0.04055516435541229,-0.012976174873770674
2021-02-15,0.009935142462115465,0.011761704724101207,-0.01609632324273491,0.021667041242497298,-0.004418042053861981,0.005274651133746033,0.0037124579148777315
2021-02-16,-8.162425642765925e-05,-0.0009583320406925111,-0.00993834223653689,0.006197539438304922,0.013147501202395162,-0.0016022942719100541,0.013129831737504816
2021-02-17,-0.006850731452784586,-0.007713196185562765,-0.011549888304589473,-0.024992401493329375,0.011466057570814314,-0.0022936763925311965,-0.025507584721347953
2021-02-18,-0.005931871684390799,-0.007359873399874317,-0.005138476372774647,-0.020504861689761178,-0.007492410480982592,0.005039052554989709,-0.0007532770794362875
2021-02-19,-0.009116143118184539,-0.008510192034931308,0.004731536478291609,-0.009827552943249884,0.006075195304553915,-0.013339791720482275,-0.02355623607236801
2021-02-22,-0.02063971564030531,-0.022765465794902795,-0.03761428796411437,0.005765825066298191,-0.03532310868423938,-0.017747564876825273,-0.03283547286795674
2021-02-23,0.0021848739697052366,0.0001425155376733045,0.0073245360391842596,-0.012251573224140166,0.007614946153502444,0.0069786358135157656,-0.016497697759804808
2021-02-24,0.018471528500521472,0.020497076181884566,-0.010829288820907834,0.04931466344529323,0.01838741807024391,0.0016772941682763332,-0.002520814767203561
2021-02-25,0.0076697253313522396,0.00506020835005927,0.015883497211870434,-3.1208198115528774e-05,0.0396451336731678,0.0014356305512457368,-0.003255705667333686
2021-02-26,-0.03836220275630353,-0.03873729645471791,-0.034301238183647165,-0.04585623482158585,-0.027684002515896644,-0.02566728494429693,-0.009306780646548773
2021-03-01,0.015868810877019968,0.015156487510029848,0.010277568041146878,0.01584110804735861,0.007594106021656444,0.014850980004792014,0.021447116519709652
2021-03-02,0.010616431079728983,0.008927974955174278,0.027706204819851976,0.005948008532262072,0.0020438229892603132,0.014395650299041662,0.027986766960552245
2021-03-03,0.021648666152392693,0.02256318345535746,0.017394042629059747,0.0118225150428648,0.04462106198005422,0.00023827905493245538,-0.012469859064472288
2021-03-04,-0.010871815118793648,-0.011703448881764444,-0.00307775013357503,-0.022174334230950166,-0.011992137164051897,-0.0011913155092155847,0.0009679306827443668
2021-03-05,-0.009504125991606216,-0.008706261906137769,-0.013751277109228077,-0.01430883939511407,0.0013089944576103463,-0.005499261712810899,0.01632790496435277
2021-03-08,0.0012109725444471309,0.0007089991278022012,-0.0003657736219748742,-0.006886549127540498,0.005675466440417054,-0.0026409039095218745,0.0014475509446061352
2021-03-09,0.009462861169808434,0.011519394601776867,0.014526581495527324,0.027905828882896166,-2.2976451901968176e-05,-0.0009619331348185156,0.005775550166521981
2021-03-10,0.005047340602462924,0.004966165710227344,0.006534216526818959,-0.004329273386160182,-0.0041618434483465805,-0.006275550689837317,-0.004041418571134159
2021-03-12,-0.009524722735275049,-0.00955089069893944,-0.004242376365920286,-0.002445606084791052,-0.020535209371506546,-0.006315276658716229,-0.02448577391600537
2021-03-15,-0.006772300308835355,-0.00784688594425198,0.0026781516854503806,-0.015127310873983113,-0.013517295253323347,0.0012174250763781203,-0.0009727616396162375
2021-03-16,-0.0012767988653301643,-0.0006176555230936742,0.014215947481892144,-0.010852358271063345,-0.00394334808613106,0.011614089051624532,0.00856765862823039
2021-03-17,-0.012766911155539518,-0.011228322951414071,0.0009320239973300559,-0.01117221848456662,-0.02177699410360301,0.013143817045989437,-0.01205078863890563
2021-03-18,-0.011165071153973471,-0.011818205611310972,-0.02486525307985943,-0.002913361592973729,-0.022759218347733423,0.032927811662851525,0.006926025394895063
2021-03-19,0.012705880170274853,0.012954414190090802,0.004501573211890708,0.0043501697444154885,0.03564201843767112,0.024059104931732023,-2.8073705509612523e-05
2021-03-22,-0.0005155703072308171,-0.00174545123605796,0.025713967656488812,-0.019113126077552778,-0.00945856876365525,0.013587653609821615,-0.001730632037938662
2021-03-23,0.005302656033791209,0.005613011745356999,0.004129477937169668,0.020881088134919068,0.012096931387747922,-0.01695722210069306,0.011898736101288776
2021-03-24,-0.018073523592070373,-0.01755799312243589,-0.006864975644889526,-0.014334132411948808,-0.019445487515343807,-0.02853093237139781,-0.016846638982970674
2021-03-25,-0.015550473459416736,-0.01516489299703494,-0.01818711599547207,-0.01050256630090729,-0.02765872623010779,-0.020349190438414766,-0.040335962198785325
2021-03-26,0.012652648509181574,0.011665333901566655,0.0006361019108034327,0.018919773042248345,0.0016055893317696857,-0.0033136078454072404,-0.0003536940967361346
2021-03-30,0.02301786060270139,0.022757091536895757,0.029478642717956305,0.040990962565227385,0.01722214527760091,0.017158538464640216,0.009878162965327064
2021-03-31,-0.010455164345431811,-0.01259337457391041,0.006091587141543009,-0.039416333222169975,-0.012994774733122938,0.018243326961990824,0.0010794019846258607
2021-04-01,0.0119528533440878,0.010461920638181965,-0.004051550341424459,-0.004630353396247955,0.009316880891181434,0.007068788147938321,0.009388424948058471
2021-04-05,-0.015560296479188551,-0.01755293148047876,0.02308056304987982,-0.02530482094701192,-0.014572496252281297,-0.034677555882502986,-0.022692425390030024
2021-04-06,0.0031172037135114294,0.0008554292595981394,0.007934105313608164,-0.0064709372902367335,-0.004174121528497388,0.00047037930584803433,-0.0025518286882988406
2021-04-07,0.0091890876818983,0.009313367225324498,0.002050179665807228,0.004814045630202379,0.00930487244766276,0.005393427995509015,0.016701073297822333
2021-04-08,0.00368776070793686,0.0016990435839048246,0.01394839954143734,-0.010000137930192388,0.001247473504362162,-0.0025756980797444484,-0.005572680999446078
2021-04-09,-0.0026221466406610716,-0.003118473925722398,0.0014757896794526104,-0.007742077617705512,-0.011686870654465942,-0.0007036657193593143,3.664032680283924e-05
2021-04-12,-0.03596463281724027,-0.035047376212322234,-0.023049290510698484,-0.03923340389743224,-0.03642661968837846,-0.03728954991986022,-0.04593352319850652
2021-04-13,0.013465132344700592,0.013703361683139903,-0.04488521220283026,0.02406712283513812,0.010747040766895033,0.01642555085451658,0.0442770245480304
2021-04-15,0.005270570669209107,0.005333903259863604,0.03634739146639543,0.02102215971809862,0.00644975459917152,-0.009629228246353705,-0.025491692417329403
2021-04-16,0.002493171628126234,0.000580762162217141,-0.007421389829776359,-0.0010145258746545593,-0.0062944505420476915,0.0060292647773110275,0.0005792737225647215
2021-04-19,-0.017835082308829797,-0.018239731184268138,-0.010492085052931976,-0.011439556313114885,-0.01585919086216414,-0.011365150245716826,-0.020722804464881506
2021-04-20,-0.004400491009082685,-0.005093744256480903,-0.00547077184624456,-0.01497990358334711,-0.00028933037635248127,-0.01002083783008434,0.02050461012981053
2021-04-22,0.007647441212800032,0.007827264064721007,-0.008222659935320564,0.0221055370160661,0.0027576563567563994,0.011478862389505906,0.000519081863599169
2021-04-23,-0.004508280094203343,-0.004214772984727944,-0.0029863261826372778,-0.005887348093830624,-0.0010757987666369928,-0.0026746552813996516,0.003902024307510743
2021-04-26,0.009966685459202651,0.010555600135980114,-0.0028017018854793463,-0.0066336904496857585,0.01743822130961714,-0.00024380641777899115,-0.005587839431148822
2021-04-27,0.01153486037014062,0.011458569199790603,0.01001147364778987,0.02384507376727729,0.02587696813382223,0.00048717540563369965,-0.01062257308104364
2021-04-28,0.014330678808834207,0.01600592298947845,-0.0025254900670024227,0.026137662916972282,0.00434025172946928,0.00048684372659391073,0.0007684539205428109
2021-04-29,0.00203972830553667,0.000645258978673624,-0.0028367300583855837,-0.002916050444119911,0.01330417137294937,-0.005856591337634498,-0.0012405798800418921
2021-04-30,-0.017869525228608296,-0.019962083264893238,-0.025883774265174964,-0.0417420005866882,-0.014707030660938258,-0.008356035031424902,-0.016895809625731673
2021-05-03,0.00020849172729064946,-0.0013095236389482068,0.0004446215117210883,0.0015211440270785914,-0.017933752421022575,-0.008177301666326464,0.021788232127345708
2021-05-04,-0.009450624224998094,-0.00959062877804051,0.004189076899155708,-0.018624794096932185,-0.021906893076415024,-0.0067408374720390185,-0.01367322835717033
2021-05-05,0.008336116981917385,0.008749347352930315,0.01495469261855309,0.010211620445566894,0.0018245859441741175,0.008977659187937803,0.01249793790501208
2021-05-06,0.007289775876841986,0.005576546889608736,0.00507480234272073,-0.0012126093163962182,0.005660714568982428,0.00668060069437626,0.011548923400962252
2021-05-07,0.006657040403640124,0.0,0.006869883004899435,0.009837877205086443,0.0003883408583105208,0.0127422929106622,0.005445097312017921
2021-05-10,0.008009262800994676,0.011226857299751813,0.004014049767683936,0.0035983733954116914,-0.0028771741037321164,0.0009734040776416819,0.00905189309062493
2021-05-11,-0.006149068019027482,-0.006904284447379894,-0.0073067821399215305,-0.011546308981072784,0.0036016691473879092,-0.007569234233345767,-0.004051754358755488
2021-05-12,-0.010440998826451775,-0.009626957383900958,-0.01127212473696293,-0.002889893840531066,-0.010399813312119477,-0.003683342321076033,0.011937324729801801
2021-05-14,-0.001273235308628884,0.0008570840950579139,-0.011760706102545981,-0.009079979138439498,0.01254423798500337,0.043328097010964406,-0.011974457020397011
2021-05-17,0.016577589783995705,0.017255058953480784,0.005963055004676754,0.03778166320724452,0.01182771787980208,0.00164768407597915,-0.002757462125527965
2021-05-18,0.012317273309973231,0.01227985235658835,0.006186151596070388,0.024993235425177396,0.013980935687413876,-0.012066910280608134,0.013785501636110808
2021-05-19,-0.005172788238333226,-0.005808192294400882,-0.0022035011625574086,-0.012607214204257033,0.004567063063308119,-0.011010175155697688,-0.005181405563487118
2021-05-20,-0.008291052039504976,-0.006791817396681665,-0.007163966407841116,-0.01757211352091037,-0.00585061520942709,-0.0036165483925101327,-0.005631346340891241
2021-05-21,0.017901935532298907,0.019492506320132108,0.006676885006315025,0.04403304675176667,0.008600986401465782,0.009854643455152079,0.011333732527749163
2021-05-24,0.001475020227593049,0.0022021028654286567,0.0003246872097264486,0.008412907313238627,-0.008475092368076531,0.011651477971090785,0.008322341073400352
2021-05-25,0.0007070938155475659,-0.0002836858227084349,0.015371064079103824,-0.020744322413953853,-0.011395997402626534,-0.002840893899828778,0.005833061726404409
2021-05-26,0.00609640063365724,0.007476068295160232,0.014189343807194277,-0.0012852945433570184,0.0035085819569840027,-0.001423617448492287,0.017568099127302617
2021-05-27,0.0023759962804952295,0.0019131818101527642,0.006783902987812951,0.003784095769467477,0.0030663805490478424,0.0026082505819067237,-0.009340762796865576
2021-05-28,0.006356190262520656,0.006000912568948635,-0.011512594901144091,0.013931382824333483,0.05833284798912963,0.008253825040794638,0.0001578924634255685
2021-05-31,0.009487934891090788,0.009956756121733079,0.004934298139636972,0.008213883049116077,0.030788975027062015,0.0172297646878814,0.016548045831596525
2021-06-01,-0.0005103206201084731,-4.933941964146982e-05,-0.0019483940237181585,-0.0027414122901152638,0.003972991358002886,-0.006252266322706923,0.0006842591455136215
2021-06-02,8.671206568067191e-05,-0.0016456903003110313,-0.0074972635678483,-0.005106763313935225,0.014805210501377175,-0.029465752734715522,0.013106274913095461
2021-06-03,0.007301728008600961,0.007358645632487892,0.0037636202463131596,0.01094398891880033,0.0038088276282390865,0.00023921212406996517,0.0034456634768069705
2021-06-04,-0.0012818385093087414,-0.0025376369217759986,0.0007955642307377886,-0.012973823298739084,-0.008704261317608264,-0.0014361318346187701,0.0007210827799397634
2021-06-07,0.0051811361952527335,0.0043754562260307495,0.012470501186815142,-0.0007332075114945269,0.01670505101779174,0.012851260806447051,0.008412505717936725
2021-06-08,-0.0007335750962056409,-0.0010122245660451057,0.0053105835601261475,-0.01126427193356605,-0.005763099344169298,0.01035041425554084,0.008362948992591157
2021-06-09,-0.006677220043075138,-0.0064083624439614795,3.1435346563135624e-05,-0.0018560974816868026,-0.018043129051037887,-0.005397042770960425,-0.013412990224745514
2021-06-10,0.0065279335188339616,0.006884541082847306,0.005158224843730963,0.0005067479312579337,0.0036714041819081444,0.01333000174577581,-0.005415964987470545
2021-06-11,0.003906490354253833,0.0033269910977828943,0.017564244012949537,0.0035720591771433163,0.01719693896472574,-0.00671147828920482,0.0033139339898813347
2021-06-14,0.0007908589968401714,0.0014619109701481392,0.0007785494092793499,-0.004653147469918295,0.01424415934950396,-0.002889999324835024,-0.006381139436067329
2021-06-15,0.0036236402234770537,0.004206422728829651,-0.00415951129259895,0.007273490945510552,0.002269294377024167,-0.0012068863364156357,-0.001617431845829742
2021-06-16,-0.006429256198968503,-0.005149766442215764,0.003548857796351612,-0.003798443073412372,-0.017214111582915415,0.003856303059965427,-0.007282634790890086
2021-06-17,-0.004841201776747184,-0.0034085760226751916,0.013167404405975525,-0.012539617350721954,0.00182955368414639,-0.010640962857333847,-0.02057789715892433
2021-06-18,-0.0005132013116728729,0.0004035835014892797,-0.006182766820347574,0.00930131256383504,0.004503304139391595,-0.0053632461527248765,-0.0014358256260802449
2021-06-21,0.004018503199420209,0.004384568747322959,-0.0073661371655528995,0.005996186829132277,0.005198242885748883,-0.0004889216902057569,-0.008579216385138366
2021-06-22,0.0016656491552922148,0.00027100742271457534,0.00854827288240756,-0.003296770460319287,-0.005153403103887122,0.0031740943236640007,0.051616522127309494
2021-06-23,-0.005454598542620204,-0.005388894891758866,-0.012129501691518385,0.0011449861756167579,-0.009207631810593142,-0.005622849870804636,0.02276576813143194
2021-06-24,0.006576170313444152,0.007483899177760378,0.03382398306789014,0.013871555287793491,-0.02379183426649245,-0.003438047501246544,0.012667092671245328
2021-06-25,0.004416920149497017,0.004280075058185062,0.002131711283332116,0.005858455076938718,-0.02304035904048174,0.008817121946332662,0.01601864155031585
2021-06-28,-0.0028823598351763735,-0.003585998374752819,-0.01311495259978468,-0.0044651882835795575,-0.008805715999451458,-0.007096481689371714,-0.006920152838901572
2021-06-29,-0.004197939462443401,-0.003531926471783464,0.001227979559517145,0.00013319704934033894,0.0008625330046729829,-0.0014747061953768181,-0.014419859797733636
2021-06-30,-0.0017127578361915141,-0.0012748303617247103,0.0014656403031523269,-0.002766688224896008,0.010885086042067726,-0.002955580471052599,0.0037858266565002907
2021-07-01,-0.002643187373942979,-0.003131821638898913,-0.0012710899458836522,-0.007471664454628879,-0.006035250774185208,0.001478882167119444,0.009072709504888365
2021-07-02,0.0026877238189708663,0.003169184435753536,-0.004814894880418308,-0.004280245828467422,0.014715134666978713,-0.0029599546663456877,-0.0013918882138614919
2021-07-05,0.007107867426691783,0.007504032861437082,-0.0013388537782388354,0.010114730976924946,0.009885021785540182,0.006156777844527284,0.003374369047669745
2021-07-06,-0.0010172694162271512,-0.00035596941048687825,-0.017833562010923565,0.0259079987565638,-0.011883187251763516,-0.005662905347706193,-0.011181547115086232
2021-07-07,0.0038741031212286003,0.0036553939705736838,0.003870078547415723,0.0031227113006027096,-0.006966034615162542,0.00615402503310758,-0.00876095899199214
2021-07-08,-0.009602209739378864,-0.009199142316264286,-0.005035699634053259,-0.012451454529068151,-0.008304440588704054,-0.008626017019571997,-0.0064912860717285525
2021-07-09,-0.002425422890818041,-0.003482443969975435,-0.01557251851863306,-0.012208621520159113,-0.010279084121571636,-0.003223070887942825,0.00330483672324533
2021-07-12,0.0001784315251356361,-0.00025773470873780013,-0.004702250121353835,-0.010036999508665545,0.006208930334669738,-0.0012424789467386788,0.005961437109343493
2021-07-13,0.007602016805080325,0.0075524406353899565,-0.0017394936570216402,0.009937035982453324,0.007457452963672395,0.00372244130496302,-0.005335387943901537
2021-07-14,0.00262743737830462,0.0025421705034052167,0.00843483072913287,-0.001799342391558767,-0.006546161446214782,0.01108545426768881,-0.01404097018970063
2021-07-15,0.004421284031463912,0.004804719950131542,-0.0014354417303392708,0.014272405501682961,-0.0017512641120731587,0.010478891627784037,-0.0026993189417794383
2021-07-16,-5.022699813750364e-05,-0.0003535872365620918,-0.002547461727795408,0.0010845063710922531,0.014327597913564638,0.007968117382520568,-0.00047226589475002356
2021-07-19,-0.010796990571542153,-0.011101277177139934,-0.0031978533490288896,-0.03431278644353242,-0.006387481940610229,-0.000721830707221649,-0.019075748375209756
2021-07-20,-0.007666291987630913,-0.006775782436680089,0.00663492261050358,-0.019114329755247184,-0.002456634158781945,-0.0045831259551158965,0.009327772968550363
2021-07-22,0.012204454864528813,0.012161711747797455,0.003285378225827529,0.0038384414145129497,0.01276560922675074,0.0009665006193024794,0.009200182867409978
2021-07-23,0.002020196355298154,0.002619525155708402,-0.0010886341334606087,-0.004115550112527622,-0.007098285264931725,0.025752460575111158,-0.0007811459097748497
2021-07-26,-0.0019948940107941127,-0.002334565975568026,-0.0047735025768389505,-0.005699774060121676,-0.0137956083691817,-0.0059024833803569265,-0.007990585281330453
2021-07-27,-0.0049412691902830375,-0.005188385673767115,-0.0045763956351825286,0.0036182053881130827,-0.01057647919369753,-0.011910524242919607,0.0006147510743943485
2021-07-28,-0.002355671274525406,-0.002571846810958789,0.00465452981852188,-0.01571580152254981,-0.008625951475761617,0.0021545165986713855,-0.010440582971201096
2021-07-29,0.004385813200055821,0.003984130616469628,-0.0006256759291760616,0.0006699552225963856,0.007774013984888306,-0.01469401388029734,-0.024233882346820224
2021-07-30,-0.0009765161358075147,-0.0012586570512134188,-0.008910512030948503,0.005765274070580695,-0.008780625552865295,-0.005352623234057496,-0.0022619052704619946
2021-08-02,0.007716153904230083,0.006894053982044568,0.016268112241274224,-0.0026675276074508147,0.018112385011841425,0.011401124282048869,0.014123827565883929
2021-08-03,0.01534265312821681,0.016347612723711435,0.02014131544337694,0.00843445793849984,0.007331227414941743,0.012463990823747828,0.017154613499497984
2021-08-04,0.00790690037920072,0.010100730192005969,-0.003339256722954431,0.02110422602770079,0.007634620620244448,-0.006212802744739676,-0.013494540011969036
2021-08-05,0.002199451962862753,0.002261021771143845,0.0030498363211783897,0.013253746785585108,0.014393832036031284,0.03138163221003776,-0.0043094719022942485
2021-08-06,-0.0034672374282358476,-0.0039555073912271865,0.00784075792454253,0.005239376198979073,-0.021405927449978712,-0.0046563905012169116,0.010369264200502215
2021-08-09,0.001233969071151364,0.0023027642831756623,0.0038900996666706433,0.007508626425937415,-0.00571268697842342,-0.0021025851005394003,-0.0026863813930990688
2021-08-10,0.0013430068163522435,0.002786566792643441,0.0033649571775038467,0.0024903987523741122,0.005233816302502525,-0.018648233744401388,-0.011332258645531113
2021-08-11,0.00013207834532380502,-0.0005267751018855904,0.003084799088220791,-0.008459460068861446,0.013911183557895335,-0.005734614709253627,0.0027880457419708904
2021-08-12,0.005032710127087725,0.005816072763447977,0.0022553525356343584,0.004305343190530664,-0.0032168416634519303,0.0011975467673996931,-0.0013538849419116872
2021-08-13,0.010014172717061953,0.01076001973140528,0.03276790520144601,0.016382848170182207,0.016517630090185698,0.012132896829408324,-0.001398518469038379
2021-08-16,0.002051917653368207,0.002617353976779313,0.0027535087159762384,0.0028788701814619344,0.012896269854249631,-0.0026045188426513377,-0.02536104906049097
2021-08-17,0.003107445463957248,0.003765511844585845,0.0228022236161447,-0.01047543707351739,-0.004264953439093944,-0.008093446796313408,0.008539905313110552
2021-08-18,-0.002757400455017489,-0.0029218954898500016,0.002108516334667243,-0.001089853137079544,0.003873844592394704,-0.0011956480058712415,-0.006600919691006624
2021-08-20,-0.007168531033199699,-0.00541045284801811,-0.00029497901470776355,0.0011559334287243317,-0.011294064608732057,-0.00023928318457233644,0.001577659128605191
2021-08-23,0.0027892869980643553,0.004084751616623805,0.021649082537877007,0.006481627668222245,0.006542015366500564,-0.012524395260494536,-0.0036558386182168334
2021-08-24,0.0077383437209856965,0.007231206500476262,-0.0066753918850182,0.02221629508866041,0.00982506305808073,-0.002669532697781918,-0.003331075509635184
2021-08-25,0.0006043901504657612,-0.00026396979657583586,0.012596204680390244,-0.0009305542781090637,0.008617799255695502,0.003154253887914571,-0.013578026870149529
2021-08-26,0.000135250684179411,8.741585880045477e-05,0.0035058276087749363,-0.0016708113719383633,0.012564911999464634,-0.008759289984526575,-0.015443235920194809
2021-08-27,0.004096857993577174,0.0031339581491653945,0.013068226879020983,-0.004092525184392848,-0.0013684031294127763,0.006333880798255365,0.0024559620079624978
2021-08-30,0.013429259014095862,0.01353905538398692,-0.005079878339310895,0.012705890145756626,0.019054901237918642,0.010147349818435458,0.025638761793086218
2021-08-31,0.011810427696351766,0.011580283972387306,0.022744674137687326,0.008350189937549324,-0.005344034569174205,0.0157408333313791,0.00721263606117617
2021-09-01,-0.0032710789243957095,-0.003728415252385986,-0.019063471346228766,-0.001455422007449414,0.003955617076193185,-0.008555113494383093,-0.008979651720375514
2021-09-02,0.009204293951086129,0.008930084107973357,0.032260344947040664,0.0062498094656895375,0.011969934720863051,0.0011925110003376815,0.0011784566625667736
2021-09-03,0.005176808010643796,0.004783665006144133,0.0013803592288788025,-0.008183224051721893,0.040194198848956475,0.004044345147089956,0.010281303113524487
2021-09-06,0.003123863322045395,0.002868084784674707,0.002586503417047581,-0.006588795085423982,0.015413504617162843,-0.006191907933220442,-0.002363357358360574
2021-09-07,-0.000903927343921751,-0.0002990260298236791,-0.009416008664244302,0.002264986419298509,0.0062876736712320636,0.011637511894156738,0.004408421983598032
2021-09-08,-0.0004954320044969762,-0.0005014814254948874,-0.011001267981571416,0.004545817835357013,-0.0039201400736477154,-0.002363968293273011,-0.014042988683083735
2021-09-09,0.000907186272986138,0.0009404734529887548,0.0045600720815244244,-0.004960249264400751,-0.002367533597584348,0.006605398800905604,0.00309211557025435
2021-09-13,-0.000803421163787732,-0.002185878248678108,0.014129213975463628,-0.00835426966602526,-0.02253514753598118,0.007029052659276225,0.010449094364783917
2021-09-14,0.0014221395731315312,0.0011909507680520903,0.010490222049842401,-0.004510095814045378,-0.0013081163249690775,0.009064556373727939,0.0030141718350833457
2021-09-15,0.007991527890878203,0.00814073399644677,0.01751210992946639,-0.0011307716320105854,0.004150160972971051,-0.00046295868619417035,0.00210816913734746
2021-09-16,0.00626198753075613,0.0070922659178069836,-0.013044663285462832,0.00846549572669364,0.020764274546983152,0.06605653032699266,0.003171911539666894
2021-09-17,-0.0025188171588137465,-0.0021203910787672697,-0.01951881640329134,0.014130817559600217,-0.01562679770514741,0.0017320351269525247,0.011975453703064076
2021-09-20,-0.010762766217952802,-0.008935046129623814,-0.0011371258428258813,-0.014194900826079326,0.0015882919201883894,0.011185367558172565,-0.009173089867845263
2021-09-21,0.009445425055689682,0.008755059866743409,0.010264840142943044,-0.005077583793796414,0.004313450253719431,0.03261732388887406,-0.025264718764841376
2021-09-22,-0.0008744061752441468,-0.0013217959944391566,-0.00020711943315276926,-0.011829053612040674,0.010671904199629267,0.008247434141508414,0.00793659801652069
2021-09-23,0.015623838077429397,0.016127099454880778,0.0018367321456320695,0.023392562793925542,0.02414543707875083,-0.0041152145736127466,0.0022957302220802944
2021-09-24,0.0016958112674263504,0.002719991150314627,0.0005296975240405288,0.019896269574270598,-0.0028959036507769653,-0.016841961315560816,0.015298564598881015
2021-09-27,0.00010643971788937279,0.0004896537256211531,-0.00891264016478921,0.0145974024729707,0.016676498269686313,0.001047884010086264,0.06288073046701648
2021-09-28,-0.005982542262753299,-0.006852516647668949,-0.015178601100103606,-0.006203429273671901,0.009305247252650695,-0.003988004859447614,0.0027517464489772436
2021-09-29,-0.0021037194955439986,-0.004271591493010263,0.0033679388652387843,-0.013213417948202633,-0.007959257263203234,0.0014710617317161834,-0.00537560824006178
2021-09-30,-0.005273255224157225,-0.004840756110997546,-0.004321181467778601,0.0006898238542696333,-0.0034079921444059025,-0.008223474413178167,-0.006249115995892396
2021-10-01,-0.004898963801204914,-0.006120560640987094,-0.01208402834157063,-0.007710110652554114,0.0017649267090567022,-0.0033933818228852886,-0.024241929267303064
2021-10-04,0.009039488024265907,0.00904156664129907,0.011487981797225544,0.0019252179531275004,0.012776138628098899,0.005297001276832525,0.001116254136384498
2021-10-05,0.007380358946067034,0.00748563436496319,0.015776064785507415,0.006098379500133255,0.020541371554060994,-0.00806287929663263,0.012191256978887566
2021-10-06,-0.00994139721206544,-0.009335423426081846,-0.005860592278875032,0.012117220775494708,-0.019094781665967453,-0.014808615880045117,-0.00816180597427163
2021-10-07,0.00814702470131401,0.008212508195597934,0.021289063378418405,-0.0027282245960043028,0.004890588548758679,0.007324463306078499,0.039925617078463205
2021-10-08,0.005876323303580122,0.006367824776674524,0.010921571553510034,-0.004886193524328064,0.037707081637933015,-0.005380383931129273,-0.008376647020369887
2021-10-11,0.0028319423974902946,0.001276638277815323,-0.065642687548495,0.019249991177555437,-0.006987415183850487,0.027037285493229923,0.03579828978795341
2021-10-12,0.002559973015763717,0.002466821263146457,-0.008925549557115886,-0.0025739292987685403,0.005695123783932665,0.013560257960153699,-0.0009093593905085129
2021-10-13,0.009393341950982403,0.0074820560919555135,0.0006430064181799366,0.0059957442500433444,0.010125438769121864,0.03221473952125642,-0.02789459658306548
2021-10-14,0.009687709975995773,0.009322985474350176,-0.01012447608760425,0.028858516906376863,0.0020201944701314645,0.029067832095413415,0.0019693448095861044
2021-10-18,0.007524019573498464,0.007469521639023924,0.009836683718681627,-0.010185658393058183,0.0026628524033771583,0.023117865902336554,0.02113074056262576
2021-10-19,-0.0031602962146699554,-0.0008023713469800242,-0.00357070658195191,0.010955724700902003,0.008916414297476472,-0.06531308954860293,-0.00017633909571124207
2021-10-20,-0.008294933244362923,-0.007417575648483776,-0.006985998558052486,-0.008832659375220153,-0.01157926670085363,0.002639147785287399,-0.008513592378044166
2021-10-21,-0.004856682911585253,-0.005507484980208588,-0.02138330260195076,0.0014626619580244693,-0.029271849897372526,-0.007734572668169903,-0.0020440715028282597
2021-10-22,-0.0034827257394312028,-0.0016736429208119574,-0.009571643933727003,0.002651126491953981,0.0018667492305564082,-0.03366205073917605,-0.022204305391262835
2021-10-25,0.0005794654054991355,0.002388231259679685,-0.001687795473980458,-0.014231301411310682,-0.009791154654299028,-0.01361720695866353,-0.02021950055699584
2021-10-26,0.007858521663552054,0.006265870030027543,-0.0029674887351482937,-0.0025682027827640397,0.022517175111392618,0.014039865815967723,0.005048813640438965
2021-10-27,-0.0031497940609632735,-0.0033786876663288723,0.002051027045380849,-0.006038400835653768,-0.01272602045709359,0.007366255219571904,0.00803896896634626
2021-10-28,-0.019613430387588338,-0.01913123279586948,-0.019707157842221434,-0.030406574893643068,-0.011021946263052307,-0.05761498888061034,0.0018267718453959247
2021-10-29,-0.010447905544470615,-0.011363359367026149,-0.0070093875065264655,-0.006768581326506151,-0.02428601245896278,-0.008476463974700366,0.015176523967859623
2021-11-01,0.014494106171593302,0.013923428591461118,0.022883781765786537,0.01408360545752263,0.0006107867495197539,0.0162206059096075,0.01763862092345647
2021-11-02,-0.0022726287368453058,-0.0018208310266043526,0.0022410526766414307,0.0009028802010409009,-0.0146867801101207,-0.00552546335516535,0.022873359130267445
2021-11-03,-0.003345641269055122,-0.00429273804958008,0.002307687080021381,-0.015871440068902842,-0.00690174471985916,-0.014061170773468135,-0.007407013782094296
2021-11-04,0.004901344926553364,0.004934929014819289,0.0046852834515842545,0.007873100221469365,0.006121641193436389,0.018263421239048228,0.0016987563588415355
2021-11-08,0.00843403734829451,0.007926009140504675,-0.0016830773323466275,0.0039446610182123365,0.001239788734884506,0.014243633533403077,-0.008138922439400176
2021-11-09,-0.0013458266538286523,-0.0018542083181731783,0.0008419320161490162,-0.017652099032748225,0.007862816761993408,-0.004579691297029953,-0.014028392122556355
2021-11-10,-0.0015002606334366675,-0.0013350676122225735,-0.0061230706514106,-0.010871379512185975,0.011120725676611265,0.009138586319838105,-0.008734809229530072
2021-11-11,-0.008002071858204118,-0.007202489953355595,0.0011186530844753406,-0.00447880954530433,0.0018221838919432187,-0.0036890044107877884,-0.007778203262240879
2021-11-12,0.012739118453092502,0.0127192329701451,0.010792315184906087,0.0030309586075247807,0.014977932560298335,0.012529880680644645,0.003535831740236972
2021-11-15,0.0003699978996554165,0.0005274811725701767,0.007698502442570643,0.0027328523287701856,-0.005917736995762368,0.022081595891575212,0.0031035338594662676
2021-11-16,-0.006106589273008112,-0.006548871731929751,0.0008722946143020494,-0.005957602752272528,-0.023511125158134583,-0.011192113337369136,0.07039928837679099
2021-11-17,-0.005601956226916727,-0.005219676837210585,-0.009748394660588744,-0.011173306186612386,-0.02163928198528442,0.017054736302391404,0.02749309496359409
2021-11-18,-0.007506297537132056,-0.006223739602555511,-0.013204617933958218,0.005602300038021646,0.0037672064761622437,-0.008385758220756045,-0.019229582438999415
2021-11-22,-0.019798066848739637,-0.019816097121490017,-0.004989781017396666,-0.015746385463716095,-0.045303833484470424,-0.028182803120474276,-0.031632912942116675
2021-11-23,0.004971320417089586,0.0033883261205982507,0.0016899436811073087,0.00013209517273171656,0.00930602036666972,0.003026967426886351,-0.00132321846112049
2021-11-24,-0.005057449101022016,-0.005526939745491788,-0.006065858564216597,0.0016481975083921796,-0.01454433899711649,-0.016982931783157795,-0.02377810189517504
2021-11-25,0.006935347288237637,0.007753441034704878,0.0007547861275689627,0.005190510148277205,0.05845576493093585,0.015686711900129602,-0.012721602104541319
2021-11-26,-0.029502195657114427,-0.02912904498301394,0.00027577111364252005,-0.023908157602588354,-0.032761821741127406,-0.0320695991979667,-0.054547878955668594
2021-11-29,0.0016138312478339856,0.00268309573262826,0.015873452902564367,0.007589023057003708,0.01190776012569561,-0.011223415792891878,-0.0029329414548602273
2021-11-30,-0.004157228507253308,-0.0034236860428613625,0.007722700251413528,-0.005142180252443396,-0.014896699363887045,-0.001581480930951784,-0.011493180225983224
2021-12-01,0.010758559762450659,0.01080480759354785,0.013691073875131465,0.007404426851220336,0.025286910321397293,0.003385696858316578,0.028653907438076942
2021-12-02,0.013581917861660742,0.013371292114172206,0.018031972374528138,0.013925693111525028,0.006404232277544608,0.01587172716124652,0.007083098935920518
2021-12-03,-0.01184759224193499,-0.013168973712527787,-0.0006727479269468262,-0.008028063458978885,-0.03050681541547995,-0.01699899122931736,-0.01599764940148951
2021-12-06,-0.016679248094837007,-0.01659056643146073,-0.028998121852108483,-0.00646262636081385,-0.019137693966015945,-0.017063247760761513,-0.023275688305782083
2021-12-07,0.015515557382478562,0.01550130177106901,0.01350994252111093,0.014457972528933105,0.008114837283797804,0.012541441108952611,0.020205185676578807
2021-12-08,0.016917044993306263,0.017475542260234178,0.01175912252458211,0.018250310504904554,0.015104681046835822,0.019300473998054457,0.033966904247582974
2021-12-09,0.0026924387253313142,0.0026809737969593073,-0.006958211539988213,-0.017496906879641116,0.015735105729384635,0.04540796410141912,-0.0017701527774409698
2021-12-10,-0.0003168210773054625,-0.00034792703901942446,0.009684297740346182,-0.0028201251673971584,0.0010171407304735425,0.002969268918473489,0.0005252734698277806
2021-12-13,-0.008202604684720782,-0.008597466419409727,-0.007493399146675017,-0.007515573745592086,-0.020252842607998645,-0.00637348120384118,0.012147136111977375
2021-12-14,-0.002499031160176912,-0.0028579280624665415,0.003912436836099431,-0.0057738624527994276,-0.01231810678247136,-0.025908157209942217,-0.0030981014699378306
2021-12-15,-0.005991976410168576,-0.005678083500235687,-0.014859586728354301,-0.001631960661764964,-0.0029241610492949377,-0.020104474842669084,0.009933051050111885
2021-12-16,0.0015665890089291423,0.001955401861854611,0.003145988041962866,6.664010474999316e-05,0.012852941844033516,-0.00514613120103391,-0.015600844523312674
2021-12-17,-0.015377077556356866,-0.015479902906882614,0.0007673490565096586,-0.018196738259458556,-0.0267490620523132,-0.02245741597090678,-0.020912925044527242
2021-12-20,-0.022084626281367647,-0.021088914542893633,-0.007687735865438583,-0.03270715533384205,-0.02733077649113813,-0.02579450851524001,-0.001371375054477042
2021-12-21,0.009384532645496435,0.008863897239628216,0.014347311500532811,0.011264531627419139,0.014776036695673511,0.0004708035723473003,0.003910388446024982
2021-12-22,0.010947032985081151,0.010800090766551307,0.006202599044010881,0.0023553273197673974,0.023454516409554316,-0.002355792628130793,0.014736853196287925
2021-12-23,0.006885546336514281,0.00673502179236074,0.008761442003791586,-0.0007615074662048471,-0.0003592669767629175,0.02469273630238522,-0.004942352137270234
2021-12-24,-0.004040908363188933,-0.0033375308978786933,0.002236060734443157,-0.0036072867024321553,0.0031870457025586774,0.003216109777943288,-0.009527898777562882
2021-12-27,0.004840138519222492,0.005167078730236696,0.006841362260917805,0.00823611972961924,-0.0010753685440230143,-0.0020663795376609784,-0.003779193450823115
2021-12-28,0.008566610759915605,0.008277043932253036,0.0028234202151544707,0.006869238908985054,0.0118065309199471,0.011426121941088496,0.001090057634586472
2021-12-29,-0.0011409108803501766,-0.0015728450327401333,-0.0032020883906902498,-0.004769084515452882,0.001708060311026216,-0.01511025211375916,0.007182226725712226
2021-12-30,-0.0005607831589689027,-0.0002105170187469696,0.010513792197041738,0.00524798432498752,-0.01822981749480146,-0.0034662808084853225,-0.009267317717924328
2021-12-31,0.008686990360265767,0.007919168698730772,0.0012310579988366044,0.0121733888322062,0.003829039385285782,0.009446172956283583,0.019608070494253838
2022-01-03,0.015532066331648053,0.01582835958559592,0.02101694955907263,0.026843443818227897,0.014962415605091373,0.004803797306732527,0.013036717205221038
2022-01-04,0.010135337733650829,0.011302468266066512,0.017397448172051355,0.005839585434457284,0.02231711644092993,0.005234893312884736,0.014016330872943072
2022-01-05,0.006716975758934041,0.006116301032809801,-0.006145338451220894,0.023470293189555846,0.00466741632837131,0.001361293000126551,0.018857509227080627
2022-01-06,-0.010055808053117232,-0.010370360487225838,-0.013953707761865886,-0.016169957046495043,-0.021735866958492167,-0.00842348023175088,0.013635862890163608
2022-01-07,0.003757116840150232,0.002393177444355743,0.012022059102237748,0.006989747183141937,0.008036978398056505,-0.0013728161637471814,0.0030276022606035013
2022-01-10,0.010643475643963285,0.010837112319403985,0.00681481421321628,0.005531055749426805,0.000820800467402627,0.02218797644198034,0.027397617425757304
2022-01-11,0.0029090757855367855,0.003656844203819176,0.009248578876922764,0.004319961976408493,0.007172748831901998,-0.006063934081218747,0.0022434094581864628
2022-01-12,0.008635720331115593,0.0087569235070184,-0.01440389030237732,-0.005924677392413535,0.0263444484104447,0.0035978858090928156,0.003297716436728493
2022-01-13,0.0024925148330421365,0.001393332447376494,0.0097966480335554,-0.018576385057714973,0.005616668840074723,0.005372673069617306,-0.011534025308115758
2022-01-14,-0.00011232987251474924,-0.0002003870392091045,0.0178620503806588,0.011161278191000434,0.0014582665457139043,-0.006046280775926505,0.0008848277991724274
2022-01-17,0.002863464635371571,0.0014017393232528264,0.012770551115867335,-0.015424237100547522,0.00520514446191811,0.00894456557892287,0.022178797823475094
2022-01-18,-0.010710847446217642,-0.009078116928849411,-0.0071288486699163656,0.0050806825966738245,-0.012002272527692703,-0.017290146374188353,-0.043311655547663364
2022-01-19,-0.009689027834056674,-0.010856856128830472,-0.017460076308255523,-0.007087364694362108,-7.947203761382582e-05,-0.0018137089304710585,0.0126235365836731
2022-01-20,-0.01016388387639644,-0.010608680366305023,-0.022762140077791315,-0.006242865443459422,-0.017663675975560622,-0.007287652489049279,0.0025728237029571943
2022-01-21,-0.007906922791908855,-0.007214122607896556,0.001814547014410195,0.008315161666189397,0.00016133681336150119,-0.007801785160897801,0.01889009688807164
2022-01-24,-0.026927210262138956,-0.02653009500710013,-0.016345263324769377,-0.023236981329008977,-0.04117344982414384,-0.02448529294336499,-0.01690742987516103
2022-01-25,0.007485405539808809,0.006356983677969552,-0.00038459913410981983,0.0009411866090003329,-0.0019574573091070135,0.011734331821265265,0.06610677742047422
2022-01-27,-0.00975919936372982,-0.01009617431197185,-0.032526676813628086,-0.008842510641070334,-0.014921670770892348,0.0013990626347126778,0.024980175575970875
2022-01-28,-0.0004794310858269313,-0.0013401964378658704,0.011118290780787632,-0.00796407710745406,-0.0009629230622616447,0.013882539672800398,-0.031002201596370682
2022-01-31,0.013814851855459054,0.014129395820438262,0.012442408754226975,0.015226193828050683,0.02149396475047638,0.011877849468882928,0.0054056017559602765
2022-02-01,0.013575374822650588,0.014518086718066314,0.017089738085356743,0.0075769645552972165,-0.0033156479396039273,0.03371230408363335,-0.004417900835171906
2022-02-02,0.011491556994746688,0.01175072689856016,0.014509849274972453,0.022588611154233718,0.0020369461559273105,0.019135082006626725,-0.0051715567374870375
2022-02-03,-0.012439296911820108,-0.013018052312348871,-0.008227941159296037,-0.010405341010450542,-0.013006147531826606,0.0098586388510018,0.009164944654800777
2022-02-04,-0.0025030125821512428,-0.0024388286942258475,-0.0025396760037352806,0.005692097207274038,-0.009158921664202957,-0.0006399007543160806,-0.005028095811187683
2022-02-07,-0.017432174227495878,-0.017608849582671837,-0.00945511051557979,-0.037335404783587656,-0.006109543387573524,-0.0176537901852587,-0.004559505581640977
2022-02-08,0.0030829404762169332,0.0032467687343125107,-0.009451704291944196,-0.00430044256617812,0.016670026460835707,0.004550827975398519,0.01026233231074336
2022-02-09,0.011347524946856424,0.011307679063870424,0.004557700509931095,0.024161226407102276,0.011583538207863953,-0.004768266184525416,0.039893808034850764
2022-02-10,0.008100999205041148,0.007838095532136435,0.0026025684346517863,0.018196134448640322,-0.0010283980410026317,0.009083249220815048,-0.016221176349366928
2022-02-11,-0.013213208134272847,-0.013206824821894614,-0.02020087804170423,-0.00410648832621785,-0.0019547523823826296,0.0008607992713693946,-0.007786710929426732
2022-02-14,-0.031094690696754412,-0.0305034284351553,0.010446247730875768,-0.030177314637856334,-0.01605562228217572,-0.03381605479578642,-0.04336049015881471
2022-02-15,0.029810349614422194,0.030316471191287775,0.022261230378168406,0.029485804281424777,0.03338896833153626,0.016047438050977192,0.03017458570475995
2022-02-16,-0.001744791023833514,-0.0025034055234414154,-0.0012320579851579083,-0.0013516084512188442,-0.002069975711602723,-0.0011216759028798151,-0.004620585353274365
2022-02-17,-0.001016531212018279,-0.0018063539408395002,-0.007607857341344726,-0.006121387113244836,0.01258105728862624,-0.00044918836637730664,-0.0035599116923545893
2022-02-18,-0.001636674240540259,-0.0010204015353281193,0.002559963319486158,0.0038757258851234155,-0.007847206961253406,-0.003373948252255232,0.0019448983314962476
2022-02-21,-0.004039705592356668,-0.0025862783887049545,-0.019832258188793972,0.006426292104428022,-0.010157031532849636,-0.017731975351090057,0.005075193458377925
2022-02-22,-0.006673786320956054,-0.006660242714310982,-0.03641336099171966,-0.0075179734431163325,-0.0045521683836984295,-0.014554915182070971,0.0011720295166686157
2022-02-23,-0.0016951453629996394,-0.0011982792516906926,-0.00632138054657716,-0.006508116586499746,-0.006277454111058844,0.005106827462656227,0.008780927089000912
2022-02-24,-0.048960269030821735,-0.048364844975269605,-0.0465670901182218,-0.0558306029408433,-0.05111480419318237,-0.03510790039281897,-0.05781959513665669
2022-02-25,0.02494785816820233,0.024072695631474517,0.0344135522507063,0.02552725539478118,0.012423848798079895,0.025803242650219715,0.0176204982226551
2022-02-28,0.008101131335537914,0.006935649617252793,0.00945597074941773,-0.02071287960260726,0.03256442407930127,0.008841407043033378,-0.005032756265899607
2022-03-02,-0.011254730666992785,-0.013935231420555638,-0.002267620296453998,-0.037140590627359416,0.016393479770152375,-0.002551251350166872,-0.06201642001882668
2022-03-03,-0.006518778370610434,-0.006624127019263071,-0.0004933657290884241,-0.002367750982346095,-0.008478325208009174,0.018864245144651015,-0.02838002966197095
2022-03-04,-0.015435549523985514,-0.014051688918653937,-0.005672949493296997,-0.0032876928932417115,-0.022429440470504325,0.02742339487081935,-0.046933534181125225
2022-03-07,-0.023807855961418767,-0.027826137018610808,-0.011256730303299989,-0.03099106526930484,-0.037681566253090715,-0.002441858439896194,-0.06826824521645847
2022-03-08,0.009430172336241327,0.010941242705268195,0.03248066300382568,0.0022619773865537596,-0.001810011234797848,0.008631175067566055,0.005487866241537631
2022-03-09,0.020514423015661976,0.022638557848186025,0.009028664241528261,0.032126284429733865,0.05169338911954835,0.010303694098849014,0.031889984815698824
2022-03-10,0.015152013456310343,0.014840881712542497,-0.0032120892190459216,0.01559442984367454,0.016075910162649087,0.011924349895513942,0.025980019491990802
2022-03-11,0.0021398626113988684,0.0015477262029239824,-0.00603869979569005,0.00293962791100455,0.0028802224466835114,0.01857645182694334,-0.015264773430924805
2022-03-14,0.014378694372338074,0.016704234933872186,0.01210971263372862,0.03222850479433159,0.008177609290235033,0.011149736412220612,0.029712457373879175
2022-03-15,-0.012423307208470291,-0.012634228844362383,-0.01356955904496182,-0.012942632694159961,-0.023169670914483298,-0.004823435447601554,0.014026217144591513
2022-03-16,0.018571576221106056,0.01847045230941191,0.01710425150312922,0.01681704886910662,0.016741114741090968,0.01977387309949563,0.008815326344501884
2022-03-17,0.018195442698511144,0.018264825338617285,0.004598517337084829,0.021789013358791465,0.032080280883147516,0.009435948502479974,0.027302938313065184
2022-03-21,-0.009850560325579849,-0.009924693853491817,-0.012617532750693883,0.004348419159750705,-0.005778881748331521,-0.001634687809753288,0.001630010108677027
2022-03-22,0.011494902983443467,0.012089003682087096,0.020266351357946633,0.00513309760928049,0.025508835727648282,0.021245226047533983,0.007898165474012231
2022-03-23,-0.00404209372019082,-0.005264464844570327,0.0030890350194088256,-0.010022161252263295,0.003175215751172189,0.008968656152046783,-0.015806828988223387
2022-03-24,-0.0013287761390134989,-0.0015464999330525586,0.01003725872855199,-0.025053491074699785,0.015417015686472801,0.011245974276173243,-0.011564465945868463
2022-03-25,-0.004058098847075087,-0.0040620232733523665,-0.011371534310393727,-0.008178179150649001,0.006647980122744812,-0.0059031962187150455,-0.018901977775126255
2022-03-28,0.004014550846285658,0.004023974448294609,6.75119493998011e-05,0.0013270977469277412,0.01000433401597256,0.014498741883664401,0.008312723467852834
2022-03-29,0.005980269762401846,0.006061448955748006,-0.0006340211596516099,0.013173500052353404,0.00022886482787676243,-0.009576970774315186,-0.0051218493136993
2022-03-30,0.009932969892759047,0.012695957990814577,0.007045958477196024,0.017175067649952247,0.019035712714950748,-0.02143807400900677,0.021207439331247357
2022-03-31,-0.0019163121157621532,-0.001969708105754364,0.0022483817930254446,-0.004478789394721794,-0.014394742108640557,0.0058019011101801965,-0.004920870244939479
2022-04-01,0.011709144874764377,0.01201895696604005,0.005014173135075239,0.02395666947770181,0.007976618535834312,0.01051710474381018,0.01818361646154898
2022-04-04,0.021440345640339586,0.02227240888313453,0.0030815417075409357,0.09543105903285465,0.0029514249070707876,0.008452063248976849,0.009660990503087774
2022-04-05,-0.0053317463281761235,-0.007206664674532348,0.011720401299131211,-0.029741586029563116,-0.014235437826830122,0.015537192680339373,-0.0016670022755445046
2022-04-06,-0.008374145812508615,-0.009451684783879699,-0.01570665448968178,-0.036343441387293396,-0.0026690356792204994,0.0005780350059163553,-0.002276484083470365
2022-04-07,-0.009484577848942521,-0.009700597700131652,-0.019141727787179263,-0.022233195290952246,-0.017797568992530266,-0.011428540842605805,-0.013481228373281695
2022-04-08,0.008175250776634613,0.006958553765947784,0.00040704236788791093,-0.0013855855120867844,0.016498479340963712,0.04252708827094498,-0.010862930455852293
2022-04-11,-0.006170496392137181,-0.008151421582274665,0.0029124595419620647,-0.012289107957718315,-0.002085719119448548,-0.001120837681175324,0.0009851179709645663
2022-04-12,-0.008217481851264807,-0.006605368743199946,-0.0014349592651718979,-0.0017728656349156324,-0.01900955792088599,-0.010144963133219775,0.006974577672249183
2022-04-13,-0.003122351097154308,-0.004061773456609075,-0.007928582356468539,-0.019301270603445886,-0.0036772153358617388,0.01777916853191197,-0.01973170801841384
2022-04-18,-0.017432250630347923,-0.020297387483360296,-0.037250493703181675,-0.048604194585334604,-0.003061508828478665,0.0020383742223151202,0.013827241301161308
2022-04-19,-0.012598203971633026,-0.012384045363264207,-0.016043491982067337,-0.038906887542787594,0.03740310935402302,-0.03216678671824269,-0.01844330117653392
2022-04-20,0.01043560377886621,0.01012076094644776,0.02415936210223002,0.008974806696693705,0.028980051100186976,-0.007676049224455639,0.030674274139459
2022-04-21,0.014831150992767661,0.015210139700819525,0.019999436840798523,0.014695937621254096,0.02314429666913398,0.003269533778219369,0.027340131319789407
2022-04-22,-0.012767612798961991,-0.012415041302523022,-0.004446726043267901,-0.013736558762952988,-0.008410256164648189,0.0026846366866513094,0.003205809311376484
2022-04-25,-0.012776394201003072,-0.010850411883835065,-0.017973609458346473,0.007459531920622986,-0.023397611788635864,-0.022659925560612137,0.0009926217347047128
2022-04-26,0.014455140840464509,0.01363445046173517,-0.0005354599837925633,0.004602157148406505,0.029486697616407653,0.014391446049620171,-0.0007080552084754999
2022-04-27,-0.009486296579943598,-0.009410431517995477,0.0041926594422285746,0.0003644993396987317,0.0009723555703597953,-0.005615411916536139,-0.015081375375567418
2022-04-28,0.012055547873446315,0.012273465456441812,0.006465659762847409,-0.000874722285634455,0.014826414557738588,0.013883891427528106,0.012726206346439284
2022-04-29,-0.008297570200330284,-0.00803250522261223,-0.010545518030273371,0.009615614954741503,-0.010552420153657316,-0.005954170464870678,-0.021832310151902234
2022-05-02,-0.0019578324241162903,-0.0014886910888574079,-0.0012131248401665573,0.013700378913477529,-0.003518499620678739,0.013774773193802936,-0.010819116593701494
2022-05-04,-0.023203310190181625,-0.02320592046528347,-0.017844101264879342,-0.03457244429215134,-0.03171569383028139,-0.013004454620802797,-0.03151399069907157
2022-05-05,0.0003028023644056077,0.0005961900623372429,0.009623708985097679,-0.002251873924127956,-0.019777339950033834,0.008815677094646368,0.0013170666361865813
2022-05-06,-0.01640220536217818,-0.015680971304538716,-0.023266264996552266,-0.026475488454639873,-0.007697386121626515,0.017401507301881836,-0.01748536125999678
2022-05-09,-0.006688500923244689,-0.006676793058264963,0.003635149258794712,0.0017061063668872833,-0.03983826818273073,-0.013972951724301907,0.011072733457929473
2022-05-10,-0.00379817282300543,-0.001944592032156578,-0.001845046294521424,0.015934959029570095,-0.017485145653466816,-0.012244232672226296,0.020920116863967664
2022-05-11,-0.004502112641841194,-0.005098262269422449,-0.007809325219193752,0.005614034766374232,-0.010296804171015417,-0.015910322241410313,-0.016020622784591154
2022-05-12,-0.022462147872579052,-0.021643455712583304,-0.0009821906539819736,-0.022799315124621522,-0.02058332221015302,-0.01081517557197742,-0.01949533301027806
2022-05-13,-0.0016365617019769019,-0.002585745281368901,0.0018317954175408602,-0.00901964513921083,0.011272186313958876,0.022288236521018412,-0.021135361625541194
2022-05-16,0.0038039862336098906,0.0034078330483513497,-0.011219622506818183,0.010591536166272952,0.0002473975460128841,-0.01755462302797195,0.020300960689848324
2022-05-17,0.025981475212962124,0.025066089576357697,0.021909342823326128,0.00679637730162419,0.04114490324921949,0.04086929307875575,0.038596386655965986
2022-05-18,-0.0011692453072029707,-0.002025994224563732,-0.0008116473748724928,-7.607306222734422e-05,0.0036309202691642284,0.007902207077903789,0.0044703589042462966
2022-05-19,-0.02689107089740439,-0.02647426952406562,-0.05570125062524767,-0.020647063840363522,-0.023316155013521467,0.03263259721450762,-0.021642538885853213
2022-05-20,0.02848156086057152,0.02864609439463628,0.009473907778393631,0.025998199776143593,0.05667322455352952,0.015657649003693486,0.024288876582273744
2022-05-23,-0.003168035160149074,-0.0006956912309306063,0.008692742589363256,-0.012914565330409467,-0.0067095852815128865,-0.019838358398685862,0.040156477187720085
2022-05-24,-0.005538061057190902,-0.004356612857000286,-0.010212373010223708,0.01139953911147984,0.0034273420235804153,-0.013385952887033703,-0.012076535987912251
2022-05-25,-0.006180277818558011,-0.00562788852987417,-0.03057592597485037,0.007440312894024359,-0.0014728076742356322,0.006807018114168173,-0.001975697916636321
2022-05-26,0.00896706277083048,0.009319718869923221,0.018547501885429973,0.028122623148388648,-0.009578579435622459,0.0018416353166230692,0.002276755815341147
2022-05-27,0.011210771015035093,0.011584244877839822,0.010588495202347836,0.01837845206706845,-0.004649344482369422,0.009330149774783969,0.01752026681951513
2022-05-30,0.018716945110385907,0.01879081336699784,0.0343434707862329,0.006801486115702637,0.03424063816506173,-0.0005574463941346863,0.008892771951900968
2022-05-31,-0.004623104079881202,-0.006445823749347213,-0.003234751635954325,-0.00903074562684214,-0.01213798435905833,0.005929381365728403,-0.005951046717688868
2022-06-01,-0.0037333670564123622,-0.003339206677251738,-0.0027233000673501095,0.004238782729824919,0.0003228837325162104,0.004423978048399668,-0.0033887844409221657
2022-06-02,0.006349802260260162,0.007858679369425303,0.02000607960098577,-0.0070145741973952624,0.033897629605185386,0.006051172307760311,-0.0017649436673909946
2022-06-03,-0.002631509587688541,-0.0008760655007034046,0.00499757651673427,-0.0034714198037733013,0.020059569472469896,-0.00292940307039391,-0.028196875888156114
2022-06-06,-0.0008897910968421741,-0.0016853256228248625,-0.0026779309818252273,-0.0013412436675634964,-0.004308590573031346,0.00767125163378779,0.0007135843340257964
2022-06-07,-0.009288955076890204,-0.010254049589667247,-0.020093005424547172,-0.011564973038147741,0.0018770793006135378,-0.00328039161165794,0.012738691690358905
2022-06-08,-0.0036676783326505813,-0.003906403116831214,0.012251008636543048,0.003516433874331426,-0.017719743951978728,-0.02214940581709879,0.010578560442416673
2022-06-09,0.0074221155706144515,0.007763077164149479,0.0067193604193267475,0.007504355977888899,0.027053129309261514,0.010951488658103692,0.004727462876960686
2022-06-10,-0.01690986774485559,-0.018551988261092944,-0.019803348799230847,-0.019496381045254196,-0.03065719119680299,-0.002587839615368459,0.0006617836170885738
2022-06-13,-0.026733937520214468,-0.027192347865920397,-0.042654038584973186,-0.018299740750489235,-0.01910001752994006,-0.020569165017156443,-0.00423070197135722
2022-06-14,-0.002685211411423083,-0.0029018120643815593,-0.0028147129213289546,-0.011066643996714198,-0.013154648508549194,0.003018238352383129,-0.011449008789158555
2022-06-15,-0.0025425739848419227,-0.002892190812318063,-0.001324868716009675,-0.0034740433510371815,-0.012173882635855726,-0.007752570466821318,0.005336682352117705
2022-06-16,-0.02135484817931399,-0.020101213286332964,-0.020257957049466313,-0.020203459712923255,-0.014079915562128065,-0.010303589523164014,-0.002530712548535874
2022-06-17,-0.004377862497838336,-0.0026321651249148204,-0.017044592217501986,0.0065731963308630625,0.011650538723674941,0.009923831916764492,-0.018742039989300352
2022-06-20,0.003697369891618507,0.004611934692926312,0.007579306010426556,0.02481071536024171,-0.018293710005067076,0.0030337580767385575,-0.003544135605585197
2022-06-21,0.01862972192180301,0.0179440380739031,0.03148410527416967,0.010832590212707771,0.016013327206916728,0.021723671403721667,0.01549745459036167
2022-06-22,-0.014524232949638005,-0.013598825280631388,0.0034187971787380533,-0.004724796066631676,-0.030849107566420564,-0.017190289496409328,0.00027621856571258263
2022-06-23,0.009257464658604775,0.008515662011751246,0.026288566049248452,0.003676758349218545,-0.016356790139836264,0.000753445418594012,0.06084574984604174
2022-06-24,0.009124715461734212,0.008805570412178554,-0.004756310226582627,0.013871864722559302,0.014139230275992176,0.0013174187217233069,0.011085680235860096
2022-06-27,0.00842341360686838,0.00818408198764864,0.006537681690738317,0.0018080421495829668,-0.002964309207857063,0.015304579048676104,0.010177247922166899
2022-06-28,0.0011457767431721777,0.000304084293714979,0.0010404389133107372,-0.007660628784559087,0.013963245163385096,0.00701379907981714,0.004835315674142748
2022-06-29,-0.0032291792019130128,-0.0028337911421996154,-0.008367914446408165,-0.0014499204508666708,0.020537823613392625,0.008060141840740442,0.0022589752343034064
2022-06-30,-0.0011937935294277224,-0.00015139374547423756,-0.007136940378160261,0.0030089750935582416,0.0059894708452779,-0.0020089695329801316,-0.0044936019637678015
2022-07-01,-0.0017886549985615119,-0.0020960075237859144,0.01458527858769365,0.004256520710445244,-0.07474974047925809,0.0389041760763984,-0.00807797924618292
2022-07-04,0.005274254882250418,0.006158518280937386,-0.024443523480623952,0.0014025659448213545,0.0020735131902203108,0.02620534332037394,0.004837946187905118
2022-07-05,-0.001548369504055458,-0.0018881043210559056,-0.005812816321681069,-0.002252421883249589,0.008067103752211757,-0.017277399569440632,-0.011273241135013379
2022-07-06,0.01125461822453211,0.011538048936182932,0.013725702788012661,0.013694122768400874,-0.008833878260015027,0.008330378967422725,0.03314455007567041
2022-07-07,0.008909682667129104,0.007921739683132145,0.00827652416770519,0.01774492479279388,-0.009895890044879785,0.00911840559275845,-0.002744180181682765
2022-07-08,0.005421325887187578,0.005584002480672368,-0.006836269028753783,0.0009308877432889773,0.0013808289726107148,0.0037607255247555926,-0.015273410245287167
2022-07-11,-0.0002836061400532941,-0.0015909574535726279,-0.047553669099597684,0.006456882038516021,0.013498800703072078,0.0066320791550609215,0.003733074748296872
2022-07-12,-0.009772571447683731,-0.009394462362550371,-0.009389583243549104,-0.010257550130971183,-0.0014242589248594228,-0.007827084371328397,-0.01039167846907496
2022-07-13,-0.005723641330078522,-0.00693593673371673,-0.015008174120097806,-0.024695472096528448,-0.017883043700562595,0.004601589095590164,0.0024318905661537826
2022-07-14,-0.0017551946856926293,-0.0018329702675909942,-0.010614340480111117,-0.005020360352451014,0.008210077921678938,-0.010942107725802508,0.014999108335850053
2022-07-15,0.006912014580365167,0.006431122841819459,-0.0013849577945022062,0.00810894470388579,0.0019379600759750204,0.009240113227329871,0.02424903753297869
2022-07-18,0.014186202470719778,0.014044442834723725,0.022747422138733597,-0.010702875750127738,0.008478456336244555,0.005944015331624364,-0.00837970711313929
2022-07-19,0.003804517906146998,0.004510492252249421,0.003502854548622203,0.00037090656774996233,0.006111973698798678,-0.002373319223567094,0.0012687189298716817
2022-07-20,0.010973459265846586,0.011435867109607756,0.029028890499766646,0.012531890028548709,0.026681146796357247,0.012145798320022827,0.003801850615536395
2022-07-21,0.005095714512163951,0.005120992448127026,0.003942111321537212,-0.003154961075638063,-0.006694398394286871,0.004516789251945319,0.0054656195267419605
2022-07-22,0.006853755230167735,0.006984666484319391,-0.001984907776711786,0.023064618271119386,0.006734376891648353,0.0033328473343248177,0.0038519186439582853
2022-07-25,-0.005304241963649758,-0.005472402104459206,-0.0013413085423730209,0.002940095498119355,-0.03359727666039625,0.0018284438602576003,-0.023991854006855107
2022-07-26,-0.008887333683347265,-0.008965373367153973,-0.01618782557377685,-0.002042678743263693,0.00045445527348242365,0.004473502334000123,-0.01116795017964023
2022-07-27,0.009536559560084257,0.009863391395564136,0.02314238302493532,0.0076121388729841755,-0.0009502586935958846,0.005604888445323475,0.015392453624116342
2022-07-28,0.01714589652952725,0.01848691624305232,0.02222026078357775,0.008825844040417863,0.01554481113484485,-0.0023040640540887836,0.0072442787383018015
2022-07-29,0.013415561413115284,0.012452719632413789,0.012617438063675657,0.012171114304171837,0.021081872048289263,-0.0013190463291010701,0.006001971213326129
2022-08-01,0.010539792401853987,0.009426468471586347,-0.0009392457676575816,0.008297715889432844,0.025727695947185936,0.014577291065341669,0.025860847579103563
2022-08-02,0.00031127921140594594,0.00035886523167860673,-0.0021242242565664426,-0.01105569649082927,0.0037988124088998987,0.007936023002655723,0.018667451450834704
2022-08-03,0.0024587830727664794,0.003677188311607793,0.014386621741299344,0.002339636160884062,0.008360585086680139,-0.005824385184013181,-0.016998586753588896
2022-08-04,-0.0003537741781407533,-0.0008869398776738535,0.004615750438420108,-0.0011865410713740587,-0.013305856102273417,0.0043713789642252365,0.0008088793120268889
2022-08-05,0.000891329721598666,0.0015276616839923207,0.0030059739029884014,-0.0033927909761866104,-0.014845878457740547,0.004352468857772962,-0.014095080654184855
2022-08-08,0.007307599012140287,0.007934819141558691,0.002789353192461874,0.02423010902244105,0.012997227349083929,0.0073718698247455805,0.009091951843679169
2022-08-10,0.0005505095416129535,-0.0006081608196470967,-0.006004026857743483,0.0029026887408010182,0.005961745610786551,-0.006246541820241092,-0.004746762195059873
2022-08-11,0.007060942140366677,0.008723084970720052,0.020143185823181753,0.013143821819004309,0.0033245589980506196,-0.016034014424694654,-0.007443525587964572
2022-08-12,0.0022145679837279886,0.002191663287351986,-0.0061400013715822155,-0.00037018761334373096,0.016041331997901587,0.007482068283522381,-0.01309326900044816
2022-08-16,0.007155855032733527,0.006360688849659013,-0.0026053386449209626,0.011381577998758274,0.0069262569457633205,0.006460909960376959,0.03440463848009223
2022-08-17,0.00665373790702084,0.0069593923990005635,0.0024728117832282237,0.005145944324286056,0.005210225096476506,0.006419664587916429,-0.006613689468503381
2022-08-18,0.0006824370229274734,0.0006282628195908302,-0.005853307504176897,0.001191403898340937,0.001811884021829968,0.009869594299847684,0.0003745161115222828
2022-08-19,-0.011090751389955855,-0.010869358590948508,0.0013298371763088568,-0.01241388980852065,-0.017990495788661853,-0.011631053320847684,-0.019039664628854425
2022-08-22,-0.015192148554207918,-0.014732190106844456,-0.009257681213242108,-0.015320422574694348,-0.002777617215310002,0.007663116510276957,-0.017344129599512925
2022-08-23,0.004950408657945715,0.004370437955490303,-0.021072833924763223,-0.0030993242073158456,0.015304700134101346,0.0047595700070584,0.010663898192852628
2022-08-24,0.0015603930328360605,0.0009165324814581766,-0.008945094218772986,0.004798101363847174,-0.0026671147224215375,-0.005714254284375109,-0.0018939652148795005
2022-08-25,-0.004697196795509839,-0.005272548209491745,-0.011477651352475249,-0.005446397471139619,-0.002921197615767923,-0.0055870192066089785,0.0036585123212553583
2022-08-26,0.0020780947938821015,0.0010059188502555827,0.0012422474202091749,0.00017057663863528916,-0.00535237673859168,0.0017592566396258391,-0.0017531283903053918
2022-08-29,-0.014109055185944186,-0.014746879079217123,-0.028216927726586682,-0.01769698744083481,-0.0078034491717327015,0.002075118253006991,0.012942601891765548
2022-08-30,0.025457455427432052,0.02662830002293326,0.024781599483699956,0.031928769478189345,0.015394838924120968,0.021923549001609643,0.0276913524458422
2022-09-01,-0.01226571250650288,-0.013025655529268931,-0.025053095631625943,-0.009431307308485515,-0.029838651766465496,-0.009089647551916435,-0.006378848390752978
2022-09-02,-0.00019106884593789175,0.0006249605865260577,-0.0004152083504012083,0.009027405169565128,-0.01174651725324427,0.017323816064878095,-0.011692150617854224
2022-09-05,0.007178026289356154,0.007499483455992717,0.0009577794712436472,0.00640832282860071,0.015411259431420632,0.017485222626089758,0.003408195467299535
2022-09-06,-0.0005776199157345729,-0.0008272705557974547,-0.0020284141363378083,-0.0038198951417838245,0.010470918323280287,-0.005183030054078053,-0.006872742878107019
2022-09-07,-0.0017686636555005464,-0.0028433404263896733,0.007185149632332077,-0.004744818513920279,-0.005831681472269423,-0.003214635558283163,-0.01175212377245849
2022-09-08,0.00984390238351196,0.011107333511333195,0.006345844540161849,0.01026890586030671,0.0014128113160776223,0.011585461570971844,0.0006543577372575271
2022-09-09,0.0019420477956000326,0.0017562890566118483,0.01503007015290514,0.0006674738750342968,-0.006246654512369609,0.0018172476163567097,0.01751795272190293
2022-09-12,0.005759080279284845,0.005370589642238244,0.007832249237077704,-0.003375465448717918,0.011127563189049283,0.001209340246747459,-0.0020533495235550703
2022-09-13,0.007426556664034578,0.007555981735624329,-0.004202543714433737,0.013004647773520617,0.00831785669884244,0.010521712798036376,-0.00012900967291962218
2022-09-14,-0.0036758453208651787,-0.0037068020432702298,-0.03431960754721697,0.010224492491038184,-0.01205838073395693,0.002836953549682164,0.004549211448292567
2022-09-15,-0.007042702379408183,-0.0068665661388376265,-0.005156712628625826,-0.005214283747466908,-0.009959085524761768,-0.0037345139535478467,0.02668918981535562
2022-09-16,-0.019575203370477468,-0.01840884635469564,-0.03129660783525434,-0.01855065679288348,-0.02509082560156095,-0.00841594718561911,-0.0021848074271044737
2022-09-19,0.00520014437461036,0.00509301428925113,0.006658307508828898,0.006576883750152973,0.0012994894813278535,0.012895500334824561,0.009875167530209339
2022-09-20,0.010948654031256666,0.009734269990692823,0.003789873735930094,0.011973773042730507,0.0001598468209271786,0.0011912947145535924,0.0021527633962996617
2022-09-21,-0.005510158516157659,-0.004412907156780221,-0.01294406105264656,-0.0015465267885623746,0.0027532368170888333,0.014624771357476973,-0.005709303401534527
2022-09-22,-0.005010107310830847,-0.005685163718808894,0.002063874448428926,-0.021536214063331727,-0.009468033482862737,0.011953385326040511,0.016509959706080934
2022-09-23,-0.01730454089090827,-0.017417412037925573,-0.008465000536857836,-0.02718312877674567,-0.018922083784269184,0.0039048108440793428,-0.006230881396376731
2022-09-26,-0.018114401349381026,-0.01655138199367734,0.004132924050949782,-0.013575874109160502,-0.025806744815873195,-0.04065352526394861,-0.055959999675623706
2022-09-27,-0.0005231876910194444,-0.0006599267673639275,0.007668165274376193,-0.00901245226967351,0.007918613374736871,0.006742048452363925,-0.0069170796183826155
2022-09-28,-0.008787677246935743,-0.008957180416032884,0.006013551923425453,-0.017336625822898633,-0.026985709667557423,-0.030011208354060237,-0.0054055161173316435
2022-09-29,-0.0024052250050790036,-0.003332862863382857,-0.012713878670227885,-0.005195017518550671,-0.0030701212950612344,0.024621210913476688,-0.011745328279509692
2022-09-30,0.016292312526781316,0.017867460304620053,0.0024162308956823253,0.027822296895392284,0.022305475090640847,-0.0025555310122209463,0.023298021602181862
2022-10-03,-0.012183178897323899,-0.01117394106791103,-0.006544966230178417,-0.0057505646802997745,-0.0034756021230073486,-0.02375986505859018,-0.03236530474043953
2022-10-04,0.022655095268550696,0.022231871000913728,0.03496027837434301,0.027773712515120508,0.018274547808216468,0.02571465014908636,0.016650154677364526
2022-10-06,0.0033231164632052668,0.0026938890683378958,0.0034876349262518147,-0.011072668502024818,0.003681196650168417,0.011351844412369694,0.0014372600186156603
2022-10-07,-0.0009900230150972078,-0.0005293635131522478,-0.012015825071149067,-0.00432401976526009,0.004223144364686071,-0.007603439629832565,0.008706026446736459
2022-10-10,-0.004262718329194115,-0.0034459589108237765,0.017353286046242644,-0.011104059230839347,-0.010975387968768402,-0.018884019778706573,0.009443949329103418
2022-10-11,-0.015044993668578144,-0.014657211687545413,-0.01583742474785499,-0.010193157206203729,-0.02011122978183444,-0.004739005031952459,-0.02031816561356692
2022-10-12,0.008212331644388726,0.00833979518928274,0.010113253743410766,0.006511472475366098,0.007331369468438709,0.011578400764992836,0.0002819917157133034
2022-10-13,-0.006400523491750576,-0.0068009633634922295,0.0008218652045659525,-0.011557619893281412,0.003173556754111573,-0.004402333002188286,-0.0042741802351429214
2022-10-14,0.010020514532698144,0.011890876242887316,-0.0013381797453639876,0.03205812455979817,-0.00509095097535095,0.01044283318890038,-0.003735605694496158
2022-10-17,0.00731079783482258,0.00844168534545986,0.006642177088282075,0.005232977373125003,0.015922608957359863,0.0004515294092195532,0.01228318535967432
2022-10-18,0.010066448739083356,0.009365556835339461,0.010533056284230291,-0.0018683136943717926,0.017490173519923324,0.023939807580780403,0.0095316239058576
2022-10-19,0.0014457922593642536,0.002483148289421422,-0.0072926192410029955,0.010198272790385765,0.017249673003865595,0.017622366600798856,-0.01004206130042462
2022-10-20,0.0029478254394117442,0.0016179017741144719,0.011291277668746602,-0.0067756346553782265,0.002683011047451167,0.009625694964262799,-0.0013712591290211407
2022-10-21,0.0007029866326320189,0.0017593449608597211,-0.006322749346500345,-0.007065277676965742,-0.011665097688900339,-0.011793499315312594,-0.0004709490067522637
2022-10-24,0.008748972260093524,0.008805109161611924,0.0077154366796134966,0.015484892391635974,0.0033323747544473648,0.006058090353939782,0.007115527680342737
2022-10-25,-0.004204950452157519,-0.004820075876910579,0.00012665231376551844,-0.006971298196964959,-0.015564941525592957,-0.004034750197026149,0.02696214745060388
2022-10-27,0.00455452028328196,0.003568779602394656,-0.0014874374618987218,0.002409470862743568,0.0039240708261552015,-0.0014447508073240911,0.00409480098433157
2022-10-28,0.002806662879052624,0.003391538990278775,0.0018511624058978882,0.002952109947012005,0.03013926301103531,0.0,0.048632444140844555
2022-10-31,0.012592609626880247,0.01303574876321889,0.009407648034716942,0.025717040273455005,0.009240069286196473,0.008351368918388502,0.003685597575836752
2022-11-01,0.007367843877009506,0.006150311488756444,0.020627274376136207,0.01099695992619143,-0.007776418660583317,0.0022915090341593114,-0.007691491684793661
2022-11-02,-0.003453152907248125,-0.0035280907238082193,-0.005537247191996109,0.0006275674777080908,0.006225902193492061,0.014627966596201247,-0.02410735726509472
2022-11-03,-0.0016687388789922153,-0.0011447061643838907,-0.010839882054241023,-0.0044013497061019535,0.0037248692534124217,-0.002682359522069966,0.0010504650013860584
2022-11-04,0.0035638102334321076,0.0018712911499374485,0.003315737205646485,-0.006922438877110082,0.014608291045346888,-0.0002829439533549305,-0.001039566917540924
2022-11-07,0.004716446285572218,0.003844735342340755,0.005053335126541825,0.0077512286610827985,0.0053275253368827435,-0.0002828205364879821,0.011183771123032926
2022-11-09,-0.0025193100341791563,-0.0024807616995712323,-0.0054730687221482555,-0.00029833229275588735,-0.0009979644838349344,0.020163140654466005,-0.008586768638547682
2022-11-10,-0.0071190060025472235,-0.00690279853611564,-0.003239209921597208,0.01081415610111236,-0.012170531847940147,-0.013115907000181615,-0.017029704165441473
2022-11-11,0.01767602773148269,0.019302159928962226,0.03382944333681337,0.055117803851928215,0.02278998858332759,0.0009826775981149893,-0.0010668532053390578
2022-11-14,-0.001120472997037325,-0.002769273362968505,0.005878396345677217,0.0024176696197049097,-0.00485655347931413,-0.026012267129250866,0.007105199985355526
2022-11-15,0.004042741358700752,0.004029893925084238,-0.0008696163621557673,0.002442787151676562,-0.004496295929331318,-0.005632213466143732,0.0010757711132463044
2022-11-16,0.0003395534967847169,0.00173964104105373,0.006803236405566793,0.008548900958428973,-0.00575047208845092,-0.0033364985144359594,-0.0029786117790866484
2022-11-17,-0.003577889414371427,-0.003719631411630786,-0.0018944052047373816,-0.009073980986418206,0.002581146403394463,-0.0011630263965587417,-0.01638985225701539
2022-11-18,-0.0019780888419358433,-0.0014118503624178658,-0.0016585844044705311,-0.002629936740786043,-0.0005387552722631028,-0.007740247979787895,-0.015520750232887792
2022-11-21,-0.008100449774708807,-0.00844639364927069,-0.018093312904917447,-0.010307750884336109,-0.01816103018591786,-0.01135292919581854,0.0019364562190222756
2022-11-22,0.0046286016308609845,0.004473124186308297,0.009532688124222588,-0.001472260993565122,0.005531772636943266,0.00900447225627854,0.0009639333214668255
2022-11-23,0.0012626606067804858,0.0014905645162510694,-0.00200811198848605,0.0025986346343662703,-0.003123725275768763,-0.0013233156791399026,0.006822854514549448
2022-11-24,0.011801042862215283,0.012313639266887222,0.02148552432375883,0.0161278982878601,0.008586289271950598,0.002791932180307377,0.003641918302022873
2022-11-25,0.0015488019469049874,0.000336542616741653,0.002806757257651782,-0.004625726740731473,0.014817327148316295,-0.0013216894640244448,0.005826563959061559
2022-11-28,0.0026972005940333332,0.003384022354458338,0.0016507102857303835,-0.01081460587629568,0.03378631505808283,-0.0007348511564604365,-0.0037877235526018183
2022-11-29,0.0029746977400666452,0.002828403728068807,0.0006184144278691406,-0.0015008687149933309,0.0017158250148963106,0.006594931224978673,-0.008404362057717663
2022-11-30,0.0075073835684751344,0.006643427997680362,-0.0019300529980448289,0.006611959484719598,0.007035906162816019,-0.006741860490860674,0.007151631487094079
2022-12-01,0.002882576714860363,0.0029203591239888027,0.024715752406384794,0.006846465611945796,-0.002951618055529792,-0.0013245009811120312,-0.0017845783241412505
2022-12-02,-0.006206617442540363,-0.0065903137879832485,-0.010557203493593903,-0.007686083240000308,-0.0004223156770262193,-0.007093182421198385,-0.016012522135538276
2022-12-05,0.0002647887259978887,-0.0005393413193530705,-0.0038601356950085375,0.0036333936640771114,-0.014691361509595602,-0.0011870150924551126,-0.0027033364180510944
2022-12-06,-0.0031223832280691255,-0.0033196362785581357,-0.011906941156844653,-0.0011164952356530478,0.002884879022714948,0.00163178274442366,-0.008532751030015717
2022-12-07,-0.0044216639141225755,-0.0034498561870375255,-0.0014041363972374654,-0.0004346126045193799,-0.01486724711216958,0.00826685845436348,-0.006698556460742466
2022-12-08,0.0026284549446717875,0.0025603832156662065,-0.008928652712803853,0.005603797416095624,-0.00047166737204751286,-0.0050110468736317415,0.0027159254706887737
2022-12-09,-0.006077211303592733,-0.006236500850913984,-0.017401376960581416,0.007106607143703592,-0.015271169530419293,0.008826145828887633,-0.008019236561422005
2022-12-12,2.9776989357799266e-05,-0.0008221485588091326,-0.0019150896116943983,0.007756171911496246,0.0015318723633583886,0.005258619324259861,0.005372539108918772
2022-12-13,0.005974908495510078,0.006461083973000825,0.013794600917155009,0.002764259225283894,0.004543692771924235,0.006968681688554135,-0.0045196201737436326
2022-12-14,0.002806718551028098,0.0023098481072576504,0.0099294007507158,0.008427716307513933,-0.0036255717867312853,-0.0005788201745513533,0.002421487160328084
2022-12-15,-0.013238173588298707,-0.014121386680994163,-0.018065271692329077,-0.01848847248361718,-0.014305841143332998,-0.019145733685915545,-0.006670174629940462
2022-12-16,-0.007954506384605153,-0.007491256293022275,-0.019816365430344263,0.004799096434234151,-0.004957274025018776,-0.01112851693027661,-0.011523343999487068
2022-12-19,0.008255783729644861,0.007607111531241273,-0.011859172927918493,0.003105622783633244,0.013049891628027055,0.015986212175236325,0.013815553816392878
2022-12-20,-0.0019099433205287397,-0.0016825139110565601,0.01300049149694793,-0.006924727997661861,0.008618982220926164,-0.0010285495241975084,-0.009282891566433804
2022-12-21,-0.010179353916941025,-0.010345506072672705,0.007554666972106716,-0.009720119805411542,-0.014329055240590804,-0.014808477737027204,-0.020617366093867773
2022-12-22,-0.00395029488689147,-0.0039545985687130525,-0.002711317551638004,-0.003436816861680292,-0.002595696271448844,-0.00808854532968084,-0.0019239830025821192
2022-12-23,-0.017841375268083937,-0.01625820896023278,-0.009663931701398454,-0.008972962352157943,-0.029765943117252114,-0.017447472041756562,-0.02339872497167228
2022-12-26,0.011602067858994758,0.011977928536266447,0.007575593875977837,0.019708673354616124,0.00869422792251573,0.02389365045421421,0.014050270083362904
2022-12-27,0.006512402811413409,0.00594283365521342,0.0020270346787594207,0.0010122006866994937,0.008147994356014543,-0.0043429977502533745,0.005874900169599684
2022-12-28,-0.0005406611691451957,-0.0002814963853339236,-0.0007365145332096645,-0.0007973657246589383,-9.815312399652498e-05,0.0037450355672792313,0.013822586028299
2022-12-29,0.0037727060871848295,0.003664213119916937,0.003570268648398489,0.00703132568448428,-0.0004520070081284189,0.002836953549682164,0.0017499760270140996
2022-12-30,-0.004722210041123276,-0.00480659330828459,-0.0036931432984870227,-0.008044334196275926,0.001532106690688373,-0.011396100618165761,-0.00489584472171245
2023-01-02,0.005076675205534897,0.0053611263360373584,0.0014574340889632609,0.00033775757646647975,0.011204365072547517,0.003913181882080785,0.0010357186713747524
2023-01-03,0.001927069632872147,0.0020644806265472937,0.015184327027281341,0.006517767002546471,-0.007344753731491238,-0.0052714625373901924,-0.0024483643401147503
2023-01-04,-0.010453517612292629,-0.01044275816976814,0.000995853751470932,-0.01803457472319714,-0.015170870819077642,-0.012460158977773972,0.00476638282125208
2023-01-05,-0.0028194100932683597,-0.005027328674612974,-0.0010715339394957724,-0.0064490644423633725,-0.0017884158194299005,0.01953256194336994,0.00453688753396797
2023-01-06,-0.007402837214765867,-0.0075324219125505465,-0.03052667453459712,-0.0033186773060869257,0.00904793628063949,0.0047869617709128676,-0.009267574428477587
2023-01-09,0.013445455099523329,0.014040077932298445,0.03319587692725712,0.0019423615003404393,0.023337027578650194,0.008914108155138933,-0.0007219052826830108
2023-01-10,-0.01038726609393592,-0.010455391367226952,-0.010156906828274082,-0.018447611899029326,-0.014897915345390977,-0.01385101548746448,-0.01005983422780865
2023-01-11,-0.001030508293618837,-0.0001660353913930379,0.012789151836270385,0.014307581313965478,-0.012685579390982582,-0.004810493261548032,-0.0010496642584509885
2023-01-12,-0.002097674121680271,-0.00245651319134943,0.0016958110597524723,0.005328717182054632,-0.02183076706604492,-0.005894396292003279,0.01017803570712239
2023-01-13,0.005494970874730498,0.005043271831077334,0.01198426469613878,0.0007812920636709464,-0.0016196437986186751,-0.0033404555948512993,0.010010403149321334
2023-01-16,-0.0034447734977760547,-0.002795267952295788,0.010401733991169948,-0.009636132631555938,-0.009569052975278325,0.004400996949565972,-0.008708950571895357
2023-01-17,0.008815596703469097,0.00932107977443053,0.013214440645702652,0.014776934319007395,0.014097741885048976,0.00618916366484612,0.011773958981910582
2023-01-18,0.006187374978678051,0.006409469138201729,0.0034276317697283787,0.017497902505720475,-0.0016555635573558547,0.007197524860554694,0.0017321521738473677
2023-01-19,-0.0031703874707034174,-0.003073049006889761,-0.004997816409890277,0.004144541498136256,-0.0010714113370431377,-0.00749841352378855,0.0008943528067302253
2023-01-20,-0.004438812272184123,-0.0038962803348479014,-0.0029688240338874294,0.010196592658941128,-0.011964268727863825,0.007349005699808231,-0.007301613653103445
2023-01-23,0.005029606393094355,0.0052631461977235006,0.015284967985424558,0.0072885452578512755,-0.005068775119434932,0.009370111648179247,-0.0026933975097342966
2023-01-24,-1.379810823642913e-05,0.0006082348727609599,0.006247092231690843,0.01329946374113522,-0.005922061148210922,0.0035467397035331416,0.032919873380855336
2023-01-25,-0.012571672991636973,-0.012769064244922745,-0.0019079667668027156,-0.028020930038081815,-0.01392131783002526,0.0008847228801789342,0.009758147371282888
2023-01-27,-0.016204838949638756,-0.014626155369295901,-0.005467109351227961,-0.020126627036013645,-0.019153438614802454,0.019701522689178574,-0.005319190180467004
2023-01-30,0.0025302388515022756,0.0028529826984922124,0.006603558949635158,-0.0010217116159187967,0.00953792894848604,-0.003474346372493109,0.0090576883228497
2023-01-31,0.000747706677847404,0.0008313843900964457,-0.02206982225317411,-0.006619701783324494,-0.0025035363524263943,0.021660409662004554,0.008841154310578858
2023-02-01,-0.0025992997802717355,0.0026527329209908856,0.014674390272327642,0.014887151936971321,-0.0059440118724705115,0.02536046139962167,-0.014317303019227623
2023-02-02,-0.0003349953577203024,0.003747238811870446,0.015155832872732589,-0.014980739825737999,-0.005549786399893897,0.04649474973670298,0.01148609242794052
2023-02-03,0.013740758205234016,0.015063787626820258,0.00630868381231231,0.03399922674797562,0.000880453389835445,0.005400077142583726,0.00810116717146947
2023-02-06,-0.005022725956678187,-0.005520967363045415,-0.006438724634957538,-0.004259014874512523,-0.007563919355434656,0.0071985378869063865,-0.00384318078817536
2023-02-07,-0.0024290993398512484,-0.003656830038069714,0.003635148254421239,0.001482064459095156,-0.002403874040733278,-0.026830311437903376,-0.01647421486664591
2023-02-08,0.008439820730389513,0.00624641198914766,0.013600026999071702,-0.00012093542067148633,0.019773655753242636,0.006143216353136083,0.008211717779385452
2023-02-09,0.00121626799448471,0.0023451015660462815,0.00587751949794324,-0.00208788425524542,0.0017417798532397555,-0.0034675767522385215,-0.0037991050862427045
2023-02-10,-0.002067092833085482,-0.0020334294827257793,-0.0009323395255069755,0.0039604738153595775,-0.008268249637386482,-0.007779095055735041,0.0011525717208655806
2023-02-13,-0.004805277575645306,-0.0041425205541898436,-0.01571281500310917,0.0007540213552301722,-0.0057081756134547135,0.0076453051449094644,-0.00021565636765608076
2023-02-14,0.008904589905164073,0.009886489223367434,0.005069803097914161,0.009213537235972957,0.023291828054757602,0.03221208095651651,-0.003980916970455439
2023-02-15,0.004785004379327162,0.003970790650884126,0.0058541533412039826,-0.0020333617199597143,0.02239138197305035,0.005196884734907314,0.008047827561187049
2023-02-16,0.00110951785824831,0.0007246954821500395,0.010567114457233018,-0.003628611781078206,-0.0007815408058764461,0.0009153015446816681,-0.004560846410932129
2023-02-17,-0.005094522761126541,-0.005182091577426107,-0.016121269510030345,-0.005029916527152345,0.0041681540243452275,0.002219433070367316,0.0003008445256131864
2023-02-20,-0.005565979846782199,-0.005111700621405646,-0.003963649547960912,-0.0094352121479373,-0.01062906134149788,0.0016939448212154318,-0.013038993052388648
2023-02-21,-0.0010036299610955979,-0.00031014588627797934,-0.01046383498444392,0.003742248611673382,0.008126211537497596,-0.004697950122047878,-0.0027415031985942306
2023-02-22,-0.015398310946496352,-0.015408974656949681,-0.014432790361857073,-0.019812305231569738,-0.022938989654533337,0.004177013519365502,-0.0012579301397170894
2023-02-23,-0.0024554471223794394,-0.0023322805118102252,0.0035948024169787374,-0.006806674313134309,-0.004803687399811629,0.009722139202506419,0.004298466526339695
2023-02-24,-0.0025988036906685608,-0.002382992895471503,-0.003918262872153022,-0.0089594487093132,0.006819486230834393,-0.006470820703289526,-0.004119478292565759
2023-02-27,-0.004194194796815154,-0.0029570506114406925,-0.02037999100324761,0.0024829422686272196,-0.006671533929934803,-0.007559061332798933,-0.0032730744057758443
2023-02-28,-0.005115779048088243,-0.0055176320073027085,-0.005718747326410423,0.004197333053293839,-0.019316673335588952,-0.01449487601144206,-0.0009099773588250315
2023-03-01,0.008456491641293695,0.0075854870349960635,0.02175154626328002,-0.0009693547275286818,0.009150500984273613,0.005295111681079767,0.016080142601984093
2023-03-02,-0.007419626196213613,-0.008480861184249733,-0.019159191992223157,-0.00854703468734197,-0.00764463314875119,-0.008352533540887386,-0.024884483726831164
2023-03-03,0.015606186138583666,0.015155780591653567,0.006213097742939766,0.01965476796940102,0.025195222485529634,0.024721747645699566,0.0061224055047901516
2023-03-06,0.006633473404125567,0.006922968843575461,0.008847166604626366,0.0070301731853197325,0.009720341015542644,0.008278329006245144,0.0035049844841559263
2023-03-08,0.0024221155475672163,0.002050698086327074,0.005486254583551897,0.001995242203188141,0.0035847476001986678,0.010889789827716712,0.00720925625461355
2023-03-09,-0.00932559843808356,-0.00901860267179977,-0.01592057030625682,9.194898004949437e-05,-0.024328020812575346,-0.012565644001099052,-0.017632451974080254
2023-03-10,-0.010096462811862494,-0.011285547501364235,-0.001754707780898812,-0.026124677463349677,-0.01561356946615966,0.0012893958574666797,0.006953175789851329
2023-03-13,-0.014962416687813729,-0.01528963173672615,-0.0148348183302911,-0.012733020937588435,-0.016583062219645228,-0.011274693509658817,-0.009713796765113969
2023-03-14,-0.006491706128143093,-0.005814823446936401,-0.020626046304542456,-0.0026813449407079304,-0.003749663131474179,-0.0103492661909792,-0.0007341222770218536
2023-03-15,-0.004183422059139019,-0.005964068067092043,-0.005004735668773463,-0.014454857031742208,-0.01723960575324135,-0.000790370260643769,-0.004379769759301766
2023-03-16,0.0007921148752920715,0.001370620933350608,-0.0043548070800634164,0.006464439538128808,-0.004996673764597226,0.005388717374581908,-0.004434679882283632
2023-03-17,0.006715529889726568,0.00614158726009606,-0.0017910989944995848,0.01328221860928469,-0.0012586574923663107,-0.01558800574932917,-0.014396541455566236
2023-03-20,-0.006550651968002086,-0.006243798458477556,-0.011387855534858105,-0.006955218010007869,-0.009877212537149127,0.008616671325735403,-0.01176209111105031
2023-03-21,0.00698618264457096,0.007704731095271811,-0.011905350569818118,0.011269770174959781,0.030622104341062162,-0.004895860340319302,0.0010701655289171441
2023-03-22,0.0025920135774430975,0.0024062447777115636,0.007920633902521956,-0.00231355692248858,0.0030356284415011814,0.0021200987592084886,0.00291250437874524
2023-03-23,-0.004382281489013096,-0.004982082198633719,-0.0019662136152405196,-0.008060089790838276,-0.012731133477497991,0.00764776920511423,0.012140519586592902
2023-03-24,-0.007750894050449375,-0.0068977574399067265,-0.0013291235897332498,-0.0016006449201562134,-0.019995831260792407,-0.0051361454088514336,-0.01329237433708741
2023-03-27,0.0023959657211065633,0.002201021117404167,0.0005767882935296953,0.004347655391851113,0.015425341873051224,0.003953177385214168,0.004291398998075735
2023-03-28,-0.0020036899079229897,-0.0006964773143600667,-0.0020519942006256287,0.008101325067215726,0.004659470345280248,-0.0011842759066560404,-0.008436965808297003
2023-03-29,0.007581047692736931,0.005993955464210998,0.007354193901909056,0.004798050044115598,-0.005933946747074259,0.007868870784461635,0.010482357598887049
2023-03-31,0.016205182818433528,0.01763902926563965,0.021120707498403668,0.013605140333321941,0.042211768716097886,0.001957626892956199,-0.00037977707851588605
2023-04-03,0.0022038676723763473,0.0019462133022845052,-0.0018420431102903478,0.0006212206732607584,0.0001715991878485923,-0.012067286733578264,0.025115648096058152
2023-04-05,0.009097447268530345,0.009813008710590765,0.012360844484580191,0.02646961164026429,-0.002404842443710642,0.019600728478669005,-0.006607745472694049
2023-04-06,0.0023950044712144347,0.0024039070978947308,-0.005912946853062984,0.0075901314225435,0.006684708896645297,0.002455650044944413,0.008205878594251814
2023-04-10,0.0014138632460749534,0.00022632064836436427,0.013170663166103935,-0.004752077375896668,-0.007114795359852266,0.003093029909240208,0.002169893679836221
2023-04-11,0.0055592868116125516,0.00518661263325626,-0.01531534620438979,0.0029201690183908724,0.004934403778387164,0.018992378451895497,0.01446976170032066
2023-04-12,0.005071088231311194,0.0038996288189512285,0.008628416822785034,0.012902590387614765,0.0043990004382248316,-0.006206060427931703,-0.004455903379184889
2023-04-13,0.000875389176338004,0.0006328302812299569,-0.01642211641312219,0.0044708885235182905,0.0037640533751606142,0.005195559068223332,0.005754232130392722
2023-04-17,-0.006818706782850015,-0.008646263513057306,-0.015596809463771066,-0.015361403038454569,0.005060468428085052,0.011435853155630227,0.00044395843246469724
2023-04-18,-0.002640837271474794,-0.0030715791246578306,-0.0027907920764569383,-0.004239140820376797,-0.01151285466124552,-0.004132082199564735,0.006663937039913748
2023-04-19,-0.002347035149698584,-0.0026692029383390548,-0.013230980509797874,0.0036688416513817046,0.004965586994724269,0.0006273760118391536,-0.006053178502083867
2023-04-20,0.0003234223297550187,0.0010830655211560014,0.004907418561576726,0.003715294099765565,-0.0025332243644315966,0.0038795208239958967,0.003989661191482696
2023-04-21,-2.2607344993375023e-05,0.0003807112836895499,0.017891716843131178,0.001613677931680435,0.0012567704844075323,0.0196653143797203,-0.018086285836192317
2023-04-24,0.006749146939407424,0.00670020186172593,0.0044038099694372335,0.008058940154654692,0.003824143798728308,0.0011018202285475454,-0.01084327181261635
2023-04-25,0.0014557975062992057,0.0012415569234605073,0.0003776241400617053,-0.014318858395636624,0.007625626170391087,0.006949169012332668,0.0003248828386439584
2023-04-26,0.00249275326888565,0.002820982843774189,0.006950196309175816,0.0045864525255669975,-0.0058883114391221625,0.0016993855374112243,0.004476894344634275
2023-04-27,0.005678996739266751,0.0057677035487486705,-0.003194351158769315,0.00548790652182074,0.0063091321695161184,0.009055315432687117,0.004228672362454944
2023-04-28,0.008335179280697602,0.007606074404076679,0.00977024450027475,0.003918638246514838,0.0181138507173344,0.022697049911412748,0.005439996244467338
2023-05-02,0.004564732669242844,0.0039564869869153085,4.6672348167575706e-05,-0.00020747613253213615,0.008454122553883003,-0.0025880795322628103,0.02157125070900534
2023-05-03,-0.0031901113635850464,-0.0026342369382312825,-0.012345403045645575,0.003490687062357445,-0.008619408103275106,0.006340958312986089,0.002327236765138352
2023-05-04,0.009131894646699834,0.009044110517377746,0.012749036211238796,0.020258325144311584,0.011462458742282244,-0.005987681596948846,0.0003750605259167372
2023-05-05,-0.010285117822267154,-0.01131837668238056,0.0031001310390630366,-0.06094128713950031,-0.002556300791014543,0.009726363844759334,0.016682849137017897
2023-05-08,0.010756068652657547,0.011561265112774777,0.006140789928777757,0.011498330810802315,0.012272030460870553,0.006277728000654292,0.014158427907355886
2023-05-09,8.479678636952315e-05,-4.730801579455601e-05,0.009994068428730074,3.031438914380402e-05,0.003089996259842742,-0.01789004000089367,0.0038815860111967027
2023-05-10,0.0026872067245804487,0.002891980758157331,0.0010806829418932296,0.004610877962658577,0.006852872379820241,0.003650711683454766,0.006192928332472647
2023-05-11,-0.0009887229108738183,-0.000576200403978433,-0.001415800092491537,0.0006656132130489212,-0.006550305345327523,-0.011705678988501944,0.010065593035479381
2023-05-12,0.0009724068345633441,0.0019910681810628716,-0.002394371070664647,0.00879263393553309,0.00163137779095468,0.00011893535448237458,0.0037184262902290044
2023-05-15,0.004578622613795602,0.005110621028487472,-0.005896539080026741,0.004785298955793493,0.001970389533376249,0.017330239252403956,-0.009523106972773476
2023-05-16,-0.0061250587396131095,-0.0066503019526003015,0.0009518640954393476,-0.00575054849027179,-0.014343450417776182,-0.009040388809370192,-0.01487560009619493
2023-05-17,-0.005744738948539663,-0.006021862280565671,-0.015293631721802647,-0.005386937591817187,-0.005926785448215455,0.008572739546724328,0.005283100638234117
2023-05-18,-0.0028531199312595845,-0.002096103711339836,-0.0027619644476706284,0.0039897283694756425,-0.0021544655972469684,-0.018648022989168567,-0.007274828387098253
2023-05-19,0.004043187469680021,0.004838235745593167,0.007162023174012155,0.00115432339644439,0.0032401443058791557,0.00035744285762895345,0.005798751449862749
2023-05-22,0.006079245709186054,0.0037835544338076232,0.0232622692062181,-0.003558369969794306,0.005329965279902815,0.011603288833784475,0.005552458325748688
2023-05-23,0.0018329197446842471,0.0002922152025650604,-0.0005001212171702463,-0.002348864352514468,-0.00018344374505030459,0.010305618334422562,0.004799117637938721
2023-05-24,-0.0034176281556561605,-0.0033615942757840855,0.0019089035717740899,-0.01315730792314973,-0.005842890132901957,0.010085398451289862,0.007584740794731815
2023-05-25,0.001953202943328236,0.0015987503547112425,-0.0029860637772731735,-0.0038444950326539384,-0.00012284867573608693,0.01749313055094337,0.0011966382792465424
2023-05-26,0.009679423693686573,0.010115845696118342,0.010691035164287044,0.0038444950326539384,0.026909837825069616,0.005538197973352865,0.012643478431812127
2023-05-29,0.005353443226477239,0.005499699643483069,-0.0025718335990791985,0.012118376570836809,0.005609541713702093,0.01232229022780107,-0.007094222928682115
2023-05-30,0.0018907797884413213,0.0019512704130235647,-0.0012507366727714242,0.0007640521809690881,-0.0002579345525806076,0.023992829393315596,0.005326558993406394
2023-05-31,-0.005351312266430597,-0.005524129801450783,-0.008083887993116434,-0.015950504189169656,-0.02006139687401376,-0.009828063862860503,-0.001669107202934228
2023-06-01,-0.0025201353688437678,-0.003097931540741783,0.010433347884371003,-0.004261563471153806,-0.0026961048159961365,-0.013104629932129797,-0.004214972420617968
2023-06-02,0.0025039069673695735,0.0018974952250019328,-0.005550940233225887,0.0015573395630674725,-0.0032733983105543984,0.008379514942324029,0.01669579794906717
2023-06-05,0.003218602311113372,0.0038354885500186953,-0.005064646807531048,-0.0013078802556343305,0.008940890567918913,-0.006221294123410992,0.010148280855155178
2023-06-06,0.0002769559585793502,8.61624665695615e-05,-0.017359251681577703,-0.003121429292082034,0.0008474411271794935,0.004867407092496556,0.015954193463484145
2023-06-07,0.006826497990157776,0.005559702995517668,0.01309322581962391,0.00517594698288093,0.007554043367865582,0.0025936862772102387,-0.0029522643184183295
2023-06-08,-0.004916887367084399,-0.004672070903527725,-0.011810209228694468,0.0006218242733497803,0.0006002180505104704,-0.002367819938165816,-0.0050500299806248705
2023-06-09,-0.003825505177262656,-0.0035547041542933755,-0.008424189993761821,0.0011805109261651126,-0.0071061503556864025,-0.010098390247759603,-0.0031939236575375674
2023-06-12,0.0020503013499979517,0.001580882062368616,0.011647686331214047,-0.006103290003379946,0.00088598942360818,-0.003426992353220193,-0.008066428910110446
2023-06-13,0.006144585747087206,0.006649048033366967,-0.000986017189172017,0.0016852030025731324,0.014665590256438321,0.019153970256484243,-0.003456073741809007
2023-06-14,0.0021215820368070126,0.0013508023469466224,0.0022635135064206224,-0.0010919387777583722,0.012222415845290158,-0.0020227372630730045,0.0015748023941277722
2023-06-15,-0.0036214536561356425,-0.004928940994208375,-0.003336852511475641,-0.0123753050226032,0.00027419626327152,0.008066438273153231,0.006519440201449456
2023-06-16,0.007351956368470525,0.007394191395777128,-0.012955468921409086,0.012999438386675166,0.00968842911218104,0.01109642960824786,0.0009220833952596763
2023-06-19,-0.003754557931872071,-0.003417979206409072,0.01111949340672691,0.000873164066634402,-0.009982221185156348,0.001102946494850876,-0.0074939665216451345
2023-06-20,0.003260396693050893,0.0025202144236651236,0.005374169733352474,0.0020860442926959877,0.002074812684384142,-0.0016548380477692248,-0.004194727108872698
2023-06-21,0.0021314905059401923,0.0030815619607906797,0.009405005937958677,0.017329499261745873,0.0028118095652791553,-0.01289048054316222,-0.005413878309001419
2023-06-22,-0.004549778379793423,-0.004484911903844591,-0.006064378284085237,0.004879334878554964,-0.011294778501674152,0.001341101928374222,-0.004011936876798572
2023-06-23,-0.0056495438985209034,-0.004112240074192641,-0.006863337556946902,-6.081445667582841e-05,-0.008217448565649654,-0.0064992638389904656,-0.008088445784576237
2023-06-26,0.0013758829522760863,-0.00014880731338173803,-0.008335814004439612,-0.004849037578810389,-0.007664173309591682,0.0021337409486390513,0.015204519164502273
2023-06-27,0.006729211402827673,0.007058265811929587,0.002411200314423212,0.013994699886994866,0.00036061350968719097,-0.0013470510501392141,-0.0009719781102646152
2023-06-28,0.008187463868637224,0.00784398784886875,0.005644712020856701,0.010525757024373306,0.013151883100060324,0.009503163767394796,0.008383522390593257
2023-06-30,0.0113703862194523,0.01248732492158311,0.026636855466067644,0.014951874055392445,0.008169725731517197,0.004994676352438887,0.025702647096897735
2023-07-03,0.006933003527425541,0.007488930819333106,-0.00911113364957572,0.010756635713264906,0.0253403384784594,0.02547009763497421,-0.011925813447097866
2023-07-04,0.003433046864417477,0.004193324179826874,0.011107785038326767,0.0048722962472078635,-0.010356534962540742,0.0066694346289857265,-0.002649994223249408
2023-07-05,0.0004898485434718935,-0.000504284083195472,0.003349079840596403,-0.03228261581405523,-0.0016431314120248786,0.018588956252012956,0.03512626410934239
2023-07-06,0.0050802910218656905,0.005175614933582651,0.0008881570540761885,0.0010153987521981378,0.0207732131500018,-0.002529025828121867,-0.013389454590091887
2023-07-07,-0.008524585713269417,-0.0077089948857302915,0.0019089879283349376,-0.008754602179176452,-0.001953584170033551,-0.011673593733518395,-0.0009284857934428459
2023-07-10,0.0012458539412882885,0.0009756608022488678,-0.017360873808451416,-0.0023817983783036567,0.03779793895049899,-0.005459038270794636,-0.011635753187869469
2023-07-11,0.004304651710725693,0.004179414497517797,0.00013762447376208797,-0.004871670699137631,0.010782438239760772,0.015548736734462665,0.01668886550758586
2023-07-12,-0.0028384540734549546,-0.0034187092985042966,-0.0038272785179707114,-0.009416916247940499,0.0011026010647983142,-0.00179802160686382,-0.006521136816489914
2023-07-13,0.001518077522588257,0.0025198741620755527,0.0244390720584704,0.004978557454008659,-0.008982542634748292,-0.0006354763506255523,-0.019324868941925644
2023-07-14,0.007735121594226513,0.007628187985433854,0.05080436146022471,0.002069628747331187,-0.0008388374094874251,0.0019049260901411458,-0.004560720001265395
2023-07-17,0.007482946045497485,0.007976340024564266,-0.00655115852425503,0.02070244931361742,0.020226909943560578,-0.0011636373257744026,0.008904663952113978
2023-07-18,0.001915870400722497,0.003076972541627754,0.0014739026365706565,-0.0008342718503149271,0.008456107340847119,0.00031751658052758813,-0.0024694768323136884
2023-07-19,0.004239283896302126,0.004515521216847063,-0.007693517847844333,0.004520369502301058,0.007559002638219958,0.01334970107455824,-0.006029109308538949
2023-07-20,0.007334449485703942,0.007046339054289419,0.0006498868164808158,0.0021637318285838703,-0.0012119381899857729,0.027396133823107682,0.01702292620250745
2023-07-21,-0.011788954585924216,-0.013223282772347744,-0.027813730245460633,-0.007727846022818063,-0.03144510513200771,-0.003460298453786592,-0.0002506534631230295
2023-07-24,-0.0036862180542645007,-0.004501078090267896,0.007822005997677905,0.0015801528769587847,-0.020434005733287464,-0.03972238609560197,-0.00773196611844007
2023-07-25,0.00041928243166644563,-0.00043800218736222973,0.001295098093446967,0.010785272405898105,-0.0006432949627903639,-0.019386824362758404,0.006559288383247264
2023-07-26,0.004952057486001138,0.005283109986354617,-0.0031970301272661317,-0.003483621278463467,0.016121518883362107,0.021294374831153817,-0.00023059745924491892
2023-07-27,-0.0060043684967965305,-0.0066236158185564165,0.0025349516299204566,-0.010434550502134599,-0.009346002779800244,-0.015363494269496236,-0.00028190211316214686
2023-07-28,-0.0007047080421802576,-0.0016102032314631032,-0.012292313664611143,-0.0178798932569757,0.009999029424145434,0.007284480978313468,-0.008577124199689479
2023-07-31,0.005469577389254354,0.005538858610293573,0.019493491953165076,0.004674127670380557,0.00843004746859144,-0.005887781498167044,0.01543821475591578
2023-08-01,-0.0010256449710546178,-0.0010280612248205756,0.008903784364360234,0.00666987472189895,-0.014242358897943674,-0.0019344057237828949,-0.010646204001202975
2023-08-02,-0.010545154493387443,-0.010231797349213423,-0.0033078268946749034,-0.013171075329732496,-0.0107410392641194,-0.010163335914422866,-0.006499586833275117
2023-08-03,-0.007448355676119789,-0.00827492499368887,-0.011899722813145885,-0.007249604805848797,-0.0042117891013013775,-0.008841416197041596,-0.0021039400927005403
2023-08-04,0.006959118337332981,0.007339117111518689,0.012742226459311112,0.014356252956527094,0.01349947244325822,-0.002414999710472543,-0.007710032561526248
2023-08-07,0.0041059608614446574,0.003527279825627616,0.011692457009509383,-0.0005751436736423088,0.005682078648021616,-0.00010985953586928332,0.005622687017314831
2023-08-08,-0.001350647177991604,-0.001623317223291565,-0.0038678256320725524,-0.000817842877984809,-0.006040926973041927,-0.005621425528828716,0.001966849350345967
2023-08-09,0.0031477485221422796,0.002265017368150879,-0.0023366712656969213,0.00036349231930898895,0.006575714994647264,0.013831202734353454,-0.008360765507928747
2023-08-10,-0.004566679886025327,-0.00467229717195039,-0.0059090468530502704,-0.008915722932438364,0.004445057929832963,-0.015158514258605926,-0.006945798315365792
2023-08-11,-0.005891456761762726,-0.005580183008337514,0.001944555473915699,-0.01047731271552177,0.004209615879872786,-0.006663036150870383,-0.004345543641344207
2023-08-14,0.0003216439248596714,0.001212831635672984,0.0003044001928227402,-0.004892144606071014,0.011747853500823524,0.001002378680621696,-0.0037690234034517545
2023-08-16,0.0015655309306872311,0.0021001777834559476,0.002475341828702682,-0.002921955485628125,-0.0008151208229802975,0.0023347273258718104,0.010447645294648922
2023-08-17,-0.00513775829005958,-0.005943869851199324,-0.006570896311291818,-0.005556410005141288,-0.014531344819912029,-0.020758077538765463,-0.004708705346891051
2023-08-18,-0.0028493381372509674,-0.003110838376809255,-0.020183397639385703,-0.004109118300758219,0.007380109442807203,0.0014728126438168232,0.008576051153895037
2023-08-21,0.004312209957047841,0.004109101178149999,0.010208874522628975,-0.0007860762311899805,-0.01097141773398036,0.013829090034539249,-0.0018257524696299043
2023-08-22,0.00014692476375799401,6.043427569224491e-05,-0.005749191401983822,-0.004287312096815654,-0.0002381681212684228,0.014300882977391183,0.005609965092475022
2023-08-23,0.0024485198272952147,0.00326466562090566,0.004748983028836307,0.002461187736231274,0.001110803725748788,-0.008400498425183756,0.011423264306824166
2023-08-24,-0.002951315531007026,-0.002769409895275743,-0.0030944585949441716,-0.004611637323387541,-0.016953582197108297,0.0009985206566964777,-0.002842304822220143
2023-08-25,-0.006255679801562053,-0.005622134884557539,-0.0019057103794946073,-0.011334837598376168,-0.004627937795866899,-0.01688616383659447,-0.007128152652557063
2023-08-28,0.0020870149074525557,0.001695214525321731,-0.0017020626570332098,0.010352867006550248,-0.010016236239491327,-0.00440803509844212,0.009631846217814655
2023-08-29,0.0018939637920958319,0.0012180715735556902,0.00017781779157388655,0.00792290170554466,-0.009621565397658571,-0.002949548298471605,0.002450732547066181
2023-08-30,0.00024806491573059475,0.00017562104984136795,0.004374048372953965,-0.007320972821218241,-0.0009507697813102567,0.006116339706818685,0.018040783524263304
2023-08-31,-0.0048521030396475595,-0.003938466947669639,-0.01012184682974926,-0.0046030052945704725,-0.004580346439436056,-0.007025627911409593,0.02094998566859374
2023-09-01,0.009382556025203215,0.008535700751544084,0.006650646637057278,0.00206609436545957,0.002344531995291277,0.003065549584004401,0.03220830114505624
2023-09-04,0.004799298621962933,0.003678665607303344,0.011562966169448075,0.006235636832187197,-0.0008085139978444289,-0.008081428268638113,0.003015416085183631
2023-09-05,0.0023578141889490922,0.0023151831580836557,0.0031689078796333092,-0.0061086184087306705,0.005336958571418471,0.012718796403273558,-0.009731304625788084
2023-09-06,0.0018450694598151074,0.0015230905275078754,0.0001602395304693971,0.012995349124373057,0.002102084214882005,0.009769190471402567,-0.008145353555706336
2023-09-07,0.0058976072365517496,0.005827492345575891,0.0073637845236422805,0.00957492171353902,0.001357779643666568,-0.003470022891544744,0.009961232973839884
2023-09-08,0.004698136818211296,0.005017811798122551,-0.0038711101508397405,0.007760729987372983,0.006639128577168307,-0.0073153525787272855,0.0049725373984035315
2023-09-11,0.008860770587059363,0.007899356642647959,0.011195261395231526,0.005160952210522041,0.010725713251005686,0.010226513145573435,0.019348017070308643
2023-09-12,-0.00015756069892525204,0.0014001630867941373,0.02836733774015876,0.003120533391575364,-0.014552033681533239,0.008794067179954013,-0.002875865164972069
2023-09-13,0.003833986143147783,0.003650799178839037,-0.003623151607747843,0.0042672569809827365,0.004989780684947931,0.005195384500305877,-0.0028792122497485195
2023-09-14,0.0016478497893750443,0.0007705661043875267,-0.0021885215343591113,-0.0006085053110709282,0.0009175238254046647,-0.007859000270967087,0.001407295176921508
2023-09-15,0.00442978786322179,0.004722798411455287,0.010686879262273408,0.011408196357958644,0.0018530397283642586,-0.0035620970098522164,0.003531088635417845
2023-09-18,-0.0029286010148226183,-0.0035705462927975162,0.002179203269072616,-0.01987422683338025,-0.00874498224135678,0.00821851095079218,-0.0002994005478047512
2023-09-20,-0.011585098803333693,-0.011845580419290513,-2.7695428419960422e-05,-0.04094224018243242,-0.022538752210463642,0.0019889876460696954,-0.016805285286963567
2023-09-21,-0.00802404589005512,-0.008578522196344807,-0.005770788364928947,-0.0066408834359021895,-0.0073098366625083955,-0.012105224739205056,-0.006053989752215827
2023-09-22,-0.003455380616644632,-0.0033438441445401423,0.005104992680983855,-0.015374900233148026,-0.004173937119813509,-0.009880956403801378,0.024098808854224885
2023-09-25,1.5287950027698116e-05,0.0002202340418655524,-0.007380784757488712,0.0008821074382838745,-0.0061763143158852785,-0.0011290973911712854,0.0050229185741663684
2023-09-26,-0.0005008515772892963,-0.0011854097030248312,0.002387283569273535,0.004334228603755541,0.0008754001780442167,-0.0003389701425104974,-0.002984160501798172
2023-09-27,0.002628162551918223,0.0026232530347627403,0.0010035234784435687,-0.0070485955721233395,0.011206985495338273,0.015029461709018754,0.011687027547973017
2023-09-28,-0.009831803841214182,-0.009274260237940979,-0.014748973403296617,-0.002065148214982493,-0.014799278385326353,-0.018879122797735626,-0.01086333077502566
2023-09-29,0.0058603116976758685,0.004874288854498587,-0.0023070686778101646,0.001704915695579956,0.004659089164881891,0.008247180154569378,0.004273728965511481
2023-10-03,-0.00559404217312931,-0.004816568844947966,-0.004188847085755398,-0.012029086487399532,-0.01151609745028992,-0.010518554779138434,-0.02516646078450613
2023-10-04,-0.004755597219883612,-0.00437612092616213,0.006778632258575001,0.014156233611378077,-0.0017269379736326584,-0.008334909564551296,-0.02120054914599656
2023-10-05,0.005625729970018867,0.006198073618810085,0.01448016934051033,0.004045210644662234,-2.1575052141287188e-05,-0.00011468775081890925,0.007895950659413842
2023-10-06,0.005497568008546949,0.005531735381721248,0.008889454792926799,-0.0011074365644763162,0.0016838981587401491,0.01389226956831724,0.008960401416691965
2023-10-09,-0.007207861089913337,-0.007349275731375116,0.004669718493667929,-0.011671222459525232,-0.008556818493418383,-0.0038521999020080244,-0.005572585610988057
2023-10-10,0.009055676290124381,0.008617139879296687,-0.0026007933632712366,0.0056558477413970465,0.004406685605036209,0.008928082428199424,0.01262880047692505
2023-10-11,0.0061517313687318165,0.005940120873599852,-0.005249414969529909,0.009626563547795008,0.01575213596590963,0.008626187740068403,0.003569530318758396
2023-10-12,-0.0008761245971022902,-0.000973142017709705,-0.01883320661442589,0.006635505367451167,0.0018531802067451864,0.00545071218498272,0.01608195944572799
2023-10-13,-0.002172167428733829,-0.0018938488562376676,0.00795675902186943,-0.009139257632641673,-4.239844330289344e-05,-0.005227668911077288,0.013764749294324474
2023-10-16,-0.0009776805295214075,-0.0017487778999463188,-0.013192686972228529,-0.004012578642471176,-0.0022373126628192352,0.0013372930302839592,-0.002151079890877483
2023-10-17,0.004033563661321793,0.003939279068795543,-0.0048357816381461305,0.007555008085635251,0.0047666605107004045,0.009973440793641153,0.004315987388043396
2023-10-18,-0.007112043473066265,-0.008330342937398427,-0.005661688167336365,-0.014015463948459761,-0.013356979173291705,-0.003977463281128024,0.0034959557911644623
2023-10-19,-0.0023615965865992905,-0.0037683610289054315,-0.006518785309637565,-0.003163369275325678,-0.007710431996206246,-0.0027714667958926853,-0.0015538323665875708
2023-10-20,-0.004189660467808665,-0.003535478591395247,0.011194061453940307,0.00516832731348682,-0.003061656962534798,-0.027232400165407178,-0.0042841831934090635
2023-10-23,-0.013440223951969088,-0.01270687812383997,-0.024448455113228462,-0.011060487455396562,-0.0157379956707695,-0.005490770082141161,-0.01616632215646341
2023-10-25,-0.008311683270010306,-0.008129674719560498,-0.005896730503087255,-0.006361167809632917,-0.002322526840579542,-0.007368374906666197,0.003329676885309496
2023-10-26,-0.013949914095015004,-0.01416580194947592,-0.01586229093224034,-0.022366659522381482,-0.014026393218871114,0.0038061637548318927,-0.015676163665190757
2023-10-27,0.010025278863764697,0.010000045480872188,0.00424678922179389,0.003921533403842048,0.017497037719743425,-0.0013824347378275093,0.013014272110069669
2023-10-30,0.004904693073893185,0.005158094202569075,0.008202686146145055,0.010798103439908502,0.020401204179728794,-0.0076370590655798765,-0.015554962669224182
2023-10-31,-0.0032077463043940213,-0.003714720238356506,-0.0029049432518597484,-0.005807586998925807,-0.010694792790114427,-0.004773976629514287,-0.0005194608364593734
2023-11-01,-0.004751896973196779,-0.004449836926793793,-0.011374122961218092,-0.0013555818291486332,0.004143670711068914,-0.0007002959026163325,-0.01596060746760486
2023-11-02,0.007559875254065318,0.007669212408364601,0.008803190503599012,0.0015248473475724111,0.009875375925662233,0.007099160006181826,0.007388854172697634
2023-11-03,0.005075080802081189,0.004404748730083341,-0.0027417524325805687,0.004728853826394541,-0.0002155268497494589,0.004858880674778909,-0.0026531633538144916
2023-11-06,0.00937581277895383,0.009200479090159419,0.008720677223456264,0.007219037298835218,0.008285621377890351,0.004835306564014097,0.0008316260279261911
2023-11-07,-0.00026022581427831426,-0.00025085191902718407,-0.002903402390169063,-0.004862969806507245,-0.006519734455650017,-0.00610574466426872,-0.0030722163273626535
2023-11-08,0.0018944969651073507,0.0005112599674621521,0.0032879071852622843,0.0028871890594750482,0.005193430007241595,0.009774252791999949,0.006706862707417827
2023-11-09,-0.0024820150223145987,-0.00220957762326357,-0.010135387993516431,-0.003963480156786936,-0.010911587865122918,-0.0058529524434085545,0.007532991764200858
2023-11-10,0.0015480850435949378,0.0011173457678612664,-0.004191077753739947,0.00392993160401911,0.0018808250246946656,0.00493718542577426,-0.0011112450077277458
2023-11-13,0.0009365417093079031,0.00044965700196542,-0.0005700698991475406,-0.0018119474963338433,-0.00012952161544177443,-0.0012607489988072373,0.0009237275471889461
2023-11-15,0.01185619028993834,0.011363107115348825,0.021601662683707445,0.010423788168272274,0.017919343645531605,0.013554575727604323,0.005528806448781509
2023-11-16,0.004551150068330401,0.004656708791868525,0.027109164814595132,0.0026221286389169762,0.001801925356262224,-0.007494905383175876,0.0027172001793207556
2023-11-17,-0.0016911889743678188,-0.0028495084519484237,0.0013143339882741856,-0.00215699353153731,-0.0021838957928039804,0.0013667659792808706,0.003712903319154748
2023-11-20,-0.001917566267971793,-0.0021236715129315797,0.00488461901159809,6.640640966804057e-05,-0.002635486774458684,-0.005593274287993388,0.004054103407234777
2023-11-21,0.004529201141300732,0.0041892840689392585,-0.0026743941344218314,0.008434985613538615,0.0124993421698818,-0.0012598684077378408,-0.0029477106949666876
2023-11-22,0.0014370018446943078,0.001401530142121743,0.005667257728820374,-0.0035637026755157564,0.003901858686827353,0.007877110738989224,-0.0038612678943366063
2023-11-23,-0.0004972811112828879,-8.22424134057087e-05,-0.006222961477210021,0.005768324474999531,0.0030520211348736836,0.0014771639318826857,-0.0005766068278294512
2023-11-24,-0.0003687570669672624,-0.000723906617475123,-0.014687269981681794,0.007073972808349538,-0.000668198639043105,-0.0058076297866360704,0.002585246471944913
2023-11-28,0.0047877848833906,0.003090020746581601,0.0037677490607190833,-0.00225428370467462,0.00020884720170588622,-0.005841555474119353,0.0020803604536450138
2023-11-29,0.010348656573869519,0.010936754642768776,0.012486039019975692,0.019755751039658875,0.002627662467432401,0.004470180536925383,0.0058382285286651125
2023-11-30,0.0018171025824003095,0.001292569122222531,-0.00746999844862728,-0.00022451850789284578,-0.009731843770308224,-0.0032074193505060578,0.0008912119709307831
2023-12-01,0.006670643315633384,0.007328825458300159,0.0068721575015100456,-0.0021835375518595157,0.007062476985045585,0.03161967916544217,-0.0021704041189831713
2023-12-04,0.02045748048377405,0.020300912737138077,0.0002278799268502496,0.03412874007686373,0.010759169317455353,0.009404253716639666,0.0012980883690190126
2023-12-05,0.008102650447744608,0.006239445741300642,0.005437267158116654,0.008846042469278004,0.00722533641433909,-0.00507843750564696,0.011486311709743902
2023-12-06,0.003952820545222835,0.005146989114177103,0.020321019927481032,0.0025219279935759786,0.009533030535957998,0.025138070936916,-0.00900817464037651
2023-12-07,-0.001747124395778954,-0.0018974486694300907,0.0029920535201561904,0.0016265845172727111,-0.0016469689105047536,-0.011179444693801166,0.006650386094356975
2023-12-08,0.0032600507599198636,0.004361972829478589,0.003258848254308333,0.01385680743784512,-0.0005292619602723647,-0.019730549583119483,-0.007328158020930786
2023-12-11,0.001320063516009995,0.0014730112668530637,0.004456989752403828,-0.0013316014818460786,0.0014648474570169157,0.007320333268253876,-0.007258894237191171
2023-12-12,-0.004328963470417335,-0.00541299262742001,0.007983627278910888,-0.00998309289202659,-0.014457341875339758,0.0014355673620558562,-0.019478422251117067
2023-12-13,0.0009537608817122845,0.00048255522288442876,-0.02162302926619475,-0.002266095005301949,0.004075607854995944,0.0056120705185138675,0.004020467573978337
2023-12-14,0.012175662163725676,0.013270851348615054,0.02030140611568676,0.011734199153319302,0.012331532050350091,0.00971896468764566,-0.002589996569176023
2023-12-15,0.01284986492150253,0.013655998849046114,0.05148412003454972,0.0038709562796297448,0.012682383705912237,-0.004138138282070436,-0.006473056984273029
2023-12-18,-0.001772582781107701,-0.002362152577608967,-0.00046641418125226153,-0.000513262912431145,0.010126366209606275,-0.014398238640794148,0.0032223577574228557
2023-12-19,0.0016070828069469911,0.0017105685275478066,-0.011204611641554507,-0.001692649758942899,0.01460913502419281,0.00980461913089492,-0.0083685888461833
2023-12-20,-0.014222122733048792,-0.013116322275330106,-0.0095178365961619,0.002477506769157145,-0.012172629221203657,-0.01124479867984185,-0.01499907871583872
2023-12-21,0.004947534816775345,0.005075846983716659,0.0019688995979425528,0.017765098110492872,0.013910759053466393,0.000997303635261737,-0.006808067290151598
2023-12-22,0.004429103580374516,0.003407143697319981,0.009590725529744049,-0.009441429068072438,0.0009750416417046992,0.008272333814780097,0.02019854945823596
2023-12-26,0.004297627887901001,0.0032270439994750433,-0.007467589968113586,0.006918603158097447,0.005055348383570468,0.002742281899129395,0.005222507813460453
2023-12-27,0.009903547502139176,0.00978744278677901,0.004114771798553463,0.012316558100867958,0.00340762234502634,0.0014229202235842564,0.001736503496857722
2023-12-28,0.005707562142214684,0.005149975837783316,-0.002969413361631368,0.00114410620141836,0.007202823586684559,0.015197965178709971,-0.0016440479337926917
2023-12-29,-0.0021741548367497643,-0.002352220186592646,-0.0017119995017669254,0.0023429182794965087,-0.007937556337528129,-0.004318832738501754,0.002989280828572305
2024-01-01,0.0004830551173018449,0.0,0.004655137587372238,-0.006544660097173249,0.0020482967809396513,0.012793797995823475,-0.001850828337657262
2024-01-02,-0.0035062758581734244,-0.004825856200689316,-0.007347646197500168,0.0005886567356636618,0.008246888218725879,0.004902011822262686,-0.00835408683839134
2024-01-03,-0.006875448193458311,-0.007481758440917474,-0.02446975229048931,-0.015540044778992623,-0.01093372323426589,0.014563340427924842,-0.0118468940711427
2024-01-04,0.00654301788276257,0.006856932549492711,-0.006781062224382239,0.010672731421855097,0.0051544207707809875,-0.001782633816892698,-0.006206300262707742
2024-01-05,0.0024072823978968927,0.0024824299845480624,0.01920454214648082,-0.00512890963436341,0.004246523661193713,-0.005155907236621182,0.00016982077880101087
2024-01-08,-0.009152465005293209,-0.009358741622570221,-0.01607327270904335,-0.011208637588592474,-0.007834307348100644,-0.017989720376789364,-0.00704290865960111
2024-01-09,0.0014793871720364393,0.00043424236474187694,0.003148705281647679,-0.007815526422483288,-0.0026511539065188217,-0.002043038473344083,0.007751328151114123
2024-01-10,0.0034218540152171073,0.003796041418128837,0.006254267463782881,0.003296625506360229,0.026614282570522896,-0.002694402712961619,-0.001387577077643698
2024-01-11,0.001317434984660082,0.0008853291285628728,0.0060413745301737265,-0.00420579429230461,0.0259610012803968,-0.001403939813655164,8.98842539260869e-05
2024-01-12,0.011361703346500107,0.011744200319856901,0.03866160912308203,-0.0047414305644339905,0.007928550388991873,0.00871583607447235,-0.0045502330401969715
2024-01-15,0.009224398809285717,0.010411377995117377,0.005393851921883908,0.019071192278838467,0.016927144533365635,0.0019265381186572839,0.012093348746633481
2024-01-16,-0.002952587985616262,-0.0027197686469335736,-0.01094648123731723,0.0037888436125745883,-0.014085981058847175,0.010001209066585304,0.00953604817387621
2024-01-17,-0.021115770473743467,-0.022513858364737516,0.006016006699509191,-0.08812998424944674,-0.009538834695107745,-0.012141945604108528,-0.013031806976520954
2024-01-18,-0.005098245504779442,-0.004399806375147364,0.004622942887882786,-0.033968782304646616,0.004671123351739581,-0.002360256655645543,-0.012735387091593608
2024-01-19,0.007434254509366411,0.006948539036462975,0.017254190052607754,-0.010484418818594854,-0.00036558567843592016,0.012806871712634837,0.011341596425573641
2024-01-23,-0.017900098054809632,-0.018481973710594346,-0.021740894266047306,-0.029884892714862055,-0.028840732785632817,-0.026215499074874415,-0.01781615682070381
2024-01-24,0.010079006802925505,0.009754180904561593,-0.004272710484752196,0.01980471530796457,0.011450316924410231,0.009318442519164805,0.012872553828540134
2024-01-25,-0.004735247364061834,-0.005073912235468825,-0.00823307467901202,-0.014529101456688842,0.0068224865579029625,-0.017297084201430835,-0.01079064808959096
2024-01-29,0.01786996821930309,0.017399190075320092,-0.002443678985637021,0.013670098966983346,0.06783813899171598,-0.012921864019811657,0.011111036548372866
2024-01-30,-0.009963166019046454,-0.011205927238540525,-0.0001184261704452183,-0.007140508468040707,-0.028313976407943642,-0.026470105674362365,-0.003986418776150913
2024-01-31,0.00941555959048479,0.008568914285680407,0.004043884980001522,0.012556718246111487,0.01340758964451716,0.007958377899791813,0.023364244956432856
2024-02-01,-0.0013011495021491015,-0.0014897413077061827,0.009960729533629475,0.0025947753585606748,1.7584465124897974e-05,0.003052803002035809,0.04332519477562258
2024-02-02,0.007180149098767075,0.006127245069505349,0.028683265752908582,-0.013871384690041566,0.02153082992166855,-0.006342206045863108,0.0016436796734566883
2024-02-05,-0.0037639297855083242,-0.0049258643835816684,0.0017632539086527288,-0.0008993413360780522,-0.012894083477902996,-0.004668974855964514,-0.02152435767196259
2024-02-06,0.007217294659854545,0.0063185274663730695,0.04013221428882652,-0.0005192723653300035,-0.007830951223269267,-0.015297236567736405,0.03914320743976951
2024-02-07,5.014190025320886e-05,-0.0004724151434771784,-0.012799165963620851,-0.00984688984404336,0.010000213169578664,0.0009267745011696249,0.008342342958627569
2024-02-08,-0.009739290405752499,-0.010079039873497564,0.012339768676334018,-0.018990969218365628,0.005514686328419671,-0.02562303550227707,-0.01769450045198262
2024-02-09,0.00296782354157088,0.0023361487195963093,-9.679183562916194e-05,0.00039187070323354334,0.007300199842815935,0.0022890155572108384,-0.0010290847705682893
2024-02-12,-0.0076707646646063665,-0.007331740825891941,-0.003149803199635315,-0.009736574491265415,-0.005767049266957258,-0.02103806132977848,-0.002159227844561684
2024-02-13,0.005867234081486927,0.006768632237751149,0.0069646260281466255,0.0031963546068602966,0.008740514104331076,-0.00024578972096733764,0.007886817021180548
2024-02-14,0.004442111482624966,0.0037333608600658152,-0.011976553867656392,-0.0074860762667219305,0.011047273846333638,0.011731860858052556,0.021396279797675888
2024-02-15,0.0032319079434728337,0.003163269600575447,0.0007559873447355869,0.021443963348835915,-0.007300206201786175,-0.018763271408317017,0.0056333329358899675
2024-02-16,0.005913324803859865,0.005208560561056785,0.0060984198964657566,0.004128512183718236,-0.00684033547475682,0.001731634436075602,0.025826239459359357
2024-02-19,0.0036931806134266054,0.003879372612466625,-0.005952315137571773,-0.001973933883059331,0.009149634801087991,0.011427300792575146,0.00900556993346946
2024-02-20,0.0033709674724864414,0.004791843402463414,-0.01798565058796342,0.02591210657972809,-0.0020203451011573392,-0.007726758031572523,-0.003218501335819468
2024-02-21,-0.006413220819373677,-0.005962445178935738,-0.009760499164027436,-0.01047193981295802,-0.0022628638109800647,-0.00679478137423839,0.0016933273153441064
2024-02-22,0.007336344949250062,0.007341829293501689,0.023668464071615603,-0.013712772682122676,0.009527274273044561,0.027147626441309747,0.01660246024504808
2024-02-23,-0.00021381877779624858,-0.0002111442633125904,-0.008600372231894582,0.0007394371245110776,0.007982206442772366,-0.0073863708562011965,-0.010537525766196154
2024-02-26,-0.004089278221712789,-0.004833244282584914,-0.012678440533260726,0.0011959125131681958,-0.004226894594917319,-0.005361924430055787,-0.005964562585695887
2024-02-27,0.0034430602082675676,0.004182549913197775,0.025502708715253064,-0.0015127093431877014,-0.0011267524797204942,0.004753928834318799,0.0029302383516185415
2024-02-28,-0.011198396451174375,-0.010871295312954388,0.0035388645394434093,-0.007598507540143906,-0.020417051824686894,-0.006955817596129066,-0.030712954035568174
2024-02-29,0.001440817192907673,0.0026989943529276417,-0.005807307029247255,-0.0042662042653729415,0.003548942338587935,-0.0049103554858982434,0.012080536196638292
2024-03-01,0.016062473692445067,0.017027306892627436,-0.00018316538509033364,0.019300914167685868,0.021216960672650664,0.007845020082956289,0.029038378285585864
2024-03-04,0.0029880715530747892,0.0017198152029820335,-0.003339408652449194,0.0013619913892659596,0.010185079782069728,-0.0009771538201324148,-0.0023088158953665783
2024-03-05,-0.0022027147028058636,-0.0026453016395784346,-0.016953792818776847,0.005672358437969649,-0.00478787544734427,-0.007237198592474847,0.006572121139448939
2024-03-06,0.005253149559505843,0.005533997991003403,0.01292683268242456,0.001213801929471181,0.0018645901265896825,0.004176964436805264,-0.008912295782277369
2024-03-07,0.0008672911404978834,0.0004507047913051565,0.010840787058254975,0.002423279557878466,-0.016147523275025222,0.013878941167051018,-0.004939996034373451
2024-03-11,-0.007178885448102079,-0.008355847473987765,0.0033410196764869227,-0.012735337842847194,-0.008368709445652378,-0.010085752145587712,-0.009997618843534894
2024-03-12,0.00013650954899269152,0.0022466495384509955,0.016814196462336284,0.0219933668093395,0.005999266363076572,-0.012164469557192525,0.00998463285480966
2024-03-13,-0.015248393356596779,-0.012375644269532415,-0.010370113334138509,0.0005821347173586844,-0.029751824132981497,0.043542871128451566,-0.010458508894979346
2024-03-14,0.006748394232673149,0.004598836148520746,0.014024911520298389,-0.0033952738392759585,-0.0004889493719613114,-0.006650028514624928,0.001267714178045054
2024-03-15,-0.0055830247464481175,-0.006228225822214384,0.0027650458020680446,-0.0019255870208372272,-0.00929924702347762,-0.00131151173797317,0.006297818859476223
2024-03-18,0.0014678000566235028,0.0014442653370458913,-0.015946764741272546,-0.004553732356093576,0.014872457883175372,-0.0039448056193629455,0.01381491625731357
2024-03-19,-0.01086096396035785,-0.010173790648112302,-0.04310742926323208,0.0022794149714560064,-0.009931309274984201,-0.019105738007185735,-0.0033788017895037825
2024-03-20,0.0009918508439650253,0.0012440262817339232,-0.0016104838917581077,-0.012706772320218107,0.012896698025846476,0.014904974724623266,0.029239763415704445
2024-03-21,0.007883528864676137,0.007454632891629842,0.0005162137163345903,0.010219801076784663,0.004991819404430942,0.013262533378236796,-0.0027673477849816663
2024-03-22,0.0038450866714008214,0.0026224790224578243,-0.015741433108631853,-0.002007964018499564,0.0027873517351340027,0.01729760360094268,0.035436514773103056
2024-03-26,-0.004174507484794532,-0.0049777812886659945,-0.00857687658191253,-0.012167774821031152,-0.00928682671600356,-0.0022188952423389807,-0.007088785018849464
2024-03-27,0.005391158338500901,0.007232146538402873,-0.009483930274182484,0.01067662642635181,0.03495072111340214,0.0008180271119053728,0.020985467907662425
2024-03-28,0.00914505728023407,0.008933567720465163,0.009174440031145537,0.004985142712874868,-0.00469998879404443,0.000817438075941368,0.007168203305589316
2024-04-01,0.006032745520935023,0.004919159382499316,0.01038097255527326,0.015488229269776888,-0.0007237784030742489,-0.003859454663768247,-0.0024433623522135406
2024-04-02,-0.0003873610421152307,-0.0014959681269832714,-0.008448110831949407,0.006540892146968957,0.0014637392844374375,-0.00199396438791144,-0.0013652557207013416
2024-04-03,-0.0008309754048170248,-0.0003665692872587556,0.016217824129533653,0.0014516033873617218,-0.010376687969202436,-0.0015275306732815963,-0.009976011708918264
2024-04-04,0.0035595696965149415,0.004737374855334764,0.014087202222000883,0.03010295419020892,-0.005912431953219333,-0.005778685979917597,0.011154319309556016
2024-04-05,-4.224768988336791e-05,0.00027729677809773534,-0.006025621861565966,0.01426667208105492,-0.0019329826754024282,0.011290257180139207,-0.011657330247977882
2024-04-08,0.006755296273492917,0.006635085292741039,-0.001685184369634385,-0.0019056022866168476,0.01756622566738386,0.003618648508230571,0.03508130060689929
2024-04-09,-0.0010395619844079107,-0.0007869687752855015,-0.006566420333419032,0.0012600339321160448,-0.015137746653524964,-0.006429245022752106,0.0017784701057834695
2024-04-10,0.0048924863608341695,0.004734726039689718,0.009607602004271243,-0.007909528941350885,0.010821558402185794,0.02455811673625341,-0.016053844601726652
2024-04-12,-0.010355021471763592,-0.010627562643346522,0.004194865593722952,-0.011390236453517666,-0.008433076020029517,-0.015801023712828766,-0.03336673725307726
2024-04-15,-0.011024443666038053,-0.011448112039056824,-0.015159080325053864,-0.01609386616923114,-0.0015860907856337647,-0.009813186681824071,0.012661401488820445
2024-04-16,-0.005610032105389351,-0.006233323120419243,-0.017507348967342296,0.009687434037751075,0.0006312816275322319,0.0,0.006407182907723907
2024-04-18,-0.006888920065700077,-0.006252913813931116,-0.002792660019084181,-0.009687434037751075,-0.0009726014992432752,-0.016691728321032606,-0.00784504568887101
2024-04-19,0.006848265696136835,0.008233965598037685,-0.00931300226199916,0.024191676318548794,0.003953086311244469,0.013987976044496087,0.02436419965090586
2024-04-22,0.008515605079626454,0.007636683239644171,0.00998604860839869,-0.012551610198531016,0.006593226626590898,0.0012940772234939502,0.00584787868996095
2024-04-23,0.0014137138340650779,0.0012190478911726643,0.0026100663539345703,-0.0030465825577099537,-0.01396669287220842,0.009128161676914104,0.01634917338887476
2024-04-24,0.0015367473640992557,0.001551369595157226,-0.01132935323587958,0.002715960883103108,-0.006289753701393508,-0.00069920954828806,-0.0040246579465446075
2024-04-25,0.0074689672972994,0.006565813494063377,0.005505502097189918,-0.0006286153106742631,0.00673500879547273,0.019967205203040628,-0.0016661954027146209
2024-04-26,-0.0066859280691193845,-0.008229707036438327,-0.008040700396156453,-0.000629010716453493,-0.0050986197832258995,0.005583690535044816,-0.017104284895257393
2024-04-29,0.009917283345522776,0.01268367251450897,0.012702410807895248,0.01296369032753475,0.008551643770541517,-0.004099242994839436,-0.0010632758370512363
2024-04-30,-0.0017039682452999472,-0.0025275892214580153,-0.012885616363984553,-0.0061648219528294135,0.001347248136783108,-0.005836333780535163,0.010009041656324769
2024-05-02,0.0019158763335269668,0.001721440847136435,0.011101291573215377,0.00796108959653452,-0.00030685288238174735,0.007660242642109516,-0.0009484335691389845
2024-05-03,-0.007638962014883788,-0.00987232209683242,-0.005164529663739259,-0.008290075253062135,-0.02244491813061167,-0.00582566750245217,-0.024762532354843714
2024-05-06,-0.001476022601282878,0.00023536835785087362,0.020002163568829445,0.0020051557366240758,-0.010145434019560362,-0.003902562017693789,-0.004239714064432576
2024-05-07,-0.006266579655461513,-0.005205822650898639,0.014658445525332908,-0.010895538555416806,-0.012797123043211123,0.012798639399420608,-0.006067777155438492
2024-05-08,0.0,-0.000618607737759902,-0.0005028013298904455,-0.01572572496641289,0.01210999577609595,0.0014750156900316114,0.014413489563731119
2024-05-09,-0.015590012996666403,-0.014564110916206019,-0.004220578596834557,-0.023993084376981777,-0.017368286553195666,-0.0367204065861344,-0.003105906734269581
2024-05-10,0.004439599522660487,0.003588606789485027,-0.01688341142545191,0.006908836153704634,0.009494893487465461,0.019221253623092238,0.013570370624691463
2024-05-13,0.0022125186649830653,0.0015355283633446959,0.01374732967048864,0.011994022146182282,-0.00336285896830546,-0.0034672830957376277,-0.0001301912075124534
2024-05-14,0.00513511727563376,0.004503365046101493,-0.011874243357492986,0.003909146685573184,0.012310714753388297,-0.004991130545261235,0.011013180782468268
2024-05-15,-0.0007789037357248674,-0.001609649256915091,-0.005345992443222869,-0.015485950348172572,-0.0026794245195063127,-0.004431486065576529,-0.003666731631243536
2024-05-16,0.009115703119871199,0.009228623824174775,0.012523765569701695,0.015006688615510022,0.006387108054016544,0.008495821030220618,-0.021346585345606073
2024-05-17,0.002774687336263071,0.0034328697850547485,-0.017285355575724637,0.002633101626298817,0.007235200958637833,0.011178558503776692,0.011444456255498281
2024-05-21,0.0027981332388815616,0.0004907170675068073,-0.003631897679296614,-0.00362657723549642,0.0002959772804231875,-0.0034439553962526404,-0.013394754803504938
2024-05-22,0.003046968747398182,0.0036139891451760775,0.003083984049302657,0.0002741520626630134,0.016932967756384087,0.011661267511090756,0.004643108289776876
2024-05-23,0.016234130138345293,0.01599852018181025,0.015908805847677954,0.02263125071203298,0.017240130525369324,0.003290711875408192,0.03169571618630407
2024-05-24,-0.00045948127907635694,-0.00010141904311211647,-0.011352386286123561,0.016347002595674454,-0.00391064083960746,-0.011737299271937118,0.005054876958670462
2024-05-27,-0.001074335818303851,-0.0002637998360999205,-0.0006365468349507353,0.00689681921095886,-0.009502839559302423,-0.010833376914231252,-0.007284014870849731
2024-05-28,-0.0019335775744711015,-0.0029230292065509644,-0.0018603822073242071,0.0018310873430884556,-0.0068778414884898,-0.005810564155677156,-0.0068028113554508
2024-05-29,-0.00804740934083803,-0.00892021334433224,-0.0094851791596966,-0.014611212663456996,-0.010649121407113604,0.004535092600272073,-0.0023391419381653122
2024-05-30,-0.009561162243857169,-0.008320057631728162,-0.017918852409865238,0.004333154739856404,-0.011114693891275174,-0.016612412140895927,-0.015019982537220145
2024-05-31,0.0018680341105543619,0.001024180242085393,-0.01759188430602343,0.010963882477909692,0.0038876183098004446,0.00611545017686943,-0.01589807625129147
2024-06-03,0.03202403067452053,0.033340416866105116,0.008652504402213879,0.026195570042828464,0.054370722911738945,0.00910373815651866,0.0061788564610605334
2024-06-04,-0.06112419596275842,-0.0591191792487038,0.003275767591116363,-0.058307586233675934,-0.07780091079726059,-0.017573824562156837,-0.02434796793606253
2024-06-05,0.03307130264902369,0.03145384301700993,0.008430110409051395,0.045247301223128034,0.01666096306561826,0.03572231443798213,0.026465683358939174
2024-06-06,0.008848783029735685,0.009263824829009337,0.022160466895215336,0.0050778926932988355,0.007607784231275616,0.011782462663673776,0.013576591323992915
2024-06-07,0.020331831818062085,0.02133406751647371,0.016454821298587774,0.008713571689394684,0.026435601749952298,0.008575882870707652,0.010783197389807597
2024-06-10,-0.001329822078973919,-0.0026540907117240664,-0.009093726929128465,-0.00768813182945749,0.0009860148418443515,-0.005136668562140123,-0.007313519573752814
2024-06-11,0.00024290193115561465,-0.0004378568703007346,-0.0017117733229987664,0.0022391643058048416,-0.010057807918781414,-0.008966586173365876,0.011422683115807075
2024-06-12,0.0024941998100960205,0.00195966954446547,-0.005323070636260141,0.005957370671167972,0.004554671480917705,-0.0016179284069757216,-0.0011123663926095873
2024-06-13,0.003251208563556318,0.0026636894413378798,0.012062688695509749,0.004184042694891588,0.0013147386171104003,-0.004637162391899707,-0.0001945897313557765
2024-06-14,0.0028464728647623616,0.002365029164222321,-0.011958211221894999,0.010164804748240996,0.008359492565498172,0.0019733968227608756,-0.00012837704860935162
2024-06-18,0.0039257349959189725,0.003997145317663708,-0.004433112383807725,0.006802463421642813,0.0023491006530411696,-0.00558200935689257,-0.022377408888967665
2024-06-19,-0.001780196726544503,0.00047146176955692454,-0.003518598168545495,0.03065484162173604,-0.015223122049048854,-0.011966386924484596,-0.02571196291131983
2024-06-20,0.0021663878659499147,0.0018258513190509973,-0.0038081173759465514,0.00691270425444479,0.010264829279454268,-0.0008264910764657074,-0.007592786495228765
2024-06-21,-0.0028002164622531467,-0.003478357480769745,0.006185857879668077,-0.0021587910344766925,-0.013320295025101458,-0.00877923926826174,0.004270882932448927
2024-06-24,0.0015625352218737731,0.0016975592379875337,0.001586381512188595,0.003984228783129318,-0.008789084655451695,0.00877923926826174,-0.0014845766761855117
2024-06-25,0.0077636644675092015,0.009169563128304858,0.005656263993481403,0.023022816049406813,0.008754750846769355,0.0,-0.005497990920529716
2024-06-26,0.006198787876630973,0.00792112073645157,0.004522907607620752,-0.00577231442569115,0.04035010488914281,0.0015343461646031287,0.006716135397519807
2024-06-27,0.007334080659763487,0.007205438311833845,0.02010319317573739,-0.0031492607086756053,0.01085554414666845,0.0038845077873448375,-0.0015998401692147723
2024-06-28,-0.0014108969297392804,-0.002659321358670752,-0.007654643282414497,-0.00730776617783313,0.022514179701623505,-0.001646082743654631,-0.011969171375358911
2024-07-01,0.005455575596917228,0.005595421521107369,0.01878925857256064,0.012629133708927043,-0.0033594104835454885,0.009719622853331167,0.006196558727150858
2024-07-02,-0.0007499973340490129,-0.00043713681396795323,0.009805580854736817,0.01478578284360843,0.0032156400446208266,-0.00830857391259876,-0.005469717267310159
2024-07-03,0.006719678910167559,0.006841270314067671,-0.013066064744984729,0.0217484124104228,-0.008179365837047037,0.0065589045013094704,0.006707788022289662
2024-07-04,0.0006441994597672362,0.000785758442759743,0.01394935437960143,-0.023743824999055363,0.0010301226856572754,0.0017496694112892897,-0.0028125855239888864
2024-07-05,0.0008924945580712773,-0.0006631871308862003,-0.002278232338106534,-0.04684961082466366,0.022020465873240802,0.010664264202838503,0.0011945785255758068
2024-07-08,-0.00013563033375163513,-0.00045285613204804065,-0.004647106232143372,-0.007766260069111297,0.007697108783898621,0.02268545221620144,-0.006668794619375973
2024-07-09,0.004621127111883894,0.004881213285946373,-0.001930024455386814,0.0007029543390721926,-0.0066589743923870515,0.020085560017456316,0.06473560441295234
2024-07-10,-0.004460845993234486,-0.0053266502035924645,-0.01934282808079324,-0.006375339109127687,-0.0038116697139853883,-0.0025441381389521567,-0.004289043242749813
2024-07-11,-0.00034950371952469084,-0.0003432527143552022,0.0037149463788264114,-0.0025860916341722273,-0.0022591559843414544,0.01582277295736123,-0.0045197145588833365
2024-07-12,0.007628403248956417,0.00775484305058427,0.06422081116068945,0.0004930357937471541,0.010118510025576732,0.000871688233752721,-0.012081934908007241
2024-07-15,0.003444729807425162,0.0018055822060993876,-0.0035315696325337598,-0.0003697731222107592,0.0003130991434838748,0.009431491364503053,0.006462599983256823
2024-07-16,0.0010691440871770652,0.0006405632838184516,0.0022161300657934646,-0.0014498315312323484,-0.013219157543574944,0.004628888195063574,-0.00034800192662665097
2024-07-18,0.007603152387119394,0.0077368525172509806,0.03228422392836272,-0.0030605845193329984,0.0065920893267268355,0.010044977788028042,0.00035588278755405156
2024-07-19,-0.010944347737899207,-0.009124127825115735,-0.0007318660832069668,-0.0046554652807566654,-0.020068673768813383,0.009102443568153262,-0.009515920396481192
2024-07-22,-0.0008829659721332206,-0.001273321462697652,-0.003503905113976913,0.021694176115493846,-0.03565695502299526,-0.017001687286654743,0.009294444553072267
2024-07-23,-0.0012329157000277036,-0.0009077059650284269,0.0034925178968112647,-0.014811881790018688,-0.00854936666559869,0.05351985916761759,-0.0009655296898483101
2024-07-24,-0.0026814236311487605,-0.0034893530939275053,0.0009060170897523534,-0.008906294684183358,0.0052285834485008564,0.0037516091737668233,-0.01129156646845253
2024-07-25,-0.0003031729363165425,-0.0013619683310359676,0.0037664591591131114,0.0077933852108493795,-0.002208681455291739,-0.008333369936219803,0.0017563241516036499
2024-07-26,0.017414807899928775,0.01602440832537333,0.015005540095067715,0.0009584000158966433,0.011078152419955245,0.02469518208987953,0.012275141137997991
2024-07-29,5.033123062503364e-05,0.00028428550600523295,-0.0015396583189382085,-0.008128537944920744,0.007312308260128297,-0.012321801486041117,0.006913165175898683
2024-07-30,0.0008532792280142587,0.0012229462605919394,-0.0036013879843519447,0.006520559751117538,-0.004582462420069433,-0.012475456063108403,0.009529889316242546
2024-07-31,0.003768425567564293,0.0035043053101215804,0.004571096267822483,0.00012374712749707584,-0.005118381065556399,0.01106331830656071,0.01863492930768551
2024-08-01,0.0023918164907339445,0.0015427419567330958,0.002675757502791143,0.014164999074108842,0.006538298394413111,-0.003336483020857983,0.01837651231380022
2024-08-02,-0.011792190883305409,-0.010876330354834707,-0.02628008644405888,0.012341165343931593,-0.010598537259769891,-0.009361119071150448,-0.0391144395102998
2024-08-05,-0.02715175314145135,-0.027828713099939506,-0.03034080421883978,-0.026506164418040434,-0.0352979598717047,-0.006358361472714513,-0.04217304772380359
2024-08-06,-0.002624403387009977,-0.0021140842373750246,0.003879452313531928,-0.009045977718239229,0.006010259136552065,0.0006170708198824926,-0.00573320002862765
2024-08-07,0.012630066341245083,0.011070991630438343,0.006987854010811034,0.013831023611154514,0.006008436395800842,0.012973289851603731,0.019623058205903376
2024-08-08,-0.007456478381554277,-0.007347977920485249,-0.006664415525010625,0.011756862652958056,-0.010775816905908897,0.004253580908186727,-0.012415609139454276
2024-08-09,0.010333291215294693,0.010337143777698898,0.013379167058571895,0.004555293779519687,0.017223426300839506,0.002321803765347852,0.0004377732467535367
2024-08-12,-0.0008416385761993439,-0.0007151885901333088,-0.007858185396539596,0.005981260687700107,-0.009318912984125127,-0.0026250220121655232,0.0040044721663772265
2024-08-13,-0.008579848862396489,-0.00873736941218084,0.00030988080344762636,-0.034876117670115114,0.0020518560736650926,-0.009343937574490369,-0.007934728236111965
2024-08-14,0.00019675764182203181,0.0018961127768797326,0.02315163348677096,0.0028651044871352838,-0.0012135650894808947,0.004479695721520294,0.002411606380203324
2024-08-16,0.016325768935141483,0.01668508296730309,0.02773581617074683,0.015000766063976378,0.011122446592599644,0.021009044456767434,0.0006265850785727167
2024-08-19,0.0012827353541418063,-0.00015123644564951633,0.016607112657160528,-0.0003370072717432393,0.010264806558157424,-0.0023902466959055957,-0.005212832874150308
2024-08-20,0.005122616308335992,0.00469126283609711,0.007389038201706555,0.0037622682385798356,0.005059693041087776,-0.005298738382149892,0.005347881265684862
2024-08-21,0.0028846181820885164,0.0012669430667902049,0.006215224709283262,-0.007292765216105224,0.0018199771835778478,0.013145097571322317,0.0004911443240143143
2024-08-22,0.0016659691560860779,0.0018262787118032975,-0.010935115539009388,0.003377308774295429,-0.0003670846494410185,-0.001683300540742394,0.004522861030016756
2024-08-23,0.00046944587086983347,0.0004073462498919156,-0.00849899971861312,-0.0038387220512872133,0.0012341222802767504,0.0024743886233320467,0.002111648038605196
2024-08-26,0.007523018148104299,0.0075179392994879635,0.008598882699827115,0.009127175677615895,0.00838161746113908,-0.0001977630019407428,-0.0047665843314117495
2024-08-27,0.00028585355021881753,0.00016704545162049556,-0.0011778104736244188,-0.0013424018549281769,-0.008064972832776185,-0.010136188931256562,0.020460983696276358
2024-08-28,0.0013820469762269028,0.0009028244912148153,0.001976858711087104,-0.00039698101525509344,-0.0014338708322672034,-0.006613938326759161,-0.011217514766936887
2024-08-29,0.003967777356455926,0.004258748615997732,0.0012753903858442328,0.0008853219422046976,0.014987512987688412,0.015562992311241253,0.0077626851491992
2024-08-30,0.003332202116407501,0.002810500628749324,0.009254906618089365,-0.0010074551469063664,-0.007457397730856741,-0.006355520480576082,-0.004087402043296606
2024-09-02,0.001694513613763604,0.0023534294475684447,-0.0072068912866196655,-0.006097240326599085,0.004378896982091263,0.016107822108682335,0.0019653280836724463
2024-09-03,4.550726442431596e-05,-5.3371801419288545e-05,-0.0019260629340145385,0.00637201906380902,-0.004710183783431354,-0.001275172563714122,-0.0024412194356262518
2024-09-04,-0.0032152453831848504,-0.0024595153801563185,-0.007362477519155419,0.0027142540494287104,0.003588367726332642,-0.006005365362001136,-0.00492047512508087
2024-09-05,-0.002129343866567268,-0.0018411537219940044,-0.0007371178910346998,0.0022205499028977727,-0.014347647200813718,0.009532707268240515,-0.003056664918112517
2024-09-06,-0.011718747382248651,-0.012452050936557768,-0.004298760177601224,-0.00517912356969763,-0.019035038606052268,-0.01875856418588473,-0.009185305896981077
2024-09-09,0.003384315433638818,0.004615976847711423,-0.0016168981736317534,0.005817127343144435,-0.0016226194212780598,0.019833889720079156,-0.0033207762132114738
2024-09-10,0.00418986031376356,0.00442560261755176,0.013017481799529662,0.00233559592446575,-0.0006326621265166921,0.00360854733883631,0.009639932337424995
2024-09-11,-0.004909997784499964,-0.004871791136007886,-0.006342255023989551,-0.003915940753435265,-0.006882897544413957,0.00145916150722325,-0.001697613276553156
2024-09-12,0.018703624424745158,0.017504135375617125,0.008524945153412844,0.01371413077639616,0.019309408466183342,0.009962822098092516,0.012843356763141855
2024-09-13,-0.0012769785942552403,-0.000865503323643324,0.001084087748646212,-0.0003901076647121471,-0.004860439093525848,-0.01093538153956608,-0.006861696095052494
2024-09-16,0.001074098082678887,0.0011796952886662382,-0.0020695937870414127,0.0029967417784924066,-0.0008661550457720324,-0.005366083196770788,-0.0021986874669934764
2024-09-17,0.0013700476615561286,0.0010944284228671108,-0.0016853411989679046,-0.0012874548225081384,0.0006455036838906025,-0.0065761080018473805,-0.003525632375295018
2024-09-18,-0.0016142974615185324,-0.0015832246093481217,-0.03604180245942956,0.015459979194750062,-0.006029242451398353,-0.0007881147174799707,-0.0034070636803082976
2024-09-19,0.0015061029073173415,0.0028479644504724178,-0.011571008426237483,0.008051007845050862,0.0042446812566376835,0.001772352529783916,0.012005598198141954
2024-09-20,0.014652566289985458,0.01621120393094344,-0.002622147951438336,0.018958682426938545,0.01099623166888719,0.012027736291048363,0.021069484649418158
2024-09-23,0.005725960454112666,0.004535208686279546,-0.0038347296341498804,0.010625701524737963,0.005001134066056956,0.004944933146732389,0.0054233562372481
2024-09-24,5.202866818443397e-05,-0.0001715742502810258,0.0006557591712983424,0.004677102440554748,-0.002682119226762758,-0.003293903677574761,0.004366396609261969
2024-09-25,0.0024545416621304383,0.0030082601413568,0.0008074680944698542,0.00623035025500851,0.0030670247169517495,0.004453971239907872,0.00365933817188413
2024-09-26,0.008115692736806679,0.007792164391625889,0.004143712449815595,0.002442006708569977,0.002673916674122978,0.009997196045643086,0.045748964803873804
2024-09-27,-0.0014162255444674088,-0.0030834719798527033,0.003766891094727498,-0.017420652728764807,0.018667146681394797,-9.573445383015411e-05,0.008318658762583198
2024-09-30,-0.014160691857076912,-0.014977122077036498,-0.00937383081031129,-0.01182328089042084,-0.03303940109774839,-0.008742802828844987,-0.01927222866132894
2024-10-01,-0.0005405862138800899,-0.000397377572824098,0.004534585522726786,-0.003383284408978504,-0.00798951120670921,-0.003770543699044282,-0.005453690943667766
2024-10-03,-0.021424244172610685,-0.02121873238473526,-0.012945170664304229,-0.025938873958641473,-0.04029368835408942,-0.006705903927208823,-0.04019012893277818
2024-10-04,-0.009370461848646983,-0.009850500889491798,0.00459638636493942,-0.0145825610965451,-0.014641394535909846,-0.018105399864617233,-0.0032945481470587623
2024-10-07,-0.008787371273170308,-0.007846411076537052,0.004832889347534675,-0.02433377868361486,-0.011460845662573327,0.0131197956005078,-0.006226828655103489
2024-10-08,0.008729434677965386,0.007189546584838169,-0.004597818818472987,0.020344225473550637,0.019237758623644297,-0.00441982302485755,0.00035515479426173613
2024-10-09,-0.0012481693673809247,-0.0020565178228810765,-7.038803544467953e-05,-0.010900697171564389,-0.016414751028996477,-0.03251420931907134,0.01808876097707035
2024-10-10,0.0006602588660857833,0.0017697577332498327,-0.006025928535740022,0.017751577343725344,-0.002585917811606997,0.000711627482953503,0.01426989534738432
2024-10-11,-0.0013689902517644015,-0.0028227882000955162,-0.018671570780893987,-0.006881079165922621,0.0007655091132043879,-0.007855208941339953,-0.013020738045190328
2024-10-14,0.006535939888907549,0.0072442501085330235,-0.0030293170611148668,0.022222406358464397,0.00030971854708816693,0.017764240235703,-0.018867304056817247
2024-10-15,-0.0028135592532656517,-0.0018673518252629862,-0.00480994183189587,-0.0023723409117257788,-0.020983243901536497,0.0032144617336697934,-0.007292482221725294
2024-10-16,-0.003439985380696342,-0.0039034452044965917,-0.005321705770876761,0.009279365586703392,0.007449712876113956,-0.010789099704092031,-0.005062280206832526
2024-10-17,-0.008907784090014914,-0.006088950989781239,0.0034251573101489186,-0.015802579965323638,0.0017340323181693762,-0.00875686614660598,-0.019582649326565615
2024-10-18,0.004201335956549812,0.002689255114525224,0.005850093793521083,0.005186309002507272,0.0021172711025911894,-0.004509932608178779,-0.00318779720965523
2024-10-21,-0.002939498473548241,-0.0009050174522027277,-0.010532893683890876,0.027475257112008933,0.007256750135366197,-0.006286479792677824,0.005831824910998762
2024-10-22,-0.012547572909438642,-0.011533166190615063,-0.015898375908543372,-0.008218964265432227,-0.01906015158650831,-0.0038324353558847335,-0.020964219490199554
2024-10-23,-0.0014966842167449812,-0.0017310029862329657,0.01255928191500466,0.012317792998422838,-0.003598217854168695,-0.0030140208391600254,0.0027555968294397104
2024-10-24,-0.001478435121672561,-0.000210060739352258,-0.004522959258206782,0.007947292445169118,0.0009521562379930515,-0.01817189635774774,-0.01623150806516982
2024-10-25,-0.008999595700084129,-0.0083135589718637,0.002381259672219471,-0.0035785269422188293,-0.008959350317081949,0.022223208527936578,-0.022423746733107208
2024-10-28,0.00652721891723651,0.007562423631405579,0.008173277923191336,-0.005291070340497583,0.004883172780663969,0.0038283313839624356,-0.0017053363195795868
2024-10-29,0.005232943087170483,0.004539297553554533,-0.0038207301687034345,0.010126198898707806,0.004225361690996188,0.007818245670883961,-0.038821100412032905
2024-10-30,-0.005163131306122892,-0.005325299069896872,0.0023039629775656323,-0.00989550726648325,0.0029062473678633793,0.007350725323669316,0.01887298598118292
2024-10-31,-0.00558232586918983,-0.006943012579851526,-0.02886041216668822,0.000633878237889185,-0.008856722484074098,-0.00561020885972674,-0.01612002928699141
2024-11-01,0.004081663627653498,0.004211532739109458,0.003961057590430528,0.0009215081523095137,0.004942523468916882,0.0030639964262233477,0.003024340230190603
2024-11-04,-0.012795285302363624,-0.011884521096833467,-0.005045136447566989,-0.013444115337898133,-0.027644847960606178,-0.011693691231728032,-0.005193463291892186
2024-11-05,0.00904205594052776,0.00877543305098527,0.0018146306856046124,0.025203301832402047,0.0024161408606477863,-0.009121090158777712,0.010588386634426072
2024-11-06,0.011119815807919764,0.011279107679118994,0.04150517317622082,-0.0014800942597608113,0.01524365587913934,0.0018724657296473879,0.01635160192572549
2024-11-07,-0.011696159889419633,-0.010459627107270109,0.002713938422294504,-0.004968891122905106,-0.014975534923815204,-0.006673700497842994,-0.004776103664603681
2024-11-08,-0.0021159463488480412,-0.0006975968269689048,-0.0009399476718208177,0.004512955057729862,-0.01691560139101167,0.00031388245184960084,0.0002521640197485908
2024-11-11,-0.00028571169910307503,0.00012363784623303786,0.012389712600063163,0.006731578245975811,-0.008644902271631949,-0.0023037449164142743,0.008518815364327637
2024-11-12,-0.010738381367723093,-0.010380846290575008,-0.00030967179265495304,-0.027609798524980356,0.0012172299573709466,-0.00863329724556472,-0.022766574610924906
2024-11-13,-0.013675649189030636,-0.012588909672032855,-0.011272528819183947,-0.021680176938228435,-0.017575567060282182,-0.00137570351162708,-0.008426260112683437
2024-11-14,-0.001119158461959202,-0.0014251270932916782,-0.0010729602454411236,0.006757434559975017,0.01234315446989065,-0.01332427880347975,-0.0039491338947303944
2024-11-18,-0.003358348106569764,-0.0031152329117087874,-0.030962339935427963,0.007269268559049635,-0.005418569379146199,0.0012869597009350642,0.00795489829318008
2024-11-19,0.0027547835038888024,0.003090359184893643,0.004975772202037376,0.0215536931830016,-0.015265664021412384,0.001713206778391374,-0.012211572273530535
2024-11-21,-0.007194627306795098,-0.005462203927883991,0.008209802404754996,-0.0006029299965568669,-0.015134280026603442,-0.022066861577847874,-0.008968540148444504
2024-11-22,0.023589042037633234,0.025102539503878418,0.04130458044252627,0.0025238706751933293,0.03408141394575637,0.03756608511475612,0.01844051589178264
2024-11-25,0.013075438521712002,0.012469685351412352,0.016472936797212512,0.022656099569442922,0.016925622301532606,0.004519423448765103,-0.0034813051277140517
2024-11-26,-0.0011318641340203328,-0.0013214226697666476,0.008675768975235698,-2.7923383364658605e-05,0.00673717212904279,0.0004194532892247693,-0.00739228075856424
2024-11-27,0.003317576191150806,0.0028709242642115385,-0.004640181654911757,0.014870234837389695,-0.001931367349334856,-0.00010498719355300778,0.010398983105075033
2024-11-28,-0.0149725605075961,-0.01494694109029382,-0.02043792686016488,-0.01062293602532094,-0.017473064524832438,-0.004307296681430373,-0.009860009566521555
2024-11-29,0.00903109852869477,0.009557056694422528,0.006094654109245923,0.0016160308558657022,0.016699528829599686,0.0038880801903395934,0.011292323958549844
2024-12-02,0.005988850983543514,0.005564358622324406,0.0013571637419431681,0.004804512218857582,0.013031970230278134,0.0009433408155530287,0.014798471894014398
2024-12-03,0.007432322879372677,0.007420205035089111,0.006084336766395637,0.011897668558908947,0.010750481402222789,-0.009792121041528823,0.003548209803311053
2024-12-04,0.0004210081782716202,0.001366832163057552,0.011932381524685454,0.018338201078416105,-0.010903368585214679,-0.01160021856856197,-0.013334110012545253
2024-12-05,0.00979965174212083,0.00994993910967068,0.024869618630372514,0.003032899644313858,0.009958338560286606,0.0008559974998911812,0.0046970063589899524
2024-12-06,-0.0012391968835281375,-0.0006942003109209338,-0.004164094043259681,-0.005320359325878599,-0.007973934301885421,0.007777117817734158,0.012062355913947442
2024-12-09,-0.002385583169878913,-0.002458759079676298,0.0014948462859205591,0.0075956288549994255,-0.012583091333853602,-0.013246607890098794,-0.0033765061789399198
2024-12-10,-0.00036357470666459335,1.9457146569479278e-05,-0.00441210182535734,-0.0010165449728072318,-0.007984638894378726,0.0010747911166228974,-0.007260402786705811
2024-12-11,0.0012892918089715266,0.00019742549551793331,-0.0011513020308377975,-0.002680122592379597,-0.005189133423868064,-0.0004297922249163477,0.007078621196216162
2024-12-12,-0.003785351792322089,-0.0029011854588265606,0.006192150996907841,-0.002068548521058311,-0.012042077655940453,-0.010044827909793774,-0.009832897217625813
2024-12-13,0.00890577342225285,0.0103187841163912,0.0042446296532254735,0.006700620267708679,0.00784780224030257,0.020202659352973384,0.00937168713885761
2024-12-16,-0.004047649614184579,-0.004692990249768769,-0.013207236512508658,-0.0035055372769745574,-0.003581028130984265,0.00021278297349347497,0.00039477322174796825
2024-12-17,-0.013560256148274163,-0.0131024146236971,-0.01983216741355598,-0.01727788934777319,-0.018301006559322985,-0.0011706531847508472,-0.015050185391613624
2024-12-18,-0.0056516402868922455,-0.006244322393047952,0.004460418651126119,-0.012376910871527258,0.0063636804474001,0.0020211191684245122,-0.009597100415341231
2024-12-19,-0.010265825299038411,-0.012097446629057984,-0.017622763020135324,-0.009544477680138996,-0.018360261667120348,-0.008430691293687786,-0.004290146258496108
2024-12-20,-0.015322359236337846,-0.014962199680768506,-0.02407082894999313,-0.012342344707723107,-0.020651335333402798,-0.004080803182164416,-0.004968731809762872
2024-12-23,0.00701083950424497,0.006368299757063767,-0.002881659108773249,0.016515421006152664,0.014005829774698775,0.02045027710341696,-0.0072780650064459
2024-12-24,-0.0010866989549978001,-0.0008573134056142351,0.005085349836363662,-0.0016115169171619925,0.0003680168998476674,0.008816919494622155,-0.007922612645232974
2024-12-26,0.0009498673594485751,-4.977847583020889e-06,-0.0024914709077155095,-0.004096012857448095,-0.005083400828511664,-0.003140073556138212,0.014737296736219818
2024-12-27,0.0026575452485015916,0.002883396028053653,-0.0010198957704012912,0.004179471232185428,0.003692225130074611,0.0034535952410177373,0.004125998481324444
2024-12-30,-0.007101000468431096,-0.005746374983196745,-0.0014537377833114817,-0.0113810854946097,-0.008512548675228437,-0.0033486080474647295,-0.01307283184150343
2024-12-31,-4.212730152275412e-06,-0.0013955753302372642,-0.015508637877688969,-0.0028444806792640165,0.0039156530315365146,0.013844945509556617,0.005490070269480896
2025-01-01,0.004140304217560953,0.00470357548746847,0.004301092144320506,0.005568612612337098,0.0047605871186471305,0.0006202065049132344,0.031715589646408304
2025-01-02,0.018599976157659626,0.018129806268923687,0.015275050833992054,0.0061513399733073015,0.016687023647086185,0.010483027230716147,0.054938805181411254
2025-01-03,-0.0076318035968103715,-0.009054732443349423,-0.018331496176180906,-0.025149908173776936,0.007501237055934418,-0.015350803678492397,0.007819025850489325
2025-01-06,-0.016325128725885207,-0.01600813346566099,-0.0011957759051508532,-0.022372725333089427,-0.02685300680935576,-0.046544663610737835,-0.015078429461832243
2025-01-07,0.0038817437019726952,0.002998350588290677,-0.016422294752889144,0.0016939055516163037,0.018586403296886544,-0.003507729741319743,-0.002926295946030777
2025-01-08,-0.000799680697813443,-0.0006474955645323632,0.019689149975262055,-0.011209919398005752,0.019670720944338527,0.018975393250968864,0.008554530057244492
2025-01-09,-0.006881216315864691,-0.0067829193519646225,-0.017073577004708795,-0.015764300122493857,-0.008530982709260115,0.001222716362223153,-0.0069135622696787635
2025-01-10,-0.004046174437066341,-0.0031136291202980004,0.054634535423538466,-0.006647589615178973,-0.010293840954044065,-0.011620247927327298,-0.009366139053657463
2025-01-13,-0.014857097422369847,-0.013648066221113808,0.005948632265031506,-0.015756492001147926,-0.0016520806788937747,-0.013236223927210133,-0.011535449533043973
2025-01-14,0.0038952780436343204,0.002219792822364397,-0.013620428758910563,0.009611186071636801,-0.0008875629485247671,-0.005595915633828774,0.020952707235956325
2025-01-15,0.0016015971562737263,0.0029296441348112268,0.0039020007459846795,-0.0021583041980726136,0.010799090438166736,0.0017164387594865715,0.01741395119960032
2025-01-16,0.0042386549220658765,0.004145790118323944,-0.010241351096125229,0.005462692008871173,0.011315743927221789,-0.010342583842049002,0.01205513536283398
2025-01-17,-0.004669537131428925,-0.005512004928011294,-0.00145379354520081,-0.009304371972937986,0.02795262521398012,0.01683802072824303,0.003636177709305244
2025-01-20,0.006081952909099186,0.005909330795343948,-0.011338705980259434,0.008819947643566195,0.0023774674686123376,-0.005695463806432599,-0.009628990568018025
2025-01-21,-0.013806721311581782,-0.01615447610566889,-0.010340606397219787,-0.005373967912894351,-0.024621727383789427,-0.00034285143500589754,-0.011408343485859618
2025-01-22,0.00566044035180191,0.007443811806885137,0.02948041658670597,0.014297048178240956,0.0026658318462269293,-0.0012577351938389825,0.011433308811570342
2025-01-23,0.0021570002277186973,0.0015091105305362618,-0.002685976046315375,-0.0006904819953614805,-0.010587515075092924,0.007296050435277479,0.002110927470994284
2025-01-24,-0.004887974364697456,-0.004320877027472747,0.001663134131201005,-0.009110958157753757,-0.013825118268509407,0.0031752540418699127,-0.006483850081499654
2025-01-27,-0.01145661909082385,-0.010877744840902537,-0.02122398072775944,-0.012196841927350377,-0.01369368267781823,-0.0034025592575117614,0.002165930431621277
2025-01-28,0.00559554551205288,0.007076686429719814,-0.006131603976900379,0.024605775482330117,0.004099543953969942,-0.010621907236605388,0.010772294803508942
2025-01-29,0.008926687592646587,0.008286298068313158,0.014619191671322085,0.004122243172077766,0.0008906892702267299,-0.004834302631001819,-0.0121029525231382
2025-01-30,0.0037231480743500356,0.002959718491791108,6.098944471766288e-05,0.008430352553545184,0.014104863482309327,0.006555196401174079,0.0018432752389561102
2025-01-31,0.011074194280356053,0.009604066745154682,0.003007581742595633,0.004276984176700971,0.009570501748915383,0.025575657263375184,0.025558133464539168
2025-02-01,-0.0011172460119777128,0.0,-0.00959004595503643,-0.004602228088725013,-0.0003953322935643655,0.03307804728758512,0.04804077783749072
2025-02-03,-0.005170435671734808,-0.004057586242856459,-0.0011053891134995553,-0.007687852552178853,-0.014897608121896333,-0.01788677062388544,0.017151660439912675
2025-02-04,0.016059657410687933,0.017938021427506,0.009393741829489599,0.02524488921900847,0.03105610114077173,0.0017591387105104772,-0.0022857190628666757
2025-02-05,-0.0018108456539067674,-0.00398497308708734,-0.0038911371314913623,0.009772506344273069,-0.005461521305893946,-0.01549904461434437,-0.001767412448772987
2025-02-06,-0.003930316218481167,-0.002726615478785277,-0.002043156916171185,0.0034753236786233543,0.0026175374533057294,-0.015856307111672407,-0.0009785744167043475
2025-02-07,-0.0018404311807618257,-0.002539391474051911,-0.013153240709455005,-0.0063856081614641624,-0.011655259516745176,-0.023511671094146536,-0.001875678380272916
2025-02-10,-0.007598831824633834,-0.007068194820236684,0.001871989493597681,-0.009859390631769216,-0.010355765365352987,-0.008507623722628033,-0.01146436709090004
2025-02-11,-0.01333824514462556,-0.013257479698582486,-0.018349342588726003,-0.008398832062769479,-0.015109796363159234,-0.021053532806812214,-0.013768010062211289
2025-02-12,-0.0011514519568667225,-0.0016072373500062298,-0.0033866033587255373,0.003168843220996642,-0.014930497021081734,-0.004624495968764464,-0.005421560850937368
2025-02-13,-0.0006011552347953142,-0.00042163174569864736,-0.010177818487672852,-0.005345952153875011,-0.0003699935666148235,-0.00048797021237323435,0.0012437153742439477
2025-02-14,-0.0044451311266282545,-0.0026270425881449455,0.006296986578481878,-0.0016801652958964297,0.0009451664679493987,0.0013414615581464062,0.0007060971079120293
2025-02-17,0.0013184061183491025,0.000758851274063943,-0.007742902580590183,0.013188180215425227,0.006265041940031857,-0.004029950648538616,0.006496829909439228
2025-02-18,-0.0006186376571157837,-0.000387837933848445,-0.008048684724716537,0.0033135963956381076,0.00040814269234878964,-0.00823258115414216,0.001823960543601899
2025-02-19,-0.0005405787764214409,-0.00037142485366103983,-0.023273063946925632,0.0024055956679793766,0.00167144592170132,0.0028337433263159184,-0.007855601132176204
2025-02-20,-0.0008615791713868504,-0.002679659577237814,-0.0012428031000268902,-0.02349051470201058,0.004511403820885995,-0.010761442523270048,-0.01954149230836677
2025-02-21,-0.005130286241460169,-0.005626056688681658,0.001744815949834333,0.0031956599000206865,-0.0039412372892666525,-0.002864526271888046,-0.009465403870752453
2025-02-24,-0.010697116011174401,-0.011440094971051806,-0.029593610032176088,-0.009140593579561873,-0.011135333791329138,0.002491384884825365,0.0017633303420829805
2025-02-25,-0.00025714910818841474,0.0019819459416545726,-0.012607781396052786,0.0031254836042657885,-0.008724311498601978,0.007313298604125329,0.01056748060325674
2025-02-27,-0.00011088293493521917,0.0001382237889320237,-0.004694712166378068,0.010848277775865611,0.0025714238596021843,-0.008060078353703481,-0.00770410925854037
2025-02-28,-0.018820968141259442,-0.019137625432993133,-0.036448181198656115,0.01846786880925233,-0.0058159140493243555,-0.016570803876458484,-0.03574677935124981
2025-03-03,-0.00024403026520047888,-0.001533510903852786,0.002809448362910416,-0.01796807829339908,-0.024333329155129313,0.0061834545002588115,-0.014354319226100642
2025-03-04,-0.001658315891150508,-0.001314492642388032,0.011103245468151002,0.004953682867138376,-0.008014905648306758,-0.006563257029204905,-0.01362459635359059
2025-03-05,0.011465711854686589,0.010091362717870922,0.004237789302392159,-0.011764848001279304,0.011722064909914565,0.025504499314904727,9.466163613147671e-05
2025-03-06,0.00924200854408852,0.008237581101914415,0.015261922216145862,0.0007097856418321058,0.02851106932914771,0.0016035672349667962,0.00421329657345737
2025-03-07,0.0003459541374155606,-0.00010110297893461961,0.0026619308150070964,-0.0011536667929510358,0.03269387379621769,-0.004446690341925574,-0.00019285222362519505
2025-03-10,-0.004096583464717085,-0.0029290629926652656,-0.005985407961043521,-0.0010365139971995063,-0.009163383454928287,0.002719731501684919,-0.006718325511453571
2025-03-11,0.0016726478000066436,-0.00017341492347000553,-0.004005534682285372,-0.0011858520345375823,0.007161014083544082,0.0029586105091432557,0.005242566622172262
2025-03-12,-0.0012186510428673358,-0.0009797000990232618,-0.01951640530464971,0.015103444685379941,0.0077864645690688405,0.015148093563350784,-0.0005883697614077477
2025-03-13,-0.003267421674827631,-0.002716806449113207,0.0013823804690140662,-0.0026626810984264893,-0.0073055065574711975,-0.0008491168590767373,-0.010909684981911028
2025-03-17,0.004968206335327352,0.004608785231436485,-0.003809530064103228,0.002224287598894925,-0.007278738764396664,-0.009999986203641953,0.0034594915742527377
2025-03-18,0.014359703182661221,0.01513771492940208,0.0,0.0,0.0,0.0028149370547101427,0.0
2025-03-19,0.0032048904937784783,0.0019607139123607453,-0.00017151956955707703,0.019511363346276234,0.0066775050973602035,-0.0148990083838072,0.005338964457713757
2025-03-20,0.012280480863665844,0.011845102191351486,0.018710827064550628,0.014034371225016606,0.017486430167283018,0.002230545003296669,0.009821950976260041
2025-03-21,0.006864934276315182,0.0072748422088899645,0.004187043335296181,0.000904227181816708,0.005656983191950182,0.003953022234614245,0.00022163460067581298
2025-03-24,0.013101970335000601,0.013931089294052512,0.014111346016331794,0.01660936939762081,0.01997391800360937,0.013105734402121705,0.01601809889160144
2025-03-25,0.0004353025297465507,0.0004205686893765659,0.007904839175443712,0.01184622960816295,-0.012869474599035868,-0.0026807046072656604,-0.004484831373659404
2025-03-26,-0.00771073075258677,-0.009383981475755476,-0.006019043928310097,-0.008213875835778595,-0.00969318740165459,-0.005996390942337726,-0.011405391388008113
2025-03-27,0.004464845602964118,0.004105107050540013,0.004226761168636628,0.01035275791716117,0.004037148738477825,0.005142039451678571,-0.0010530252721494548
2025-03-28,-0.003082049047666402,-0.002470729457476395,-0.012415173461338469,0.0015600709073195773,-0.002428214392415029,0.0007323902090723422,-0.017191839774330475
2025-04-01,-0.015150767296534084,-0.01812379157617272,-0.015467841450920616,-0.0335677096434166,-0.017803238718452796,-0.007594309315808623,-0.0035691411271887574
2025-04-02,0.007168090205370348,0.0077689349220371184,-0.0019309102888076524,0.01629885529342534,-0.0011581503941151539,0.0058844343991681924,0.020261730083236174
2025-04-03,-0.0035313765959124055,-0.0042125787753164445,-0.040540469473569374,-0.0011415305366515582,-0.0019601613488324787,0.0008552641639720804,-0.0023927346212992973
2025-04-04,-0.014978235581471822,-0.012273285900690212,-0.03096081404624229,0.012430522740131345,-0.03587252471498381,0.0007326345947129553,-0.017790585788894475
2025-04-07,-0.032970136904420855,-0.029992150880580937,-0.007712954762729041,-0.03334590986028374,-0.032908803363783434,-0.00894898534167865,-0.013348611882749495
2025-04-08,0.01674631338890009,0.014782339013981627,0.005756115619085733,0.006493178739067851,0.01405541807440347,0.01588114281607922,0.011334751187730419
2025-04-09,-0.006084328049672294,-0.005131622566073801,-0.014175545771884401,-0.0023485572257708753,0.0026609649005608915,0.009048735151697684,-0.00013086351372137983
2025-04-11,0.01898895067385986,0.017585293879511354,-0.00466190586136328,0.023378986188339113,0.027951718391785896,0.012532153250597311,0.012287261800111082
2025-04-15,0.02166598602930847,0.020773813052398893,0.005154632706023676,0.03167780312659385,0.017202232646518212,-0.002731687631152724,0.021826569019294695
2025-04-16,0.004646504460064094,0.004023936863392308,0.007850403586903809,0.00699995024301181,-0.0006452650528654402,0.009587610297838722,-0.016242562626382906
2025-04-17,0.017528943393621432,0.01939570290756798,0.007637668689559618,0.015166565718721436,0.02800720973125692,0.006575097622014248,0.002654216303154655
2025-04-21,0.011418063566752679,0.010829273383066607,0.006857495516708667,0.01064228250046284,0.016342713872145254,-0.01035176595653553,0.004266237047296784
2025-04-22,0.0017269335569167765,0.002353320998636832,-0.0021700548448819745,0.01779516222455335,-0.0033246578007526395,0.02510494373279215,-0.0009369747519443195
2025-04-23,0.006668556323175423,0.006522991437183379,0.02931509164478463,-0.019457082377241086,0.006792262230598034,-0.006362491216967747,0.01463583969304949
2025-04-24,-0.003386473727088557,-0.00394030767714959,-0.003345643138306542,-0.0036972150938279214,0.0012300068346098314,-0.0018586123864769988,-0.0010923528555242257
2025-04-25,-0.008588438645810825,-0.007406911020733986,0.013548392572163337,-0.0029258523009696447,-0.0009223396993656152,-0.005245605674529585,-0.016616186746723827
2025-04-28,0.011956447831201089,0.012617996794508812,-0.0013060092898733444,0.0046980490296792965,0.05126255078316788,0.0023347615953834833,0.012572348907880837
2025-04-29,0.0003061462290343542,0.0008724322116169247,0.008386468831725225,-0.00595455552442381,0.02232340991487103,-0.006551252717258649,-0.0004221576921263903
2025-04-30,-7.191266338502089e-05,-0.0005748513876486783,-0.005428713677117614,0.008451164502358388,0.0037793849869975915,-0.00046959835824811336,0.034529053334850346
2025-05-02,0.0005135484625764519,0.0032318450126300746,-0.006594337501377723,-0.0016115904183093832,0.010478774341659225,0.008652035482271003,0.012002474266612495
2025-05-05,0.004689876016657379,0.003655970474984116,0.006768085369088794,0.007722787879801629,0.008067084621421472,0.01719706794826692,0.004263378867012335
2025-05-06,-0.003339459653579624,-0.0019298253046606817,0.0016487358455403722,-0.002636746240734844,-0.007292658103768446,-0.003209202678950085,0.009824723206635966
2025-05-07,0.0014264371500924966,0.001310023667763005,-0.0043156796830814415,0.007170022039958646,-0.01054174617834569,-0.0101535675959461,0.004124710391387509
2025-05-08,-0.005775526588331914,-0.005115043111091566,0.0011024181147778478,-0.008827917256068574,0.0007110359788367049,-0.001276466383436592,-0.01926136933854572
2025-05-09,-0.011010503428714458,-0.011018920048419645,-0.0024966701991342433,-0.020324443025323546,-0.02140737154311001,-0.016507968712592636,-0.011525162742394457
2025-05-12,0.037472140184666713,0.03676407875066623,0.0510258210115051,0.035096837411649595,0.042157136485492686,0.02782325225965021,0.029439912925493417
2025-05-13,-0.01399329007719885,-0.0156708725910768,-0.029544923249041233,-0.017836507923362,-0.01458551138842168,-0.017605368889082484,-0.010678262255531479
2025-05-14,0.0035963215412433414,0.0022445247945555025,0.009541730193316056,-0.006261046739255427,0.006126660291879915,0.0028005695861521573,0.014949413350434426
2025-05-15,0.01589444946661267,0.014648988084289272,0.00875358209520627,0.012069669340586842,0.020705207596082076,0.008239008612726195,0.022013220839212977
2025-05-16,-0.0016891866264199251,-0.002428083391349034,-0.005209245736173429,0.0004652664962661035,0.0015117407832621055,0.0070249319191608706,0.003314487634899166
2025-05-19,-0.0029761331077082787,-0.00329913127543513,-0.012005631343015466,0.0020653707723159442,-0.010769136807384783,-0.0008036902131580703,-0.00046188245460854205
2025-05-20,-0.010540184450814394,-0.01069543448414123,-0.005842808924095166,-0.012352221023240517,-0.011307487350507905,-0.0010342138855117256,-0.027394661336151316
2025-05-21,0.005234588314738886,0.005039789210769641,0.007830274979083285,0.006195214666028903,0.0032237493835989284,-0.004378324098500919,-0.001821580567254344
2025-05-22,-0.008245170966734605,-0.00793170664631404,-0.013937600594909227,-0.0035874978118917156,-0.013950647962322371,-0.01606371124929229,-0.013567643318237899
2025-05-23,0.009843878373448689,0.00945567285758031,0.010755871113628857,0.007110409394735839,0.012270111680037665,0.023656026894791182,0.0006425993968477428
2025-05-26,0.005937318644614109,0.005556839914548917,0.006438056568716988,0.0034074386344089547,0.0055912664306312365,0.015013931111584888,-0.0025729583852918125
2025-05-27,-0.007022323771730399,-0.007632451599565826,-0.010972315704407265,-0.007189921775370145,-0.008890854072368448,-0.020529898608028674,-0.0005637008080157102
2025-05-28,-0.0029750732108038136,-0.0029388046605127727,-0.00028584871794024025,-0.0014546413502261046,-0.00649027128506674,-0.013825859540477659,-0.006708455223721543
2025-05-29,0.0032731167331050415,0.0039363326587853464,0.00011445037853974327,0.0020773843963954874,0.0034620341444222547,-0.0034567595084045166,0.004934672944319374
2025-05-30,-0.0033438193068189292,-0.0022321707303962768,-0.009969317878445239,0.008986749906359393,0.0021840838132840545,-0.0016730591511695536,-0.0059082696976684446
2025-06-02,-0.001378673005563158,-0.0009489689324375661,-0.003934450854451654,-0.006603122380632875,-0.005080112807618775,0.0029855969964271978,-0.0023568599047312233
2025-06-03,-0.007068758288163224,-0.00784949130485657,-0.013012644125479866,-0.0038893024821895494,-0.005817253840863401,-0.005620262350073624,-0.013269114188364739
2025-06-04,0.0031609038835469505,0.003224301377985128,0.0016872993054182217,0.008588147936738899,0.012725480076976936,0.0001198538860025522,0.0028817079485197183
2025-06-05,0.005294655304089346,0.005464040592370267,-0.002902788287423519,0.004317880987804834,0.013189774769086782,0.005023314519729816,-0.003046623413030858
2025-06-06,0.010135980900816577,0.009129788007655293,0.0038784278705303876,0.014815847297010798,0.0007622972175571618,0.0046420405706744106,0.027332111019013894
2025-06-09,0.0039974482568911895,0.0031125847727206946,0.011078443710399455,0.0001011620696615978,0.0036650019744124407,0.004738804980772393,0.013944987398128106
2025-06-10,4.185758354502411e-05,-0.0006490316154188491,0.011910438985076155,-0.006896207618271255,-0.007134813039412435,0.009293662505475808,-0.009301640719833415
2025-06-11,0.0014787507816471646,0.0014968679715678945,0.002595585786975718,-0.007610494341062868,0.007203753678545866,-0.001992685383888748,-0.005446159315230403
2025-06-12,-0.010122141121120976,-0.010026008275600518,-0.010918025349635485,-0.0035954493711702895,-0.0050510648510808664,-0.012158557077388998,-0.004991540942548056
2025-06-13,-0.00683778329533169,-0.007043490380850059,0.0033431335795750527,-0.013364622663073256,-0.009548693635861305,-0.017008432692628972,0.0014517589350262483
2025-06-16,0.009177550917543797,0.008317856810803548,0.01457819949601813,0.009239627507300341,0.006909318514970231,0.010335460330813007,0.009784316557365003
2025-06-17,-0.0037389519699395635,-0.0026056115261923196,0.0054196084228888,-0.0030013007242484235,-0.004600989613136264,-0.001914845578059321,0.005174116721089916
2025-06-18,-0.001665126076712653,-0.001700820696868277,-0.018345002756449347,0.0022259742284616024,-0.0007688510767334122,-0.0036001452379288423,0.012074530887135282
2025-06-19,-0.0007580150449300049,-0.0010170239851312601,-0.007970444398521792,0.0007236738079372529,0.0022351814530230385,0.0002404482866502633,0.00453940983717338
2025-06-20,0.012790324902965722,0.012777904062541978,0.0034111533881624467,0.015077162884722384,0.022694485629041417,0.0061110102448580506,-0.0011720485232018518
2025-06-23,-0.005610555258511951,-0.006224820733992331,-0.012329255991847532,-0.008330991275309785,-0.006431730532569624,-0.011171928046333157,-0.007218527778370287
2025-06-24,0.0028970292423302624,0.0019313025737321965,-0.00094347250541027,0.006395008191671714,-0.004127165399805399,0.0010867104757599222,-0.006953791426379752
2025-06-25,0.00796997571939606,0.008499484631734333,0.015917979909604085,0.009794298708670546,0.011308907373120292,0.004815171656530559,0.012294303289852593
2025-06-26,0.0119799636297504,0.012015652511669472,-0.0008712504040619962,0.02079034054568485,0.018902833236644767,0.009442440312319,-0.004081329676003165
2025-06-27,0.0034696784710739337,0.0036115007906438734,-0.00020332585147286864,0.007522382527910487,0.013352559995942315,-0.003933468287383057,-0.005757826444282799
2025-06-30,-0.004720968611190202,-0.005396923966369371,0.006055179940371858,-0.0066726482389318775,-0.00981437803585905,-0.005268783590342885,-0.019328163680064847
2025-07-01,0.0009694695897408678,0.0010857871855627366,-0.00937366415368679,0.005282014029829085,0.01835643571380352,-0.0032469713015466084,0.0033814139189853876
2025-07-02,-0.0034670116851192034,-0.003442128538026168,-0.0018678004370862311,-0.013056359956275188,-0.006300858198251547,-0.005192933357244023,0.014363446218769838
2025-07-03,-0.001891500278516034,-0.002042840336269336,-0.006594284761670011,0.0005536726228729805,-0.0006586788110318764,0.000968160654234218,0.010246828753238901
2025-07-04,0.0021900252291437994,0.0023209842658395985,0.005571376729584188,0.0011066109818855807,0.006239599395772899,-0.0019373350753069118,-0.008347180714132207
2025-07-07,1.18133409294785e-05,0.000115168269864796,-0.002371342953264133,-0.0009556177639771235,0.00925444526144581,0.008688415505330838,-0.01001355661842318
2025-07-08,0.002400733064455096,0.0032306306687690522,-0.001613399827625983,0.007019726488388223,-0.002533232399271945,0.002520016257337332,-0.008502516162630869
2025-07-09,-0.0018196736296243188,-0.002109790668244571,-0.006598052669145815,0.00488454314366038,-0.012170530414884695,0.0053785646452588765,0.004500892542210977
2025-07-10,-0.004754933244868198,-0.004148082788207219,-0.0005320985024308555,-0.002489153812175182,-0.001185697482056547,-0.006217889567722956,0.014331424693445172
2025-07-11,-0.008133892405192356,-0.00832655396240689,-0.03490123362540665,-0.011278570099119811,-0.014606548292448451,-0.0001199717675364198,-0.006025970450970419
2025-07-14,-0.0026894675348785313,-0.002998508114982812,-0.013346477800764589,-0.0003529280197369644,-0.0077210720151459356,0.0062186332688760615,-0.004783161895506538
2025-07-15,0.004514895720960865,0.003851926877322498,0.009142905896812437,0.006283807736099156,0.0011452108090077573,0.006417173762353734,0.0017564258744027228
2025-07-16,0.0006447408512446628,0.0007695913360130646,-0.002532981583117433,0.0004008013505423236,0.00013456200315253852,0.005905267326881791,0.002231077099004608
2025-07-17,-0.003998199509759104,-0.0045512348869714,-0.007419798685221579,-0.0047198537581012445,-0.006211990112968024,-0.001532026791329244,-0.007028773131846577
2025-07-18,-0.005712845317741966,-0.006115430516917542,-0.006032127283297939,-0.014958566924580197,-0.00027098552219761984,-0.0028345780154772626,-0.004579238874706348
2025-07-21,0.004886187422513899,0.005399164089729069,-0.009987238455046565,0.021780103337607493,-0.032640771698511095,-0.00628815805992744,-0.0011279012619258566
2025-07-22,-0.0011883501967577814,-0.0001646266087842463,0.00044318523660358267,0.00329374570629426,-0.01112133129854076,-0.009807520249590418,0.006988814938708288
2025-07-23,0.006324502693685119,0.006546828568545493,0.006152665072784558,0.00853308991148527,0.008317429843528679,-0.00252721974976744,0.010748954806146571
2025-07-24,-0.006276651657225685,-0.006578958631040521,-0.009830781398189714,-0.0050019395971228064,-0.015349529264147677,-0.012122845781521896,-0.005559139611804653
2025-07-25,-0.00902225242861121,-0.008812646993915152,-0.003883034960722398,-0.0022920811618716286,-0.008015552935503933,-0.0013425699095934718,-0.012259243209465254
2025-07-28,-0.006304795850756051,-0.007047221098970269,-0.01818198548615868,0.0019436473875904525,-0.0029503334669795933,0.0012205787352952413,-0.005173040725377831
2025-07-29,0.005664401180260015,0.005509876566501148,-0.007595463805719405,0.006501090198043791,0.021036923826714293,-0.003543699260974087,0.0103995788848259
2025-07-30,0.0013669004902467918,0.0017676753862101435,-0.0007856481067509691,0.0020754433584482257,-0.004951915960305975,-0.002083202284627106,0.011878778958321234
2025-07-31,-0.0034943699712410847,-0.0036427890202119784,-0.005516887741793042,-0.003758707519298632,-0.014213063820806227,0.01061569592364453,-0.0007928050348979809
2025-08-01,-0.008229715141942151,-0.00724013573466209,-0.01119256426246995,-0.002977374244619746,0.0025144646839381224,0.010864415092952662,-0.013804457357394995
2025-08-04,0.006386974825463909,0.005182737292416917,0.02349792927050043,-0.010089467447366829,0.012690928624055964,0.0009600277603407648,0.005108050187203617
2025-08-05,-0.002965195918548602,-0.0038146428118714937,-0.003421132759866552,-0.00725518322647023,-0.014127003886616585,-0.006498257932243234,0.013814371160508543
2025-08-06,-0.003061596134312339,-0.002062058884858331,-0.010367183638702926,0.0038860848797943603,0.0007902329837836675,-0.00520487640741063,-0.0010374686697289803
2025-08-07,0.0008928622028392397,0.0009836443991080301,0.004836139223307612,0.005074482916711531,-0.002444198125724384,0.0038760061714615546,0.008586473489181401
2025-08-08,-0.009512008793080895,-0.009539750271295944,-0.0034849824558538245,-0.010833250197197941,-0.015668362831505078,0.002173664757261662,-0.0033304288970850138
2025-08-11,0.009060632685992331,0.009301829232919445,0.0014480479197844787,0.010933451235555225,0.013362564518007325,0.005653463410930648,0.0005558423139095936
2025-08-12,-0.00397985090148012,-0.004582016555920276,-0.0017774460930741753,-0.012961952337072091,-0.004192825881013995,-0.001200216194933823,0.019106607891648864
2025-08-13,0.005373987743226394,0.0037855626437117706,0.00026357652454223057,0.005265580603903253,0.001592409574494802,-0.005418720457448956,-0.0004673989334911255
2025-08-14,0.00048532037708248765,0.0007167789009159264,-0.004588594833119686,0.005438864538626298,-0.002399162682311662,-0.0064200071936015846,0.00791622294648242
2025-08-18,0.009923616908864119,0.00835351588291644,-0.003679467390223401,0.006258312739969796,0.005733931401294079,-0.012595772604872657,0.08388859233692969
2025-08-19,0.004159900285259255,0.004550030622972656,0.0016590407243368688,-0.006258312739969796,0.027412684735718784,0.006867898420575003,0.0128541921029246
2025-08-20,0.0027942737519541794,0.0026110132021379684,0.026952665669234044,-0.0014575553393099128,-0.005012170774648439,-0.007483409046480816,-0.002037161324100367
2025-08-21,0.0013244115539841061,0.0017437871824874662,0.0012901791073005597,0.0015077653123389823,0.008316383561083995,-0.001232082152157865,0.004140211520878623
2025-08-22,-0.00855396310924661,-0.008497629131859696,-0.01578834865754608,-0.013448797717642513,-0.011009354428065166,-0.01803873213821916,0.004820296454830952
2025-08-25,0.0039187290926001594,0.004038904695526924,0.027961744312927195,-0.0002545371287778764,0.002409827874206627,0.0026328035972671415,0.007152559919124002
2025-08-26,-0.01029398156506467,-0.010458836872553334,0.005271577032210928,-0.008847088644480472,-0.019804008214326707,0.009966490063413325,0.017966608224678993
2025-08-28,-0.00858114302373103,-0.008777099121225262,-0.0203176974831365,-0.01615614731693249,0.0007218132133646193,-0.006092680550016105,0.002579245304165312
2025-08-29,-0.0030269463766572358,-0.003388851880963273,-0.0029134354829594145,-0.006494222390645454,-0.020926047757820143,0.021835204225163274,0.0026402208749960465
2025-09-01,0.008081328102276686,0.006928034289430229,0.009003983605071042,-0.0010514142758824008,-0.002434383399508633,-0.009563592342016314,0.0064694612056861445
2025-09-02,-0.0018474345185381935,-0.002574214206497061,-0.0003534076333213676,-0.00643765155555176,0.009263391834660517,0.002215126519012678,-0.0030273493469774593
2025-09-03,0.005495586709857392,0.005099735563552699,-0.004509599476193671,0.010479584194943214,0.004454007319683484,0.012217563055062719,0.00571065410315974
2025-09-04,0.0007785744550403706,0.001863734987445298,-0.0005813425938185901,0.007099249683346187,-0.009736836425082274,0.01002849798685368,-0.01791254084970717
2025-09-05,0.00027081063420020257,-8.982290085590705e-05,-0.015429958911237662,0.002234198717829372,0.011483833837947266,-0.020772056828974428,0.01576647336385051
2025-09-08,0.0012986346282719552,0.0009478636554316466,-0.009658484307236037,0.002695114674834187,0.002542220363180192,0.0004908523130549014,0.024078369502792185
2025-09-09,0.003845526653504905,0.003879504770720743,0.010019217785085743,-0.0008802792430193662,-0.001669909175871176,0.006115448999622686,0.006988239914409888
2025-09-10,0.004193282121674358,0.003984933112922917,0.019677959114426713,0.0007767794917246107,0.0005811774406740966,0.007289542246502911,-0.016867790732236543
2025-09-11,0.0012965707489716038,0.0015165393678557848,0.0045554865111387954,0.0019651072848194673,0.004564764450404546,0.004830365438016848,-0.0008608416914093198
2025-09-12,0.004329658895022348,0.004355700898820203,0.0029403574507291808,-0.0005167691772367533,0.008422431076406944,-0.003137070894998928,0.01512191866347301
2025-09-15,-0.0017854897196443176,-0.0014534868937055023,-0.006885101965970364,-0.0002584847670243917,0.003077731200880507,-0.002662158745989629,-0.0039228556354338195
2025-09-16,0.006754394026943444,0.007248106915085373,0.010802912065448922,-0.0002068485563180289,0.004278691396047307,0.0010899251084843797,0.019976019326360728
2025-09-17,0.0036049698105067307,0.003792517987676547,0.008578066104311333,-0.000362040597077673,0.00603031142125765,-0.009241359865602483,0.014534583656161004
2025-09-18,0.003678527455839742,0.0038652452851550834,0.001228451998267488,0.010703019001874203,0.0008483818036868485,0.005482170000402853,0.0010120818119894182
2025-09-19,-0.00380483575513324,-0.004681654724558726,-0.0023637789649537666,-0.010289214910926603,-0.005385483197964724,-0.0021892628196793495,0.002967080236143005
2025-09-22,-0.004935796747080445,-0.005658957728760683,-0.03056456052520673,-0.002796348107542812,-0.012008756770951479,-0.009050879805760914,-0.003030305349179585
2025-09-23,-0.0013042846068440639,-0.0007045715396589713,-0.0037156349956060097,-0.007286385844718524,-0.0005754040949934591,-0.009257565186564065,0.017610833355776734
2025-09-24,-0.004483689738311369,-0.00471828606890945,-0.008855804784501764,-0.006445744223541716,-0.004904834348669951,-0.0054713833749833185,0.009398449196547531
2025-09-25,-0.006649003929023678,-0.006826759385830883,-0.026032726464412015,-0.001262572875543988,-0.0076940028911440805,-0.002246847513383443,0.0012300881063929126
2025-09-26,-0.009532730366894171,-0.009075330094281853,-0.019910009888476132,-0.005066228457830668,0.003781787177681295,0.012419373330835981,0.001044386517907725
2025-09-29,-0.0008033674181469053,-0.0007652578570791491,-0.001035446323124134,0.005539888141663951,-0.0034903516493258735,0.0052932959798353,-0.018717621138742757
2025-09-30,-0.0009666077692873642,-0.001211713585664853,-0.002662289897328307,0.0007363511735709594,-0.006430925898562201,-0.01409522508596428,0.002811359737545871
2025-10-01,0.009108779315782911,0.008876848195789933,0.008892680185749846,0.014873072598954984,0.0034397891389934543,0.010035455882709599,-0.004000755476997853
2025-10-03,0.0023305289834212317,0.0027604519218868973,-0.004229694378171445,-0.00010358017484701776,-0.003879750706967222,-0.0032102783472645058,-0.010009211383961159
2025-10-06,0.007340173682813145,0.00715285267996002,0.029372423196456054,0.008562919995388718,0.008472133265237325,-0.008819422569133373,0.012074099643845315
2025-10-07,0.0012214730903838955,0.0016691358266136547,-0.004931206382068787,0.009253868778529295,0.007102029021383238,-0.002373323568513719,0.006852328562578336
2025-10-08,-0.002478361181704969,-0.0018704143519201466,0.017831236229476133,-0.003875170838942843,-0.012644615787992919,-0.0001250884437329347,-0.005977601858880632
2025-10-09,0.005401403691044138,0.004860706398311265,0.011332196358638136,-0.0016361969404234955,0.007576915264229989,0.0003751404872627262,-0.0016876586185219367
2025-10-10,0.004103618794969677,0.003992389068978142,-0.010968948979143356,0.0038815664956706186,0.0028265301251657604,0.007225681085098579,0.017364777413508392
2025-10-13,-0.00229645322410299,-0.0021085451731881477,-0.006991982904898997,-0.003983890416938252,-0.004860858622786068,-0.008852411277078254,0.0035595962465837516
2025-10-14,-0.0032497538671538706,-0.0036149430038534547,-0.01571875967403802,0.00015354441827231113,0.0006543490771671046,-0.0061554412932842695,-0.003805553328312783
2025-10-15,0.007055869574948304,0.006990664786018286,0.006926772262891845,0.001125064629467154,-0.0011635340875812972,0.0077821714852639445,-0.0030178940775229535
2025-10-16,0.010283174673803686,0.010383793435906341,0.00030295610063113543,0.016323971712202123,0.017312701876181613,0.013042882217012775,0.0052906921319664235
2025-10-17,0.004856173417564946,0.005788233843054158,-0.00286543147733731,0.008212788270006044,0.013143593965852851,0.017129953984212243,0.006299907682944195
2025-10-20,0.005171418863234578,0.004885828956371796,0.017733925049862265,0.0003989273691029638,0.03468234855375574,0.0021813037927982393,0.001401371135660412
2025-10-21,0.000984272270985187,0.0007462133215661026,-0.0028229995723974,0.004724848958279182,-0.0010914719066175138,-0.0004842392958002151,-0.0017062770745415179
2025-10-23,0.0008810194252255599,0.0015392662173070448,0.021876251485927867,0.0010909751500509657,-0.011532202832059468,0.007480683935841448,-0.00018298819777307074
2025-10-24,-0.003724377417414715,-0.0040827115260722024,-0.0032592682538190587,-0.014025323243124888,0.002206863772818757,0.0020414256746157378,-0.007285672169853541
2025-10-27,0.006603440715082343,0.0067099902612071105,0.007059100761090065,0.00820949913479474,0.022142131931166986,0.009194634201292295,0.006980617410158985
2025-10-28,-0.0011502994876568806,-0.0017790001563309232,-0.00879079954597195,0.0005980319998197814,0.0018849206712596711,-0.00655894722649375,-0.004709632852730294
2025-10-29,0.004527837947803093,0.004350496868738674,-9.804139159363956e-05,0.004275623368711123,0.011567730808494048,0.00881484080651962,-0.010662987405579472
2025-10-30,-0.0067801087261205595,-0.006997269388879346,-0.007320111882254565,-0.009671013732389433,-0.01049226147527893,-0.006782931144938331,0.004204804612220059
2025-10-31,-0.00603684598005394,-0.005533354078734121,0.007450831601802932,-0.010929657824624961,-0.001411795971296037,0.003813646152940997,-0.001234872965023115
2025-11-03,0.0016023948300851742,0.00047381983505978553,-0.013564425390923063,0.00540422698457288,-0.0011444067461212626,-0.015342481775133088,-0.0336118583651448
2025-11-04,-0.006452358545521619,-0.00620344880091217,-0.008856366823751571,-0.007482743162809058,-0.007843691490776017,-0.012274675581869232,-0.017857041781425664
2025-11-06,-0.003441824292231388,-0.0017765848194333245,0.006898731039974848,-0.0006091432022481413,0.01549269865407954,-0.0034296566002813833,0.005060673877094857
2025-11-07,-0.0006822649376463374,-0.0011376702671412886,-0.006363758807832021,-0.00238952461902997,-0.012171883393570226,-0.008502301401779988,0.001745821787704216
2025-11-10,0.0032134043686120606,0.0038268974824529067,0.011101924719633338,0.002237149825345064,0.007616421169631238,0.003705535108358582,0.006696309871736972
2025-11-11,0.004704563337769585,0.004013808975395605,0.007180332952231083,0.007286756422097085,0.002749172271795608,0.003200399383281649,0.003970800657368656
2025-11-12,0.007013755040665259,0.007071375302757588,0.02745039787453507,-0.0022208894586572825,0.012047119269938733,0.0003685950620742062,0.0032545257021627805
2025-11-13,0.00012944111834123362,0.00014400011345117036,-0.00836879660730716,-0.0028843736827850464,-0.00039701931509483757,-0.003199141262098415,0.003370968369436511
2025-11-14,0.0011933141887734422,0.0009951332100648358,9.660307345349395e-05,0.002985405047805756,0.005280888813071094,0.006020735694129975,-0.004135786762359928
2025-11-17,0.003982727442352285,0.004579836022369221,-0.001224195463892741,0.006998505351814899,-0.00039508466961279964,-0.0025758888251479206,0.012293418872836526
2025-11-18,-0.003982727442352285,-0.0032770123876559865,-0.0048793728582055,-0.004122656000973279,0.0007242160894707084,-0.0030752071966473338,0.003269620619036573
2025-11-19,0.005488550984983576,0.006045548231634612,0.019439821859794648,0.002163975975541632,-0.0003291314198579087,-0.005683289694895066,-0.010221554071538463
2025-11-20,0.005340256999341264,0.005224378607348257,-0.0009216280671786592,0.014225701326769702,0.019687696634669294,0.004697228879248172,0.0020906593189433664
2025-11-21,-0.004745484846012005,-0.004690948783125037,0.0018425653158971045,-0.01076296003478383,-0.001615143962857779,0.005901909067527633,0.011076958876071075
2025-11-24,-0.00417664636992221,-0.003893566454012287,-0.002988021108949468,0.0011015789361197292,-0.0069424130721111865,-0.010599137946775805,-0.0011899171593441338
2025-11-25,-0.002881677226488577,-0.00370178424185319,-0.007028325044064587,-0.009402051777169795,0.0024710162059307095,-0.0068378281521948026,-0.004333224979859551
2025-11-26,0.012305756174878724,0.012015666692995808,0.013912741171363763,0.014144827831738205,0.01942437807450048,0.003735526460510563,0.01666445179493614
2025-11-27,0.00039106576200431675,0.0012942868879868286,-0.008349882411524234,0.005562719736194488,-0.00414898619538473,0.004959119777808496,-0.015783727027386618
2025-11-28,-0.000480805927020711,-0.00015996235313409102,0.00028684764149744524,-0.0018839175043527945,0.0026190411048405693,-0.00012369608066009619,-0.00018866144759321912
2025-12-01,-0.001038560391931398,-0.0007560429651345402,-0.001307646444475452,-0.0054734675471568295,-0.0008935566237706638,0.0,0.012313809997905878
2025-12-02,-0.005499206353098529,-0.005897950029995158,0.0007337895825116902,-0.012350162516423069,-0.01272342482452693,-0.008196714552822115,0.008782837258857867
2025-12-03,-0.0017762718275893263,-0.0003695958410183664,0.014028756047650859,0.010752263838828213,-0.004862088449338664,-0.001122971642328885,-0.009715122356992012
2025-12-04,0.0018358417105446279,0.001860725173969513,0.015353221521575477,-0.0033037901330779107,-0.0020817553815097867,0.006346767265460684,-0.0054869822162597615
2025-12-05,0.005848298407897801,0.0052293126696323355,0.0027832054095640046,0.006098469873976775,0.0032507668438217507,0.004703042419312631,0.017846551242087116
2025-12-08,-0.008663963433111377,-0.00713850752362255,-0.0005251303473201574,-0.00019937421386018173,0.0015566382914089516,-0.006565547186770715,-0.00585175219996259
2025-12-09,-0.004667959097576002,-0.00514118939950059,-0.00875122800586503,-0.005999418201148465,-0.0088530557898725,-0.003111955925584553,-0.010370509311609766
2025-12-10,-0.003164890577821211,-0.0032534252087454973,-0.005971116231952678,-0.0073481511647184306,0.004891898925242444,0.005222573989803081,-6.242392086619475e-05
2025-12-11,0.005441754277617505,0.005045349309527936,0.0008461910631751834,0.010552331602805332,0.005256493833314835,-0.000620321373256516,0.014194306558737324
2025-12-12,0.005713636069080152,0.00528585588046937,0.008920273186697969,0.00119893331810772,0.007415800549817497,-0.006973798673305609,0.01672300186223019
2025-12-15,-0.0007546316435629308,-0.0006369844365003985,0.003007441327838478,-0.0054065254644033445,-0.00019279007534400705,0.005483501982343597,-0.0064972751867582446
2025-12-16,-0.006444791966670138,-0.0062804361178532275,-0.007800686078242691,-0.0018086699324522115,-0.008972080417459338,-0.0014925209904683712,-0.003723035213770487
2025-12-17,-0.0016079691231567494,-0.001420601599122051,0.003954571528382189,-0.010413062656764005,0.0013606608093423844,-0.004741105369370224,0.002686860434200966
2025-12-18,-0.00011620227379083303,-0.0009209094924909067,0.019389419318066814,-0.004379482241688493,0.0,0.0014996086750835858,-0.004216708053814244
2025-12-19,0.005826355812963868,0.005283570276903404,0.0003656640515377063,0.005902711782209913,0.01331420289921148,0.0016220617591704567,0.005191961087348318
2025-12-22,0.007902025701909565,0.007485419462994969,0.012986600845106722,0.0022298936803544223,0.006559519668866365,0.004105811158672701,0.014215525355194103
2025-12-23,0.00018147242687405196,-0.0004983603390797953,-0.004491428379155948,0.00897044107682099,-0.002987875004150098,0.011480866885445806,-0.00385148216369835
2025-12-24,-0.001339881076040328,-0.0013588981799710353,0.0027153570382623116,0.0006019025407599798,-0.007990071201609439,-0.0018428258419911359,0.007089671608794035
2025-12-26,-0.0038248575837034338,-0.004309184296106494,-0.011820119680914232,-0.005127479843323179,0.0006415603166907147,-0.006043833559295386,-0.006426641537188971
2025-12-29,-0.0038550524856066914,-0.004075888666662308,-0.008727012797027811,-0.00040322954610960693,-0.008760669214805894,-0.003842598053837243,-0.0032591012009071108
2025-12-30,-0.0001252868366208304,-0.0002416114192573815,-0.0014464955155304438,-0.0008070087981533192,-0.0037595991077639113,-0.004980112112957791,0.006327418742159807
2025-12-31,0.007326926621049168,0.006421885633729474,-0.012583501875433,0.0003026969272150737,0.019677809954007586,0.005973149792769306,0.0029990425549453192
2026-01-01,0.0006485241297404798,-0.00037556657491855105,0.006590438708503399,-5.04328620634098e-05,0.003305757093012396,-0.10219484668055934,0.000658584068109036
2026-01-02,0.006936650882286344,0.0067084686335761035,0.007193510665000957,0.010488066202495538,0.010543405925872662,-0.03866578771049678,0.01496998372882885
2026-01-05,-0.0029764840975268214,-0.0037662143227379374,-0.010700892771737358,-0.02435568411125022,-0.008957966243989368,-0.0010002349141657874,0.011432045946655478
2026-01-06,-0.002731374125568564,-0.004413695178902444,0.012268584453906328,-0.015775949907583353,-0.04570261008455656,-0.02094995041092762,0.007954290494971872
2026-01-07,-0.0014506737349826437,-0.0012022167005572015,0.012150211043236325,-0.013760870553303661,-0.0022578032678781668,-0.0035103670150933297,-0.02832950955412805
2026-01-08,-0.010146667926065334,-0.009225204290888911,-0.02821950086334013,-0.0024792053694913108,-0.02259069877041764,-0.001026224443132051,-0.008663753292585952
2026-01-09,-0.007507725861465531,-0.007209483205537381,0.0012165892142608214,-0.008166786820879679,0.0031909278599107083,-0.011061189759554502,-0.009829718828003209
2026-01-12,0.004155507868752295,0.0036061159257361197,0.00986458112862465,-0.0021855471581115893,0.005340490870191061,0.003700674350093358,0.004896784563358736
2026-01-13,-0.002249471049360352,-0.0029907558176400784,0.00872827539951615,0.00042678694721498545,-0.020709120434098338,-0.010993942902770115,-0.009452324376026056
2026-01-14,-0.0025954838159787386,-0.002933670483868056,-0.023373900083434762,-0.012776600104267288,0.004121450949260641,0.000149304871609246,-0.016821564307463177
2026-01-15,0.0,0.0,0.0,0.0,0.0,0.0,0.0
2026-01-16,0.0011195495104736608,0.0022478258403673124,0.02245370473802666,0.006086537780718437,-0.0006171525491325269,-0.016718493488962594,-0.018306718494073948
2026-01-19,-0.004245323404225232,-0.003886572639224539,-0.013531705207130429,-0.003442662003592112,-0.030857436122179394,0.012077400927604565,0.019791499761652176
2026-01-20,-0.013892938636022478,-0.01288457078639027,-0.01956686291560139,0.0035500954158731446,-0.013962312414174782,-0.020925710103634643,-0.018531180734154162
2026-01-21,-0.002976783305525643,-0.003301066680604592,0.006522231783067767,-0.011720084134300812,0.007575235022945215,-0.004761566910587156,-0.006888080569014576
2026-01-22,0.005249059162524716,0.004844019227245866,0.008863378505376218,-0.001794365387088881,-0.0014961889465636702,0.0003079263134608823,-0.0003171079779225039
2026-01-23,-0.009585172530156782,-0.00939509162405372,0.0038334561489623553,-0.0028341381935437227,-0.01176232779103703,-0.0044736606201558615,-0.018954271742495976
2026-01-27,0.005047393315368964,0.003914116026722425,-0.001423938220188603,0.011180630801259639,-0.004048278235605274,-0.014796631338914956,-0.014586440814309043
2026-01-28,0.006625350304204858,0.005934204103709817,0.013243174000583835,0.006777485648235881,0.011666523981879173,0.007815041268308676,-0.024435184265112042
2026-01-29,0.0030003141018379864,0.002688572266544398,-0.017559027953767625,0.0029975268934840926,-0.004089363428644965,-0.007971890469368859,-0.02552982522570524
2026-01-30,-0.003872723399526379,-0.003598558451741951,-0.006540871919447966,-0.006703336536783233,0.003158217077796621,0.011080827792551595,0.006666462268441364
2026-02-02,-0.009214680291215416,-0.007360459508593209,0.014523237811605583,-0.0012383498814365623,-0.003589636931091711,-0.02339743154621221,-0.01483655548857854
2026-02-03,0.02515682904984118,0.025063002082470476,0.017420556543825683,0.02195317997002011,0.033035684021630374,0.006177264097978252,0.02729374663343087
2026-02-04,0.0018813938963866406,0.0009376484121492723,-0.0727137080952911,0.004627165062208505,0.01361510583900305,0.011859152470889534,0.01936214307484363
2026-02-05,-0.005180965509694602,-0.00602829490358836,-0.0025373423730084,-0.0035736462256812374,-0.009240824378334622,-0.011697894116209362,-0.0007965483328558065
2026-02-06,0.001982934332406927,0.003193265815852442,-0.016821249644681124,-0.009096780179779884,0.00511370351230056,0.049066368605507726,-0.004125638005140431
2026-02-09,0.006733857702299062,0.0057902066111754635,0.0022411138657592033,-0.004099322306671205,0.007416547295393983,-0.00925076012036552,-0.0012677232723667942
2026-02-10,0.0026195535786079915,0.0024732373396627594,0.012270969166247703,-0.005188122270311624,-0.0021231990523649102,-0.004346464266702377,0.01115401286445561
2026-02-11,0.0007207392533867818,-0.0004780942786144493,-0.02538140015554724,-0.005700525066568929,0.0069691122062272015,-0.009849196875492794,0.017409956072279797
2026-02-12,-0.005666453301895302,-0.006655060394889389,-0.056447056915954974,-0.007035803415728736,-0.013572957837260091,-0.002516873367659933,-0.005595694215699609
2026-02-13,-0.013109031702558838,-0.012605740895496709,-0.021278625072804758,-0.018306843049352928,-0.02042954010224829,-0.011723873623862069,-0.005824052060994234
2026-02-16,0.008275099528576746,0.007840610526951508,0.005334585650082602,0.023939453597724203,0.012252052517283119,0.0132976856603495,-0.012282246316992484
2026-02-17,0.0016592855446635468,0.0020849821139012903,0.00398223412964871,-0.00010799415180606786,-0.009859858001926014,0.023314701420213524,0.00846845947449637
2026-02-18,0.0036453498285506925,0.0033889281478742816,-0.0083144431869977,-0.0010808474753121189,0.012778198877040126,0.021280632040303615,-0.000988695990633559
2026-02-19,-0.014237559265090738,-0.014872338110373917,-0.006328192878878092,-0.009889812370803774,-0.02231048641272526,-0.01959212820015299,-0.017361662687431334
2026-02-20,0.004582037096964697,0.0038299587294954307,0.0030946685106156835,-0.004104085325229434,0.006999232736984773,0.0030627895305457287,0.004953156043601581
2026-02-23,0.0055280270640203355,0.005778682517430411,-0.0036922754650916545,0.012803574958119235,0.006040599608377661,-0.0049049948692792,0.006323026823748634
2026-02-24,-0.011277509359324256,-0.012913792828047832,-0.03909072855741336,-0.014285151879088076,0.0005601013969238622,-0.005856062087018721,-0.009734059124811623
2026-02-25,0.0022727508348996395,0.0006097000818847675,0.02137313634491189,-0.003190173161560672,-0.021434731654438544,-0.011659673482003363,0.009601353929209466
2026-02-26,0.0005512374746281523,-0.00033382150090943696,0.006973650525698538,-0.009965756539042303,0.005917422666459338,-0.004545144521616251,0.009444312842587621
2026-02-27,-0.012546750821350372,-0.011758073399356306,-0.0038977737995553596,-0.012147797643862646,-0.009212065057702112,-0.014875987998341778,-0.023679190825776075
2026-03-02,-0.012507116341136992,-0.012980577788264114,-0.009103227193151042,-0.009450287314306749,-0.026092562132130404,0.004136800785591532,-0.03207660882183916
2026-03-04,-0.015612430100429009,-0.014090331165931502,-0.009882206402538785,-0.012299574063229457,-0.009619016082702103,-0.009412151036420013,-0.016114690481378702
2026-03-05,0.011590840491559007,0.01130784554418085,-0.0034839193795361822,0.010421504602880383,0.032478003794499166,-0.0014436194606579633,0.017989495738367722
2026-03-06,-0.012819134056590187,-0.013804622305107372,-0.008254836442501023,-0.02386556933855477,0.011022961808474285,-0.005795211832687386,-0.017918866787532295
2026-03-09,-0.017426658301669562,-0.0172895218357354,-0.01187828924283707,-0.019261353048655394,0.013574834333008212,-0.01201902444243963,-0.04706836177951246
2026-03-10,0.009672907019833588,0.008214870003829589,-0.00567397799881153,0.010354202937103985,-0.010731500130551908,0.009917934654336769,0.026229814248406313
2026-03-11,-0.016404386958885908,-0.017312205511606393,-0.019365890602929703,-0.01841563243764721,-0.013290726298078148,-0.0001617597089715872,-0.027044478244581782
2026-03-12,-0.009586198057197848,-0.010847708592537586,-0.009170076646880077,-0.0014399860869991343,0.0014376081186373568,-0.015984662143675443,-0.03667228500580677
2026-03-13,-0.020861973679950907,-0.019529387908372442,-0.013146927591265012,-0.0190943822137859,-0.008294613104583348,-0.008752409324275234,-0.03281288050177622
2026-03-16,0.011069774688696299,0.01251365533266302,-0.000539472943471786,0.028476798667398384,0.010375498216851575,0.022306936614658213,0.013097867536590257
2026-03-17,0.007335627211391582,0.007494636123807297,-0.007290332173042202,0.00563482037515417,0.0017903825770879678,-0.011091269669255333,0.01671304788891881
2026-03-18,0.008304724491583926,0.00829052903898031,0.020321484678264667,-0.0027244601581717376,0.007484798233679868,-0.0026277509571848157,0.0058416768736400115
2026-03-19,-0.03316469831760571,-0.03309384072873556,-0.035360608635950364,-0.054667045836551686,-0.016685500462910063,-0.02009863491260866,-0.035017419590218424
2026-03-20,0.00487241942737171,0.004379707218539863,0.014579155522502774,-0.022488515862393754,0.02114967002239787,0.006522348290583402,0.0001587301590628698
2026-03-23,-0.026382735434426152,-0.024949720451150625,-0.0028485477620572297,-0.0476280318222857,-0.0046771932864286825,-0.032184348329452384,-0.019715336446983756
2026-03-24,0.017600874978779046,0.018697972063083768,0.006272759117661231,0.027502478022646493,0.002837283689071768,0.002750518413375147,0.008783649687819306
2026-03-25,0.017051847001491538,0.016137816659364645,-0.00896122017997314,0.022493144841207346,0.0009203347646513649,0.015163463260329912,0.019623271184139313
2026-03-27,-0.0211103140979656,-0.022710530882017466,0.005202288377930131,-0.03393237548757799,-0.047089679724707345,-0.0033875369747011774,-0.025658778178929253
2026-03-30,-0.021626021374848037,-0.022479655728758985,-0.013014333581025106,-0.03314035346178734,-0.0031203228674447914,-0.02403961817831579,-0.006722033815304229
2026-04-01,0.01546326340322679,0.016360416800395683,0.020684192915825683,0.014520559506228103,0.018650739274643335,0.013807605734347028,0.016361436914307248
2026-04-02,0.0014847926393635191,0.002529488156490345,0.017494117909437,0.01158640597503613,-0.013751697761567705,0.003934634656001634,0.009705724559232465
2026-04-06,0.011170994122386091,0.010680748907496707,0.009422135197246106,0.026415853944423695,-0.03450180238576017,0.006806219769349475,0.004502555100653893
2026-04-07,0.006743092740219225,0.006854717638677954,0.026289543691093264,0.001296176461447196,-7.663019874470933e-05,0.012135682369164513,0.008632243824777674
2026-04-08,0.03708747109816635,0.038726490540277325,0.0076093335757416725,0.05555231653489212,0.03257720809197018,0.013313559397329477,0.06092793203617752
2026-04-09,-0.00930459321562438,-0.01207904354011724,0.011577010195678028,-0.02280426433980054,-0.013294727524336025,0.0018167905959529662,-0.0009561988150856848
2026-04-10,0.011521129932276608,0.011915956946165096,-0.025307884856324847,0.015671932181982484,0.01507375122834631,0.004116926358268103,0.008791909515402097
