Date,HDFCBANK,ITC,MARUTI,NSEI,RELIANCE,SENSEX,TCS
2016-04-11,246.20220947265625,146.69082641601562,3176.101806640625,7671.39990234375,227.95428466796875,25022.16015625,991.4454345703124
2016-04-12,244.3746032714844,144.51683044433594,3262.884765625,7708.9501953125,229.51004028320312,25145.58984375,995.9942016601562
2016-04-13,248.68505859375,148.48387145996094,3407.052001953125,7850.4501953125,233.5967254638672,25626.75,999.1782836914062
2016-04-18,250.07591247558597,150.34410095214844,3395.502197265625,7914.7001953125,233.3118438720703,25816.359375,996.626708984375
2016-04-20,252.38629150390625,150.3889617919922,3350.85498046875,7914.75,227.2969207763672,25844.1796875,969.1773681640624
2016-04-21,250.84600830078125,147.90113830566406,3383.0390625,7912.0498046875,228.1405334472656,25880.380859375,958.9134521484376
2016-04-22,251.07595825195312,146.0408935546875,3484.156982421875,7899.2998046875,227.65847778320312,25838.140625,956.0065307617188
2016-04-25,251.32884216308597,143.86685180664062,3403.71923828125,7855.0498046875,222.8267974853516,25678.9296875,969.5333862304688
2016-04-26,256.0646057128906,146.7581024169922,3534.829833984375,7962.64990234375,222.83773803710935,26007.30078125,984.7808837890624
2016-04-27,258.4439392089844,149.51487731933594,3523.736328125,7979.89990234375,223.3746032714844,26064.119140625,993.2057495117188
2016-04-28,256.0875549316406,144.74095153808594,3421.97998046875,7847.25,218.4004821777344,25603.099609375,999.7911987304688
2016-04-29,260.31756591796875,145.6598663330078,3464.6181640625,7849.7998046875,215.3327789306641,25606.619140625,1002.856689453125
2016-05-02,256.93817138671875,143.95651245117188,3497.669677734375,7805.89990234375,216.26402282714844,25436.970703125,999.3757934570312
2016-05-03,257.0186462402344,141.67041015625,3487.7177734375,7747.0,213.82081604003903,25229.69921875,980.15380859375
2016-05-04,259.1681213378906,140.1463623046875,3480.048583984375,7706.5498046875,214.3247833251953,25101.73046875,980.114013671875
2016-05-05,260.3061218261719,142.38758850097656,3503.147705078125,7735.5,213.70030212402344,25262.2109375,977.0681762695312
2016-05-06,257.3979797363281,142.41001892089844,3486.804931640625,7733.4501953125,212.31982421875,25228.5,978.2943725585938
2016-05-09,262.39813232421875,145.5926055908203,3511.958740234375,7866.0498046875,215.4203948974609,25688.859375,993.77880859375
2016-05-10,263.2027282714844,145.00991821289062,3510.40625,7887.7998046875,215.2998809814453,25772.529296875,997.87255859375
2016-05-11,261.8004150390625,142.5445098876953,3551.720703125,7848.85009765625,213.7331695556641,25597.01953125,996.0535278320312
2016-05-12,264.16827392578125,142.63412475585938,3518.98876953125,7900.39990234375,217.54591369628903,25790.220703125,1014.9993286132812
2016-05-13,262.2831420898437,143.14964294433594,3511.72998046875,7814.89990234375,214.33575439453125,25489.5703125,998.0704956054688
2016-05-16,267.3178405761719,147.6545867919922,3544.005615234375,7860.75,213.8536834716797,25653.23046875,1009.046630859375
2016-05-17,265.1683654785156,148.14768981933594,3607.095458984375,7890.75,212.36361694335935,25773.609375,1016.5810546875
2016-05-18,262.2256774902344,149.13380432128906,3574.409912109375,7870.14990234375,212.67042541503903,25704.609375,1009.02685546875
2016-05-19,261.915283203125,145.61502075195312,3585.091796875,7783.39990234375,208.43035888671875,25399.720703125,1011.340576171875
2016-05-20,262.2831420898437,148.08042907714844,3601.845947265625,7749.7001953125,204.70526123046875,25301.900390625,1000.4043579101562
2016-05-23,261.3291015625,155.47657775878906,3573.45068359375,7731.0498046875,203.7849273681641,25230.359375,985.4336547851562
2016-05-24,262.06475830078125,156.01451110839844,3582.900390625,7748.85009765625,206.07476806640625,25305.470703125,976.039794921875
2016-05-25,269.7316589355469,159.60055541992188,3707.757080078125,7934.89990234375,208.43035888671875,25881.169921875,999.2767333984376
2016-05-26,272.0190734863281,162.4693603515625,3759.845458984375,8069.64990234375,207.4771881103516,26366.6796875,1008.07763671875
2016-05-27,272.8351745605469,161.05735778808594,3785.958251953125,8156.64990234375,213.5797882080078,26653.599609375,1017.5502319335938
2016-05-30,271.2144470214844,163.82720947265625,3717.617919921875,8178.5,212.26499938964844,26725.599609375,1042.765380859375
2016-05-31,271.708740234375,161.32269287109375,3799.653564453125,8160.10009765625,209.88754272460935,26667.9609375,1016.264892578125
2016-06-01,270.15692138671875,166.0789794921875,3803.077392578125,8179.9501953125,208.95626831054688,26713.9296875,1041.637939453125
2016-06-02,270.11102294921875,164.5165252685547,3822.525146484375,8218.9501953125,209.53692626953125,26843.140625,1048.2034912109375
2016-06-03,269.3753356933594,162.63238525390625,3851.1025390625,8220.7998046875,210.28195190429688,26843.029296875,1040.05615234375
2016-06-06,269.2259216308594,163.41358947753906,3781.75830078125,8201.0498046875,209.21920776367188,26777.44921875,1044.0321044921875
2016-06-07,269.8235778808594,166.69932556152344,3775.96044921875,8266.4501953125,209.2739715576172,27009.669921875,1051.4852294921875
2016-06-08,267.2718200683594,166.7222900390625,3798.28369140625,8273.0498046875,209.0658264160156,27020.66015625,1044.27197265625
2016-06-09,266.5361633300781,162.7242889404297,3806.546630859375,8203.599609375,212.8018951416016,26763.4609375,1029.945556640625
2016-06-10,266.98443603515625,161.1618194580078,3753.910888671875,8170.0498046875,214.0180206298828,26635.75,1021.3529052734376
2016-06-13,265.0418701171875,160.794189453125,3775.138671875,8110.60009765625,214.98216247558597,26396.76953125,1017.8567504882812
2016-06-14,264.8004455566406,162.3566436767578,3747.51953125,8108.85009765625,213.91940307617188,26395.7109375,1013.0007934570312
2016-06-15,268.8695983886719,165.2288055419922,3843.478515625,8206.599609375,215.74908447265625,26726.33984375,1021.7930297851562
2016-06-16,267.1683044433594,163.0919189453125,3728.893798828125,8140.75,213.93038940429688,26525.4609375,1022.3720092773438
2016-06-17,268.9729919433594,165.3666534423828,3756.64990234375,8170.2001953125,213.6235809326172,26625.91015625,1040.0758056640625
2016-06-20,269.4442749023437,164.5395050048828,3773.7236328125,8238.5,216.97618103027344,26866.919921875,1062.7347412109375
2016-06-21,268.2028503417969,164.7462921142578,3795.81884765625,8219.900390625,216.29689025878903,26812.779296875,1059.49755859375
2016-06-22,269.3178405761719,163.00001525878906,3790.294921875,8203.7001953125,214.85069274902344,26765.650390625,1066.0716552734375
2016-06-23,273.59381103515625,165.55047607421875,3806.04443359375,8270.4501953125,214.8397521972656,27002.220703125,1057.1602783203125
2016-06-24,267.11083984375,162.7242889404297,3716.065673828125,8088.60009765625,208.48513793945312,26397.7109375,1028.62646484375
2016-06-27,266.6625671386719,164.95306396484375,3675.025634765625,8094.7001953125,209.40548706054688,26402.9609375,997.415283203125
2016-06-28,268.2718200683594,169.3417205810547,3723.963134765625,8127.85009765625,209.87657165527344,26524.55078125,984.6670532226562
2016-06-29,270.7866516113281,168.3307342529297,3771.943115234375,8204.0,211.87062072753903,26740.390625,1000.232666015625
2016-06-30,272.67559814453125,169.29574584960938,3823.02685546875,8287.75,212.36361694335935,26999.720703125,1020.2940063476562
2016-07-01,272.22369384765625,173.9486541748047,3803.12255859375,8328.349609375,213.30587768554688,27144.91015625,999.413818359375
2016-07-04,271.8296203613281,168.813232421875,3810.791748046875,8370.7001953125,216.2092437744141,27278.759765625,996.7561645507812
2016-07-05,270.1607971191406,167.8826446533203,3810.3818359375,8335.9501953125,217.6116180419922,27166.869140625,993.1992797851562
2016-07-07,274.8079833984375,170.2607879638672,3780.9365234375,8337.900390625,216.47219848632807,27201.490234375,971.019775390625
2016-07-08,272.3047180175781,169.46807861328125,3799.8359375,8323.2001953125,214.3905334472656,27126.900390625,969.7409057617188
2016-07-11,278.0760192871094,171.74281311035156,3900.497314453125,8467.900390625,217.48019409179688,27626.689453125,984.7471923828124
2016-07-12,278.63232421875,171.225830078125,3990.29345703125,8521.0498046875,219.86862182617188,27808.140625,985.067138671875
2016-07-13,277.6125183105469,170.32974243164062,3945.555419921875,8519.5,221.0409240722656,27815.1796875,996.3162231445312
2016-07-14,278.2151184082031,171.4326171875,4043.15771484375,8565.0,220.19729614257807,27942.109375,1007.8258666992188
2016-07-15,283.62713623046875,171.53602600097656,4083.102783203125,8541.400390625,221.7969207763672,27836.5,977.2340087890624
2016-07-18,284.4963073730469,171.57052612304688,4067.306884765625,8508.7001953125,220.4931182861328,27746.66015625,972.4786376953124
2016-07-19,282.3871154785156,171.6738739013672,4095.56494140625,8528.5498046875,223.02398681640625,27787.619140625,985.56640625
2016-07-20,285.59722900390625,172.50106811523438,4080.4541015625,8565.849609375,224.16343688964844,27915.890625,997.0558471679688
2016-07-21,284.7628479003906,172.74232482910156,4029.82763671875,8510.099609375,220.5150451660156,27710.51953125,1001.4911499023438
2016-07-22,285.27276611328125,172.22532653808594,4030.74072265625,8541.2001953125,222.3776092529297,27803.240234375,1005.1082153320312
2016-07-25,289.0160217285156,173.53504943847656,4154.77490234375,8635.650390625,224.1086578369141,28095.33984375,1025.281982421875
2016-07-26,287.1269836425781,173.53504943847656,4082.41748046875,8590.650390625,224.39349365234372,27976.51953125,1022.7376098632812
2016-07-27,286.6982421875,170.5365447998047,4161.71337890625,8615.7998046875,221.99411010742188,28024.330078125,1032.7342529296875
2016-07-28,289.3636779785156,175.29278564453125,4349.2041015625,8666.2998046875,224.8974609375,28208.619140625,1049.44189453125
2016-07-29,288.8421325683594,174.01754760742188,4343.81787109375,8638.5,222.38856506347656,28051.859375,1049.4619140625
2016-08-01,287.938232421875,172.74232482910156,4443.017578125,8636.5498046875,221.2052764892578,28003.119140625,1085.10107421875
2016-08-02,288.16998291015625,179.77334594726562,4552.3984375,8622.900390625,221.9283905029297,27981.7109375,1081.4754638671875
2016-08-03,287.5093994140625,174.1898956298828,4449.95703125,8544.849609375,217.79791259765625,27697.509765625,1064.2864990234375
2016-08-04,287.6368713378906,173.77627563476562,4464.3828125,8551.099609375,217.5897216796875,27714.369140625,1062.56396484375
2016-08-05,289.5491027832031,174.0864715576172,4511.85986328125,8683.150390625,222.68435668945312,28078.349609375,1061.4017333984375
2016-08-08,289.6302185058594,172.2942657470703,4557.603515625,8711.349609375,225.5329742431641,28182.5703125,1061.56201171875
2016-08-09,289.0739440917969,170.70884704589844,4529.39013671875,8678.25,225.85069274902344,28085.16015625,1061.842529296875
2016-08-10,284.3688659667969,169.9161376953125,4438.77197265625,8575.2998046875,219.92340087890625,27774.880859375,1071.9393310546875
2016-08-11,284.68170166015625,173.46609497070312,4454.33984375,8592.150390625,222.2132568359375,27859.599609375,1085.7623291015625
2016-08-12,284.7860107421875,175.15492248535156,4472.55419921875,8592.150390625,226.9682159423828,28152.400390625,1097.201171875
2016-08-16,284.4615478515625,175.84423828125,4441.146484375,8642.5498046875,224.57977294921875,28064.609375,1078.469970703125
2016-08-17,286.2230834960937,174.87921142578125,4464.5654296875,8624.0498046875,222.03793334960935,28005.369140625,1051.5654296875
2016-08-18,290.3023376464844,173.81077575683594,4488.3037109375,8673.25,223.07876586914065,28123.439453125,1057.1748046875
2016-08-19,289.0507202148437,172.98358154296875,4473.923828125,8666.900390625,222.38856506347656,28077.0,1043.13134765625
2016-08-22,289.7925109863281,175.15492248535156,4416.99609375,8629.150390625,221.72018432617188,27985.5390625,1021.1748046875
2016-08-23,290.0590209960937,173.29376220703125,4413.390625,8632.599609375,221.41343688964844,27990.2109375,1042.1500244140625
2016-08-24,292.4579162597656,172.50106811523438,4518.1591796875,8650.2998046875,223.6156463623047,28059.939453125,1030.5302734375
2016-08-25,291.70465087890625,174.7068634033203,4504.6015625,8592.2001953125,221.90647888183597,27835.91015625,1022.11669921875
2016-08-26,291.3685607910156,174.94813537597656,4492.9150390625,8572.5498046875,225.23715209960935,27782.25,1011.6589965820312
2016-08-29,286.9647216796875,174.25881958007812,4498.849609375,8607.4501953125,231.71224975585935,27902.66015625,1001.8831787109376
2016-08-30,294.04559326171875,177.3607635498047,4626.90234375,8744.349609375,233.6733856201172,28343.009765625,1019.3516845703124
2016-08-31,299.2721862792969,179.25636291503906,4646.20849609375,8786.2001953125,232.27099609375,28452.169921875,1006.1903076171876
2016-09-01,297.5338134765625,179.9112091064453,4652.73681640625,8774.650390625,225.52203369140625,28423.48046875,1004.66748046875
2016-09-02,297.8583068847656,181.2209014892578,4744.3984375,8809.650390625,222.0489044189453,28532.109375,1007.5924072265624
2016-09-06,301.4045715332031,181.0141143798828,4890.80908203125,8943.0,223.48416137695312,28978.01953125,995.2720336914062
2016-09-07,298.2407531738281,181.15196228027344,4905.84130859375,8917.9501953125,222.9911346435547,28926.359375,977.8429565429688
2016-09-08,298.85498046875,182.5995178222656,5046.8271484375,8952.5,226.4423370361328,29045.279296875,930.3843994140624
2016-09-09,299.0867614746094,178.05006408691406,4967.39306640625,8866.7001953125,228.8855438232422,28797.25,942.5445556640624
2016-09-12,296.653076171875,173.8796844482422,4899.3583984375,8715.599609375,229.31283569335935,28353.5390625,945.1884155273438
2016-09-14,294.2309875488281,173.60397338867188,4931.4453125,8726.599609375,228.92938232421875,28372.23046875,932.9285888671876
2016-09-15,296.5835876464844,176.39569091796875,5012.81005859375,8742.5498046875,233.36663818359372,28412.890625,932.3272705078124
2016-09-16,300.8134765625,179.46316528320312,5123.962890625,8779.849609375,235.6783599853516,28599.029296875,946.2506713867188
2016-09-19,299.02880859375,178.42916870117188,5049.125,8808.400390625,237.1793670654297,28634.5,966.183349609375
2016-09-20,298.6347961425781,177.1194610595703,5070.22509765625,8775.900390625,235.382568359375,28523.19921875,964.2003784179688
2016-09-21,299.6893920898437,174.84474182128906,5057.72216796875,8777.150390625,234.9552764892578,28507.419921875,966.9647216796876
2016-09-22,302.9110717773437,175.94766235351562,5145.8447265625,8867.4501953125,238.61463928222656,28773.130859375,952.7811889648438
2016-09-23,304.25543212890625,174.7068634033203,5150.16455078125,8831.5498046875,241.6495056152344,28668.220703125,960.8347778320312
2016-09-26,300.4194641113281,170.98458862304688,5119.9169921875,8723.0498046875,242.6136474609375,28294.279296875,962.0365600585938
2016-09-27,300.85986328125,169.46807861328125,5067.05322265625,8706.400390625,243.3367462158203,28223.69921875,976.060302734375
2016-09-28,300.2108764648437,170.22633361816406,5076.6142578125,8745.150390625,238.98715209960935,28292.810546875,970.8309936523438
2016-09-29,296.0968017578125,169.36468505859375,5000.12255859375,8591.25,234.9990997314453,27827.529296875,976.7410278320312
2016-09-30,295.0189819335937,166.3661651611328,5035.70166015625,8611.150390625,237.46424865722656,27865.9609375,973.9366455078124
2016-10-03,298.3450622558594,167.02101135253906,5222.98046875,8738.099609375,238.9981231689453,28243.2890625,966.2839965820312
2016-10-04,298.8897705078125,166.2627716064453,5222.060546875,8769.150390625,240.2361602783203,28334.55078125,963.659423828125
2016-10-05,298.0901184082031,165.57345581054688,5230.51904296875,8743.9501953125,238.71324157714844,28220.98046875,956.1270751953124
2016-10-06,297.12823486328125,163.6433563232422,5250.05517578125,8709.5498046875,243.4024810791016,28106.2109375,957.0885620117188
2016-10-07,296.8152770996094,164.7117919921875,5225.5537109375,8697.599609375,243.0080718994141,28061.140625,948.6947021484376
2016-10-10,297.6844482421875,165.5045166015625,5251.802734375,8708.7998046875,240.2361602783203,28082.33984375,953.7030639648438
2016-10-13,292.6780700683594,164.7117919921875,5257.50244140625,8573.349609375,231.64649963378903,27643.109375,933.108642578125
2016-10-14,292.4579162597656,165.3666534423828,5231.66796875,8583.400390625,236.13853454589844,27673.599609375,948.0535888671876
2016-10-17,286.8720092773437,165.8491973876953,5147.68310546875,8520.400390625,232.41343688964844,27529.970703125,946.5509643554688
2016-10-18,291.5423583984375,169.53700256347656,5173.05712890625,8677.900390625,236.8945159912109,28050.880859375,961.6761474609376
2016-10-19,291.6582336425781,165.0564727783203,5152.7392578125,8659.099609375,238.26402282714844,27984.369140625,959.6328125
2016-10-20,290.99761962890625,164.98753356933594,5189.42236328125,8699.400390625,238.307861328125,28129.83984375,962.0567016601562
2016-10-21,294.52069091796875,165.53897094726562,5194.66259765625,8693.0498046875,233.1913299560547,28077.1796875,973.0752563476562
2016-10-24,292.8634948730469,166.3661651611328,5253.2265625,8708.9501953125,232.99411010742188,28179.080078125,975.3045043945312
2016-10-25,289.7925109863281,164.57391357421875,5315.33056640625,8691.2998046875,232.457275390625,28091.419921875,963.5540771484376
2016-10-26,287.242919921875,164.57391357421875,5395.91455078125,8615.25,230.96722412109372,27836.509765625,962.6700439453124
2016-10-27,290.2096252441406,167.5724639892578,5387.685546875,8615.25,229.794921875,27915.900390625,971.4481201171876
2016-10-28,291.820556640625,167.5724639892578,5402.396484375,8638.0,231.16444396972656,27941.509765625,963.6544799804688
2016-11-01,291.99432373046875,165.401123046875,5404.1884765625,8626.25,230.2989044189453,27876.609375,944.08935546875
2016-11-02,288.8305358886719,163.57447814941406,5327.4208984375,8514.0,224.3277587890625,27527.220703125,925.629638671875
2016-11-03,290.8702392578125,165.64236450195312,5337.4873046875,8484.9501953125,224.37158203125,27430.279296875,931.8161010742188
2016-11-04,288.2626647949219,171.6738739013672,5244.90673828125,8433.75,220.3397521972656,27274.150390625,936.2755126953124
2016-11-07,289.595458984375,176.80929565429688,5255.1123046875,8497.0498046875,219.37559509277344,27458.990234375,914.7825317382812
2016-11-08,290.7195739746094,176.18890380859375,5211.94677734375,8543.5498046875,219.8905334472656,27591.140625,917.2531127929688
2016-11-09,290.0126342773437,171.05348205566406,4958.15283203125,8432.0,220.131591796875,27252.529296875,871.7158203125
2016-11-10,296.3402099609375,173.0525360107422,4898.8994140625,8525.75,221.40249633789065,27517.6796875,865.9309692382812
2016-11-11,295.7027893066406,167.4690704345703,4720.310546875,8296.2998046875,219.50704956054688,26818.8203125,844.1163940429688
2016-11-15,290.8238525390625,163.71231079101562,4455.85205078125,8108.4501953125,215.9243927001953,26304.630859375,852.2117309570312
2016-11-16,288.41339111328125,159.16282653808594,4588.42431640625,8111.60009765625,216.17637634277344,26298.689453125,879.6505126953125
2016-11-17,285.1337280273437,159.576416015625,4528.43701171875,8079.9501953125,214.24810791015625,26227.619140625,858.5993041992188
2016-11-18,280.7762756347656,157.06040954589844,4551.74267578125,8074.10009765625,216.3845672607422,26150.240234375,853.7383422851562
2016-11-21,277.8326416015625,154.5443878173828,4401.470703125,7929.10009765625,217.26104736328125,25765.140625,856.871826171875
2016-11-22,277.6820678710937,155.85411071777344,4536.71044921875,8002.2998046875,219.4413146972656,25960.779296875,857.7154541015625
2016-11-23,274.599365234375,154.8546142578125,4487.33984375,8033.2998046875,221.0956878662109,26051.810546875,866.2924194335938
2016-11-24,270.1376342773437,154.06190490722656,4440.7275390625,7965.5,216.3516845703125,25860.169921875,879.1884155273438
2016-11-25,275.65399169921875,157.71527099609375,4480.6748046875,8114.2998046875,217.74310302734372,26316.33984375,924.1432495117188
2016-11-28,274.5298156738281,161.0928955078125,4499.2001953125,8126.89990234375,216.1982879638672,26350.169921875,917.01220703125
2016-11-29,273.20867919921875,159.26622009277344,4677.92724609375,8142.14990234375,218.61959838867188,26394.009765625,907.8726196289062
2016-11-30,278.0412902832031,160.26573181152344,4841.4375,8224.5,216.9433135986328,26652.810546875,914.3806762695312
2016-12-01,277.49658203125,160.9550323486328,4828.65869140625,8192.900390625,218.63059997558597,26559.919921875,909.3189086914062
2016-12-02,275.60760498046875,157.50848388671875,4659.49365234375,8086.7998046875,217.97320556640625,26230.66015625,892.6064453125
2016-12-05,277.2879943847656,160.30020141601562,4783.47216796875,8128.75,217.77598571777344,26349.099609375,878.2040405273438
2016-12-06,276.8476257324219,158.68028259277344,4721.18408203125,8143.14990234375,220.26303100585935,26392.759765625,876.7376098632812
2016-12-07,273.8692626953125,156.6123504638672,4704.12939453125,8102.0498046875,218.93731689453125,26236.869140625,865.569091796875
2016-12-08,278.01812744140625,160.8171844482422,4812.56982421875,8246.849609375,223.51702880859372,26694.279296875,882.1209106445312
2016-12-09,277.7399597167969,162.78173828125,4812.93701171875,8261.75,225.46725463867188,26747.1796875,881.9201049804688
2016-12-12,274.5298156738281,160.1278533935547,4729.64208984375,8170.7998046875,225.08377075195312,26515.240234375,887.1226806640625
2016-12-13,274.9470520019531,162.4370574951172,4746.88037109375,8221.7998046875,227.8447113037109,26697.8203125,883.9489135742188
2016-12-14,272.50177001953125,160.71380615234375,4726.56201171875,8182.4501953125,232.16146850585935,26602.83984375,886.8816528320312
2016-12-15,272.7103881835937,158.33567810058594,4736.6748046875,8153.60009765625,230.7262115478516,26519.0703125,907.651611328125
2016-12-16,274.0315246582031,156.0264434814453,4770.32421875,8139.4501953125,231.64649963378903,26489.560546875,917.032470703125
2016-12-19,272.7451477050781,156.47445678710938,4702.658203125,8104.35009765625,232.8297576904297,26374.69921875,919.5430297851562
2016-12-20,273.9388122558594,158.50796508789062,4696.17626953125,8082.39990234375,231.81085205078125,26307.98046875,939.791015625
2016-12-21,273.4984130859375,155.99195861816406,4723.62060546875,8061.2998046875,232.983154296875,26242.380859375,929.4659423828124
2016-12-22,271.8992004394531,156.85362243652344,4674.4794921875,7979.10009765625,230.8138427734375,25979.599609375,927.095947265625
2016-12-23,274.9470520019531,154.8890380859375,4778.13916015625,7985.75,231.6793975830078,26040.69921875,919.2218017578124
2016-12-26,272.3395080566406,155.0958709716797,4750.7412109375,7908.25,229.52099609375,25807.099609375,921.2305908203124
2016-12-27,274.70367431640625,161.3341827392578,4802.82470703125,8032.85009765625,233.30088806152344,26213.439453125,933.4033203125
2016-12-28,275.0629577636719,162.29920959472656,4809.48974609375,8034.85009765625,230.01400756835935,26210.6796875,929.3858032226562
2016-12-29,279.3392333984375,162.6783447265625,4886.3037109375,8103.60009765625,233.4652404785156,26366.150390625,944.7721557617188
2016-12-30,279.571044921875,166.5729522705078,4890.67041015625,8185.7998046875,237.1793670654297,26626.4609375,950.3364868164062
2017-01-02,277.4617919921875,166.09043884277344,5025.31396484375,8179.5,237.77101135253903,26595.44921875,948.6491088867188
2017-01-03,275.7929992675781,167.74478149414062,5064.294921875,8192.25,238.71324157714844,26643.240234375,951.4212646484376
2017-01-04,274.7732238769531,169.19236755371094,5058.548828125,8190.5,233.83773803710935,26633.130859375,955.9407958984376
2017-01-05,274.9354248046875,170.08847045898438,5180.642578125,8273.7998046875,236.0837554931641,26878.240234375,937.8223876953124
2017-01-06,276.6622314453125,167.29672241210938,5162.80615234375,8243.7998046875,235.54690551757807,26759.23046875,916.5299682617188
2017-01-09,277.0214233398437,169.46807861328125,5202.2939453125,8236.0498046875,236.14947509765625,26726.55078125,925.4889526367188
2017-01-10,281.4599914550781,171.60494995117188,5217.326171875,8288.599609375,238.8118438720703,26899.560546875,930.1693115234376
2017-01-11,286.0144348144531,170.63992309570312,5297.7705078125,8380.650390625,237.97918701171875,27140.41015625,933.8051147460938
2017-01-12,286.24627685546875,168.64089965820312,5311.56201171875,8407.2001953125,237.3765869140625,27247.16015625,941.819580078125
2017-01-13,285.66680908203125,172.08746337890625,5239.98779296875,8400.349609375,238.9323883056641,27238.060546875,903.6340942382812
2017-01-16,289.17822265625,171.50157165527344,5219.21044921875,8412.7998046875,235.83177185058597,27288.169921875,907.3504638671876
2017-01-17,287.0574951171875,173.6728973388672,5212.31494140625,8398.0,228.16244506835935,27235.66015625,915.4655151367188
2017-01-18,288.0077514648437,172.9146728515625,5226.15185546875,8417.0,226.2560577392578,27257.640625,922.0339965820312
2017-01-19,286.547607421875,175.1894073486328,5257.31884765625,8435.099609375,226.508056640625,27308.599609375,920.38671875
2017-01-20,286.5591125488281,176.05101013183594,5211.9013671875,8349.349609375,224.7769775390625,27034.5,918.1173095703124
2017-01-23,288.4829406738281,178.9806365966797,5240.4482421875,8391.5,222.607666015625,27117.33984375,929.3372802734376
2017-01-24,293.7906188964844,179.1185302734375,5274.64892578125,8475.7998046875,225.10568237304688,27375.580078125,934.0310668945312
2017-01-25,299.1331481933594,183.01312255859372,5334.7294921875,8602.75,222.9144592285156,27708.140625,947.9911499023438
2017-01-27,299.4344482421875,177.42965698242188,5438.94091796875,8641.25,224.6236114501953,27882.4609375,949.9251098632812
2017-01-30,297.82354736328125,176.53358459472656,5419.68017578125,8632.75,228.9403533935547,27849.560546875,939.8929443359376
2017-01-31,298.2176208496094,177.91221618652344,5419.0361328125,8561.2998046875,229.02798461914065,27655.9609375,898.3555297851562
2017-02-01,302.6329650878906,185.90823364257807,5681.01318359375,8716.400390625,230.0030670166016,28141.640625,873.4169921875
2017-02-02,301.010498046875,189.07907104492188,5648.97314453125,8734.25,228.6554718017578,28226.609375,889.431396484375
2017-02-03,303.8730163574219,188.21743774414065,5622.4033203125,8740.9501953125,226.49710083007807,28240.51953125,899.46337890625
2017-02-06,304.5798645019531,190.8023681640625,5653.8916015625,8801.0498046875,228.2500915527344,28439.279296875,902.76708984375
2017-02-07,302.96905517578125,191.0092010498047,5712.27294921875,8768.2998046875,225.8945159912109,28335.16015625,904.3180541992188
2017-02-08,302.6213684082031,189.4237365722656,5695.2177734375,8769.0498046875,224.6345672607422,28289.919921875,914.9340209960938
2017-02-09,300.7671813964844,191.38829040527344,5660.69482421875,8778.400390625,226.2998962402344,28329.69921875,933.608154296875
2017-02-10,302.14617919921875,188.4242706298828,5619.46142578125,8793.5498046875,225.7301788330078,28334.25,966.1006469726562
2017-02-13,303.67596435546875,186.5286102294922,5536.486328125,8805.0498046875,225.66444396972656,28351.619140625,972.6680908203124
2017-02-14,303.884521484375,186.66650390625,5460.9609375,8792.2998046875,230.0359344482422,28339.310546875,969.444580078125
2017-02-15,306.4573059082031,188.45867919921875,5390.0302734375,8724.7001953125,230.3646240234375,28155.560546875,972.4462280273438
2017-02-16,307.7784423828125,183.80584716796875,5538.8310546875,8778.0,233.91444396972656,28301.26953125,986.1644287109376
2017-02-17,319.1703186035156,184.8397979736328,5506.8369140625,8821.7001953125,235.6673889160156,28468.75,970.1095581054688
2017-02-20,326.5988464355469,183.3922576904297,5601.90087890625,8879.2001953125,235.6454925537109,28661.580078125,1008.1019287109376
2017-02-21,328.09381103515625,181.3932342529297,5574.31884765625,8907.849609375,238.4503173828125,28761.58984375,993.2554321289062
2017-02-22,324.2926330566406,181.6000213623047,5589.4892578125,8926.900390625,264.5917053222656,28864.7109375,971.5599975585938
2017-02-23,323.16851806640625,183.11651611328125,5544.76123046875,8939.5,259.16845703125,28892.970703125,999.8826293945312
2017-02-27,323.0062561035156,182.39273071289065,5471.6708984375,8896.7001953125,271.4721984863281,28812.880859375,1003.1259155273438
2017-02-28,322.195068359375,180.7383728027344,5445.0087890625,8879.599609375,271.28594970703125,28743.3203125,993.6178588867188
2017-03-01,322.5543518066406,185.08106994628903,5442.34375,8945.7998046875,270.508056640625,28984.490234375,998.9761352539062
2017-03-02,319.87725830078125,182.49612426757807,5441.5615234375,8899.75,271.0011291503906,28839.7890625,1007.7996826171876
2017-03-03,319.15875244140625,180.29034423828125,5413.06103515625,8897.5498046875,275.77801513671875,28832.44921875,1004.8180541992188
2017-03-06,320.02789306640625,182.0481109619141,5456.36279296875,8963.4501953125,286.032958984375,29048.189453125,996.1358032226562
2017-03-07,321.2911376953125,182.1514587402344,5413.75,8946.900390625,285.9453125,28999.560546875,1007.1348266601562
2017-03-08,322.6817626953125,182.08258056640625,5391.36279296875,8924.2998046875,282.9324035644531,28901.939453125,1012.1306762695312
2017-03-09,323.14532470703125,182.63400268554688,5483.53076171875,8927.0,281.9572448730469,28929.130859375,1015.172119140625
2017-03-10,324.5128479003906,181.6000213623047,5475.4404296875,8934.5498046875,280.8397521972656,28946.23046875,1024.2371826171875
2017-03-14,326.9696960449219,184.1160430908203,5637.98583984375,9087.0,282.5598449707031,29442.630859375,1034.41015625
2017-03-15,328.337158203125,184.8742828369141,5642.53759765625,9084.7998046875,285.9453125,29398.109375,1006.5304565429688
2017-03-16,328.5109558105469,185.04660034179688,5659.177734375,9153.7001953125,284.3457946777344,29585.849609375,1015.6353149414062
2017-03-17,330.4811706542969,193.86981201171875,5693.3330078125,9160.0498046875,285.0140380859375,29648.990234375,1017.58984375
2017-03-20,332.8568420410156,194.31787109375,5662.35009765625,9126.849609375,280.6535339355469,29518.740234375,999.157470703125
2017-03-21,333.9809875488281,198.45376586914065,5586.4091796875,9121.5,276.928466796875,29485.44921875,1001.8565673828124
2017-03-22,331.651611328125,192.90478515625,5521.59326171875,9030.4501953125,276.030029296875,29167.6796875,998.7344970703124
2017-03-23,331.651611328125,191.35382080078125,5548.25439453125,9086.2998046875,279.01007080078125,29332.16015625,991.240966796875
2017-03-24,330.1334533691406,193.6975250244141,5520.5361328125,9108.0,281.9572448730469,29421.400390625,977.8851318359376
2017-03-27,326.7726745605469,194.111083984375,5503.20556640625,9045.2001953125,274.1455078125,29237.150390625,971.7813110351562
2017-03-28,329.1715393066406,193.35284423828125,5492.58642578125,9100.7998046875,272.9732360839844,29409.51953125,978.9930419921876
2017-03-29,331.1184997558594,195.2140045166016,5464.91357421875,9143.7998046875,275.3616638183594,29531.4296875,984.895263671875
2017-03-30,339.8333740234375,194.90383911132807,5476.3603515625,9173.75,278.42938232421875,29647.419921875,983.4451293945312
2017-03-31,334.351806640625,193.21499633789065,5530.6953125,9173.75,289.4403381347656,29620.5,979.7384643554688
2017-04-03,332.1846923828125,194.0766448974609,5582.45556640625,9237.849609375,301.2182006835937,29910.220703125,971.6405029296876
2017-04-05,331.9876708984375,192.28439331054688,5831.0556640625,9265.150390625,310.0599060058594,29974.240234375,967.43017578125
2017-04-06,333.4130859375,188.9412384033203,5784.396484375,9261.9501953125,315.209228515625,29927.33984375,966.9468994140624
2017-04-07,333.4942626953125,187.9417266845703,5754.70068359375,9198.2998046875,308.21923828125,29706.609375,978.6307373046876
2017-04-10,332.4048767089844,188.56211853027344,5763.43505859375,9181.4501953125,302.6864013671875,29575.740234375,975.8908081054688
2017-04-11,333.6448974609375,194.4212951660156,5744.08203125,9237.0,300.7142639160156,29788.349609375,974.7022094726562
2017-04-12,334.6183776855469,194.31787109375,5658.3037109375,9203.4501953125,296.6933288574219,29643.48046875,964.20703125
2017-04-13,333.8303527832031,192.42225646972656,5587.92626953125,9150.7998046875,299.05987548828125,29461.44921875,938.1804809570312
2017-04-17,333.0191345214844,192.3877868652344,5622.4951171875,9139.2998046875,304.9871826171875,29413.66015625,932.6207885742188
2017-04-18,335.45281982421875,192.35336303710935,5642.353515625,9105.150390625,300.2431335449219,29319.099609375,930.1835327148438
2017-04-19,335.8467712402344,192.1120758056641,5697.33154296875,9103.5,299.9363708496094,29336.5703125,926.2958374023438
2017-04-20,338.8946228027344,192.6635284423828,5767.71044921875,9136.400390625,300.1007080078125,29422.390625,936.9117431640624
2017-04-21,346.87945556640625,189.1135711669922,5687.0810546875,9119.400390625,307.32086181640625,29365.30078125,930.9892578125
2017-04-24,355.3277587890625,190.76791381835935,5808.94482421875,9217.9501953125,310.58575439453125,29655.83984375,937.95947265625
2017-04-25,356.2548828125,193.904296875,5826.2744140625,9306.599609375,313.9602355957031,29943.240234375,931.2715454101562
2017-04-26,359.4070739746094,200.52171325683597,5889.80419921875,9351.849609375,310.3775939941406,30133.349609375,930.8078002929688
2017-04-27,363.5674743652344,197.00624084472656,5860.1533203125,9342.150390625,308.8547058105469,30029.740234375,927.7056884765624
2017-04-28,358.4451599121094,191.62957763671875,5998.7958984375,9304.0498046875,305.7212219238281,29918.400390625,915.8201904296876
2017-05-02,357.07763671875,192.45677185058597,6164.880859375,9313.7998046875,300.3198547363281,29921.1796875,922.5689697265624
2017-05-03,357.935302734375,191.11257934570312,6108.33935546875,9311.9501953125,300.22119140625,29894.80078125,941.6658935546876
2017-05-04,355.7333679199219,193.8353576660156,6104.47802734375,9359.900390625,297.55889892578125,30126.2109375,938.764892578125
2017-05-05,355.1307678222656,191.04360961914065,6117.67138671875,9285.2998046875,291.0509338378906,29858.80078125,934.8974609375
2017-05-08,355.7333679199219,188.1485290527344,6095.97314453125,9314.0498046875,289.5498962402344,29926.150390625,943.740478515625
2017-05-09,355.95361328125,187.14898681640625,6094.8251953125,9316.849609375,291.5111083984375,29933.25,947.8097534179688
2017-05-10,359.6736145019531,188.8378448486328,6194.53125,9407.2998046875,297.81085205078125,30248.169921875,939.7117309570312
2017-05-11,358.4219970703125,190.698974609375,6217.28515625,9422.400390625,297.9095153808594,30250.98046875,946.5607299804688
2017-05-12,359.6388244628906,189.52713012695312,6187.58984375,9400.900390625,295.9154663085937,30188.150390625,951.0729370117188
2017-05-15,360.04443359375,191.5950927734375,6273.7353515625,9445.400390625,294.5240478515625,30322.119140625,952.8658447265624
2017-05-16,361.4930419921875,195.3863067626953,6393.30029296875,9512.25,297.19732666015625,30582.599609375,978.6708374023438
2017-05-17,360.9136047363281,194.1455535888672,6397.208984375,9525.75,296.4961242675781,30658.76953125,989.2263793945312
2017-05-18,360.9020385742188,191.5606231689453,6280.30908203125,9429.4501953125,290.85369873046875,30434.7890625,1021.7994995117188
2017-05-19,361.8639221191406,197.28196716308597,6243.07373046875,9427.900390625,288.9911499023437,30464.919921875,1010.095947265625
2017-05-22,365.2825927734375,209.27598571777344,6161.3876953125,9438.25,290.15252685546875,30570.970703125,1019.8455810546876
2017-05-23,363.683349609375,206.8979034423828,6324.2548828125,9386.150390625,286.0768127441406,30365.25,1015.9580078125
2017-05-24,363.138671875,206.7255706787109,6315.796875,9360.5498046875,284.3567199707031,30301.640625,1031.0460205078125
2017-05-25,374.8203430175781,206.8289794921875,6422.490234375,9509.75,285.3975524902344,30750.029296875,1057.4151611328125
2017-05-26,376.8715515136719,213.0672607421875,6495.2138671875,9595.099609375,293.03399658203125,31028.2109375,1038.740966796875
2017-05-29,378.2390441894531,217.7201232910156,6559.24853515625,9604.900390625,297.3288269042969,31109.279296875,1036.5654296875
2017-05-30,377.57855224609375,214.6871490478516,6571.24609375,9624.5498046875,297.8656921386719,31159.400390625,1027.8023681640625
2017-05-31,379.2356567382813,214.92840576171875,6629.62646484375,9621.25,293.77899169921875,31145.80078125,1025.990234375
2017-06-01,377.4741516113281,216.58273315429688,6570.41796875,9616.099609375,291.0509338378906,31137.58984375,1028.809814453125
2017-06-02,378.7837524414063,220.0293426513672,6541.0908203125,9653.5,290.28399658203125,31273.2890625,1033.3623046875
2017-06-05,379.0850524902344,222.2577667236328,6551.20361328125,9675.099609375,291.2919311523437,31309.490234375,1049.095458984375
2017-06-06,379.8730773925781,217.7769775390625,6538.69970703125,9637.150390625,287.6654357910156,31190.560546875,1086.180908203125
2017-06-07,380.3018798828125,218.61712646484372,6624.75341796875,9663.900390625,293.4064636230469,31271.279296875,1053.647705078125
2017-06-08,381.2174377441406,218.1620178222656,6665.02197265625,9647.25,291.8069152832031,31213.359375,1015.917724609375
2017-06-09,386.3280944824219,214.24127197265625,6863.01025390625,9668.25,292.6833801269531,31262.060546875,1010.0358276367188
2017-06-12,386.7800903320313,213.12103271484372,6779.16259765625,9616.400390625,289.1225891113281,31095.69921875,1002.0584106445312
2017-06-13,388.6226806640625,213.7161865234375,6756.4541015625,9606.900390625,288.0050964355469,31103.490234375,998.7384643554688
2017-06-14,387.3478698730469,209.9354248046875,6758.38427734375,9618.150390625,297.46026611328125,31155.91015625,1006.3355712890624
2017-06-15,385.76025390625,211.37071228027344,6722.75830078125,9578.0498046875,303.25616455078125,31075.73046875,982.2999267578124
2017-06-16,386.8959655761719,214.8013916015625,6678.2607421875,9588.0498046875,304.31884765625,31056.400390625,977.6149291992188
2017-06-19,392.3775634765625,217.67193603515625,6664.79248046875,9657.5498046875,308.7998962402344,31311.5703125,990.6512451171876
2017-06-20,390.90570068359375,216.1316375732422,6626.17822265625,9653.5,309.4792175292969,31297.529296875,996.06982421875
2017-06-21,393.7218017578125,216.30667114257807,6682.21533203125,9633.599609375,311.59375,31283.640625,980.3040771484376
2017-06-22,393.5596008300781,217.95199584960935,6726.2529296875,9630.0,313.9274597167969,31290.740234375,975.6393432617188
2017-06-23,389.0746765136719,217.741943359375,6637.11962890625,9574.9501953125,314.62860107421875,31138.2109375,962.1339111328124
2017-06-27,386.5251159667969,218.68711853027344,6604.20556640625,9511.400390625,314.9134826660156,30958.25,954.4552612304688
2017-06-28,386.24700927734375,215.8865966796875,6642.54345703125,9491.25,306.4443664550781,30834.3203125,957.38818359375
2017-06-29,388.0202331542969,218.1620178222656,6641.8994140625,9504.099609375,305.1734313964844,30857.51953125,950.5437622070312
2017-06-30,385.4537048339844,226.59866333007807,6635.69482421875,9520.900390625,302.3905639648437,30921.609375,962.3990478515624
2017-07-03,386.9819641113281,239.7961578369141,6761.0966796875,9615.0,302.62060546875,31221.619140625,966.9821166992188
2017-07-04,385.7569885253906,236.12046813964844,6781.4609375,9613.2998046875,311.5827941894531,31209.7890625,964.2321166992188
2017-07-05,384.6837768554688,231.7796936035156,6782.84033203125,9637.599609375,316.11871337890625,31245.560546875,959.8120727539062
2017-07-06,386.876953125,236.01547241210935,6871.4677734375,9674.5498046875,316.09674072265625,31369.33984375,956.3694458007812
2017-07-07,388.9884643554688,234.0550842285156,6833.54345703125,9665.7998046875,326.7461242675781,31360.630859375,950.0143432617188
2017-07-10,391.1233215332031,233.3549346923828,6831.3837890625,9771.0498046875,327.11865234375,31715.640625,991.9757690429688
2017-07-11,392.0683288574219,231.32456970214844,6855.79296875,9786.0498046875,327.4473876953125,31747.08984375,1008.6173095703124
2017-07-12,392.2666320800781,230.2393493652344,6873.8583984375,9816.099609375,331.11767578125,31804.8203125,993.808837890625
2017-07-13,392.8032531738281,237.17062377929688,6957.4296875,9891.7001953125,336.17938232421875,32037.380859375,996.6399536132812
2017-07-14,391.9632568359375,236.05047607421875,6947.9599609375,9886.349609375,338.7524719238281,32020.75,976.698486328125
2017-07-17,392.5232543945313,227.6488494873047,6915.8271484375,9915.9501953125,342.72808837890625,32074.779296875,975.8833618164062
2017-07-18,392.8032531738281,199.2233428955078,6940.697265625,9827.150390625,335.6935119628906,31710.990234375,981.138671875
2017-07-19,394.84478759765625,204.0543212890625,6951.86767578125,9899.599609375,338.5757751464844,31955.349609375,997.944091796875
2017-07-20,399.18450927734375,202.6890411376953,6887.005859375,9873.2998046875,337.6812744140625,31904.400390625,995.9475708007812
2017-07-21,397.3529968261719,202.26898193359372,6934.85888671875,9915.25,350.07183837890625,32028.890625,1014.8912963867188
2017-07-24,404.830810546875,205.3145751953125,6945.47802734375,9966.400390625,356.7530517578125,32245.869140625,1033.8880615234375
2017-07-25,405.8924255371094,204.0193023681641,6899.78515625,9964.5498046875,353.85968017578125,32228.26953125,1050.556640625
2017-07-26,407.7356567382813,205.59461975097656,6955.3154296875,10020.650390625,358.4095153808594,32382.4609375,1044.223876953125
2017-07-27,417.5583801269531,202.02389526367188,6986.8955078125,10020.5498046875,352.236328125,32383.30078125,1013.8694458007812
2017-07-28,414.9568176269531,204.12435913085935,7015.25830078125,10014.5,352.15899658203125,32309.880859375,1014.9317016601562
2017-07-31,416.3334045410156,199.7134704589844,7125.2158203125,10077.099609375,356.7419738769531,32514.939453125,1017.9959716796876
2017-08-01,419.3198547363281,201.5338287353516,7222.71630859375,10114.650390625,354.1799621582031,32575.169921875,1022.0201416015624
2017-08-02,418.0249633789063,199.853515625,7167.00146484375,10081.5,359.83404541015625,32476.740234375,1010.642333984375
2017-08-03,415.2951049804688,197.0179443359375,7113.5859375,10013.650390625,364.4501037597656,32237.880859375,1017.035888671875
2017-08-04,417.6982727050781,196.56288146972656,7143.83349609375,10066.400390625,358.2769775390625,32325.41015625,1030.6607666015625
2017-08-07,417.3016662597656,195.93272399902344,7206.6728515625,10057.400390625,356.9960021972656,32273.669921875,1022.7551879882812
2017-08-08,414.81683349609375,191.9419708251953,7130.59375,9978.5498046875,353.9480285644531,32014.189453125,1022.5919189453124
2017-08-09,411.6786804199219,191.03179931640625,7043.89697265625,9908.0498046875,353.1197509765625,31797.83984375,1026.2486572265625
2017-08-10,410.7453918457031,191.2068634033203,6967.72705078125,9820.25,349.9282531738281,31531.330078125,1026.0234375
2017-08-11,408.0856628417969,190.08660888671875,6856.16064453125,9710.7998046875,341.5132751464844,31213.58984375,1019.7322387695312
2017-08-14,409.9871215820313,189.91159057617188,6995.0322265625,9794.150390625,347.4324951171875,31449.029296875,1008.8447265625
2017-08-16,415.5984497070313,195.47769165039065,7080.2578125,9897.2998046875,345.8974914550781,31770.890625,1018.220703125
2017-08-17,411.9003601074219,196.03781127929688,6971.12841796875,9904.150390625,346.11834716796875,31795.4609375,1015.4832153320312
2017-08-18,408.8088989257813,197.33302307128903,6986.16015625,9837.400390625,347.9515380859375,31524.6796875,1026.98388671875
2017-08-21,406.7206726074219,197.1579742431641,6897.0732421875,9754.349609375,345.5220031738281,31258.849609375,1033.1121826171875
2017-08-22,407.6072692871094,198.0681304931641,6891.740234375,9765.5498046875,344.56121826171875,31291.849609375,1020.344970703125
2017-08-23,413.5452575683594,197.8231506347656,6962.48583984375,9852.5,349.4202880859375,31568.009765625,1017.035888671875
2017-08-24,411.2237548828125,197.05296325683597,7069.0869140625,9857.0498046875,346.328125,31596.060546875,1019.9567260742188
2017-08-28,411.1654052734375,197.7530975341797,7037.654296875,9912.7998046875,345.99688720703125,31750.8203125,1016.1572875976562
2017-08-29,407.4089965820313,196.2127685546875,6984.26123046875,9796.0498046875,338.3991394042969,31388.390625,1009.4371948242188
2017-08-30,412.6352844238281,197.4380340576172,7017.64404296875,9884.400390625,345.4556884765625,31646.4609375,1015.0338134765624
2017-08-31,414.478515625,197.6130828857422,7150.29052734375,9917.900390625,352.1700744628906,31730.490234375,1019.8547973632812
2017-09-01,412.4136352539063,198.5582427978516,7254.2900390625,9974.400390625,355.6155700683594,31892.23046875,1003.5537719726562
2017-09-04,408.5172119140625,198.20819091796875,7262.833984375,9912.849609375,356.3333435058594,31702.25,1003.4520263671876
2017-09-05,409.5555114746094,198.03314208984372,7258.8408203125,9952.2001953125,360.5850524902344,31809.55078125,1014.9526977539062
2017-09-06,410.6170959472656,193.02719116210935,7286.1865234375,9916.2001953125,363.4120788574219,31661.970703125,1002.2261962890624
2017-09-07,412.1686401367188,189.31646728515625,7353.55419921875,9929.900390625,361.3801879882813,31662.740234375,1005.0452270507812
2017-09-08,417.0916748046875,190.6817626953125,7401.42333984375,9934.7998046875,360.85003662109375,31687.51953125,1009.3351440429688
2017-09-11,425.4211730957031,191.5569000244141,7560.81201171875,10006.0498046875,361.2917785644531,31882.16015625,1002.73681640625
2017-09-12,428.1860046386719,194.39244079589844,7572.04833984375,10093.0498046875,363.87591552734375,32158.66015625,1016.6275634765624
2017-09-13,429.737548828125,190.08660888671875,7542.42724609375,10079.2998046875,375.0296325683594,32186.41015625,1016.9337158203124
2017-09-14,429.1659240722656,190.43670654296875,7493.81640625,10086.599609375,372.7546997070313,32241.9296875,1016.0147094726562
2017-09-15,431.3941345214844,188.54632568359372,7521.208984375,10085.400390625,371.8491516113281,32272.609375,1023.817626953125
2017-09-18,434.0772705078125,186.9360198974609,7575.1591796875,10153.099609375,373.5057067871094,32423.759765625,1020.9580688476562
2017-09-19,431.569091796875,187.53111267089844,7550.876953125,10147.5498046875,370.43560791015625,32402.369140625,1020.6309814453124
2017-09-20,431.3707580566406,190.1216278076172,7540.15185546875,10141.150390625,374.21240234375,32400.509765625,1018.7109985351562
2017-09-21,429.0958862304688,188.72134399414065,7563.1806640625,10121.900390625,371.6503601074219,32370.0390625,1031.51904296875
2017-09-22,425.59613037109375,187.95120239257807,7491.9130859375,9964.400390625,361.0709533691406,31922.439453125,1022.816650390625
2017-09-25,419.914794921875,183.61038208007807,7396.037109375,9872.599609375,362.9041748046875,31626.630859375,1025.7376708984375
2017-09-26,418.1766357421875,183.75038146972656,7326.34814453125,9871.5,362.26361083984375,31599.759765625,1010.9896850585938
2017-09-27,414.4902038574219,180.98487854003903,7187.109375,9735.75,353.00933837890625,31159.810546875,1019.3034057617188
2017-09-28,418.8766174316406,183.1202850341797,7333.265625,9768.9501953125,347.3993835449219,31282.48046875,1011.72509765625
2017-09-29,421.3030700683594,180.8448638916016,7408.3408203125,9788.599609375,344.9477233886719,31283.720703125,995.17919921875
2017-10-03,422.0380554199219,183.0152587890625,7324.86181640625,9859.5,352.6559753417969,31497.380859375,1000.2857666015624
2017-10-04,419.2732238769531,187.216064453125,7286.69775390625,9914.900390625,361.7114562988281,31671.7109375,997.7732543945312
2017-10-05,419.6465148925781,185.71080017089844,7271.70068359375,9888.7001953125,364.0525817871094,31592.029296875,992.5848999023438
2017-10-06,419.9965515136719,186.34092712402344,7338.6982421875,9979.7001953125,369.7509765625,31814.220703125,999.550537109375
2017-10-09,418.9232177734375,187.63612365722656,7332.66259765625,9988.75,366.9239196777344,31846.890625,1002.59423828125
2017-10-10,420.6031188964844,186.37591552734372,7329.87744140625,10016.9501953125,372.4675903320313,31924.41015625,1004.6978759765624
2017-10-11,417.6749877929688,185.81578063964844,7266.22216796875,9984.7998046875,371.1203002929688,31833.990234375,1021.489013671875
2017-10-12,424.3595275878906,186.9360198974609,7339.6728515625,10096.400390625,385.520751953125,32182.220703125,1041.03759765625
2017-10-13,431.8257446289063,186.2008819580078,7311.72314453125,10167.4501953125,387.1551208496094,32432.689453125,1045.2862548828125
2017-10-16,433.3073425292969,187.2860870361328,7281.86962890625,10230.849609375,387.3097839355469,32633.640625,1055.826416015625
2017-10-17,431.93072509765625,187.11105346679688,7278.990234375,10234.4501953125,386.2275085449219,32609.16015625,1059.9732666015625
2017-10-18,435.95550537109375,189.2814483642578,7228.05810546875,10210.849609375,403.9630432128906,32584.349609375,1056.7254638671875
2017-10-19,431.2657775878906,188.79136657714844,7178.890625,10146.5498046875,401.9310607910156,32389.9609375,1055.6226806640625
2017-10-23,434.7422180175781,186.97100830078125,7260.0478515625,10184.849609375,415.1167297363281,32506.720703125,1057.2564697265625
2017-10-24,435.6288757324219,186.9360198974609,7312.51171875,10207.7001953125,412.6872253417969,32607.33984375,1053.3753662109375
2017-10-25,418.8298950195313,188.51133728027344,7308.05517578125,10295.349609375,415.1830139160156,33042.5,1048.6641845703125
2017-10-26,418.8882141113281,187.9161834716797,7491.77294921875,10343.7998046875,418.4959716796875,33147.12890625,1040.041259765625
2017-10-27,417.8849792480469,188.5813140869141,7534.85888671875,10323.0498046875,410.74365234375,33157.21875,1058.6597900390625
2017-10-30,423.4729309082031,185.6407623291016,7609.8876953125,10363.650390625,416.33148193359375,33266.16015625,1071.7274169921875
2017-10-31,421.9563598632813,186.0258331298828,7624.744140625,10335.2998046875,415.6026306152344,33213.12890625,1074.9229736328125
2017-11-01,424.9195556640625,188.9314117431641,7649.95556640625,10440.5,420.7709045410156,33600.26953125,1066.259033203125
2017-11-02,425.1295166015625,185.99082946777344,7638.2548828125,10423.7998046875,418.142578125,33573.21875,1075.803955078125
2017-11-03,427.1360473632813,185.81578063964844,7632.3134765625,10452.5,417.5683288574219,33685.55859375,1073.32568359375
2017-11-06,426.6460876464844,185.4657287597656,7716.626953125,10451.7998046875,411.9141845703125,33731.19140625,1091.9439697265625
2017-11-07,425.5028076171875,185.74575805664065,7633.1484375,10350.150390625,400.51751708984375,33370.76171875,1110.1737060546875
2017-11-08,426.02777099609375,185.81578063964844,7644.0126953125,10303.150390625,392.1687927246094,33218.80859375,1120.3941650390625
2017-11-09,426.47113037109375,182.0700836181641,7618.75537109375,10308.9501953125,397.77880859375,33250.9296875,1120.9678955078125
2017-11-10,425.106201171875,183.2252960205078,7598.9765625,10321.75,390.4239807128906,33314.55859375,1109.6407470703125
2017-11-13,423.1346435546875,180.8448638916016,7529.98388671875,10224.9501953125,386.6251525878906,33033.55859375,1130.205078125
2017-11-14,420.52142333984375,179.61959838867188,7542.75146484375,10186.599609375,391.6828918457031,32941.87109375,1112.03759765625
2017-11-15,420.0314636230469,177.3441619873047,7546.74462890625,10118.0498046875,390.3576965332031,32760.439453125,1108.2274169921875
2017-11-16,421.7696533203125,178.60440063476562,7580.59130859375,10214.75,399.2585144042969,33106.8203125,1125.1663818359375
2017-11-17,425.9344482421875,180.63479614257807,7752.05126953125,10283.599609375,402.8144836425781,33342.80078125,1109.0467529296875
2017-11-20,428.8742980957031,181.47494506835935,7823.83056640625,10298.75,406.7679748535156,33359.8984375,1107.469482421875
2017-11-21,430.7641296386719,179.09449768066406,7823.041015625,10326.900390625,411.9362487792969,33478.3515625,1094.9752197265625
2017-11-22,432.864013671875,180.73980712890625,7905.08056640625,10342.2998046875,411.1411437988281,33561.55078125,1098.129638671875
2017-11-23,429.9708862304688,180.73980712890625,7858.88525390625,10348.75,418.31927490234375,33588.078125,1098.3756103515625
2017-11-24,431.96575927734375,182.5601806640625,7881.6806640625,10389.7001953125,420.1304016113281,33679.23828125,1101.1610107421875
2017-11-27,433.400634765625,181.50994873046875,7900.85546875,10399.5498046875,420.2408142089844,33724.44140625,1100.2598876953125
2017-11-28,435.2205200195313,179.9346923828125,8008.15283203125,10370.25,416.70697021484375,33618.58984375,1100.0345458984375
2017-11-29,437.0754089355469,180.6698303222656,8051.9814453125,10361.2998046875,417.8775634765625,33602.76171875,1088.91259765625
2017-11-30,432.5023498535156,179.26951599121094,7984.8916015625,10226.5498046875,407.0772399902344,33149.3515625,1080.248291015625
2017-12-01,431.2190856933594,178.6743927001953,7994.08544921875,10121.7998046875,402.0194396972656,32832.94140625,1077.3604736328125
2017-12-04,427.9293212890625,178.60440063476562,7893.61279296875,10127.75,398.2646789550781,32869.71875,1078.34375
2017-12-05,424.7445068359375,177.729248046875,7893.24267578125,10118.25,403.6095886230469,32802.44140625,1079.6541748046875
2017-12-06,420.7431640625,176.1539306640625,7997.2421875,10044.099609375,409.3301086425781,32597.1796875,1078.73291015625
2017-12-07,422.22467041015625,177.37918090820312,8247.95703125,10166.7001953125,411.4945373535156,32949.2109375,1072.1578369140625
2017-12-08,429.3992004394531,183.57534790039065,8396.3896484375,10265.650390625,406.8342590332031,33250.30078125,1065.705810546875
2017-12-11,430.7991638183594,186.410888671875,8481.3994140625,10322.25,404.69183349609375,33455.7890625,1090.1209716796875
2017-12-12,424.6161804199219,183.1202850341797,8479.123046875,10240.150390625,404.4489440917969,33227.98828125,1070.06884765625
2017-12-13,424.9544982910156,181.33493041992188,8469.19140625,10192.9501953125,404.029296875,33053.0390625,1076.725830078125
2017-12-14,428.8509521484375,185.01063537597656,8461.853515625,10252.099609375,407.05517578125,33246.69921875,1047.80419921875
2017-12-15,437.11041259765625,185.2556915283203,8511.20703125,10333.25,406.2821350097656,33462.96875,1042.8065185546875
2017-12-18,438.39361572265625,184.2754669189453,8644.1787109375,10388.75,406.8342590332031,33601.6796875,1057.1033935546875
2017-12-19,439.6885986328125,185.01063537597656,9101.4091796875,10463.2001953125,409.0208740234375,33836.73828125,1054.9730224609375
2017-12-20,435.8738403320313,184.3455352783203,9038.63671875,10444.2001953125,405.5752868652344,33777.37890625,1060.5645751953125
2017-12-21,435.9088134765625,184.1704864501953,8943.1318359375,10440.2998046875,403.2783203125,33756.28125,1063.330078125
2017-12-22,437.8570251464844,184.2055206298828,9007.1572265625,10493.0,406.5692138671875,33940.30078125,1084.242431640625
2017-12-26,435.9205017089844,184.94065856933597,8987.6572265625,10531.5,410.7214965820313,34010.609375,1085.3486328125
2017-12-27,433.2139587402344,183.54037475585935,8955.25,10490.75,408.049072265625,33911.80859375,1073.2432861328125
2017-12-28,438.1836853027344,183.33030700683597,8941.4150390625,10477.900390625,408.247802734375,33848.03125,1076.1317138671875
2017-12-29,436.8654174804688,184.3105010986328,9034.59765625,10530.7001953125,406.8563537597656,34056.828125,1106.548095703125
2018-01-01,432.6890563964844,183.64535522460935,8962.4931640625,10530.7001953125,401.8648071289063,33812.75,1083.7713623046875
2018-01-02,436.8537902832031,182.5601806640625,8871.6318359375,10442.2001953125,402.4832153320313,33812.26171875,1077.8726806640625
2018-01-03,432.2574157714844,182.84022521972656,8744.0,10443.2001953125,404.0955810546875,33793.37890625,1080.92431640625
2018-01-04,433.948974609375,183.1202850341797,8715.818359375,10504.7998046875,406.5250549316406,33969.640625,1088.4827880859375
2018-01-05,434.8121948242188,184.06546020507807,8760.017578125,10558.849609375,407.828125,34153.8515625,1101.632080078125
2018-01-08,434.11224365234375,185.955810546875,8774.0400390625,10623.599609375,410.1693420410156,34352.7890625,1111.9554443359375
2018-01-09,434.8355102539063,189.42149353027344,8713.310546875,10637.0,415.6468200683594,34443.19140625,1109.743408203125
2018-01-10,434.95220947265625,188.6163482666016,8706.16015625,10632.2001953125,416.2652282714844,34433.0703125,1149.725341796875
2018-01-11,436.9004821777344,188.89637756347656,8672.685546875,10651.2001953125,414.2332763671875,34503.48828125,1143.1297607421875
2018-01-12,435.2088623046875,187.32107543945312,8783.51171875,10681.25,419.2027282714844,34592.390625,1137.3331298828125
2018-01-15,442.780029296875,187.3560791015625,8690.0029296875,10741.5498046875,419.2689514160156,34843.51171875,1124.94140625
2018-01-16,443.3400573730469,183.2252960205078,8656.203125,10700.4501953125,407.6956787109375,34771.05078125,1167.852294921875
2018-01-17,441.0885009765625,186.27088928222656,8648.6357421875,10788.5498046875,408.3803405761719,35081.8203125,1183.4599609375
2018-01-18,451.307861328125,191.41685485839844,8699.5224609375,10817.0,406.260009765625,35260.2890625,1195.442138671875
2018-01-19,455.4842224121094,192.2220458984375,8657.9677734375,10894.7001953125,411.3840942382813,35511.578125,1212.2789306640625
2018-01-22,458.0857543945313,191.5919342041016,8645.10546875,10966.2001953125,429.1416931152344,35798.01171875,1279.661865234375
2018-01-23,455.2742614746094,193.6573181152344,8722.4560546875,11083.7001953125,434.33203125,36139.98046875,1273.7490234375
2018-01-24,456.755859375,197.05296325683597,8761.0390625,11086.0,426.8667907714844,36161.640625,1303.5599365234375
2018-01-25,460.792236328125,196.91293334960935,8615.4853515625,11069.650390625,426.66802978515625,36050.44140625,1281.5714111328125
2018-01-29,466.5552368164063,192.99215698242188,8942.80859375,11130.400390625,426.049560546875,36283.25,1313.51806640625
2018-01-30,465.5869445800781,192.67710876464844,8887.8818359375,11049.650390625,419.8211364746094,36033.73046875,1294.62890625
2018-01-31,467.96673583984375,190.01661682128903,8830.44921875,11027.7001953125,424.6360168457031,35965.01953125,1277.998779296875
2018-02-01,464.5719909667969,192.74713134765625,8730.3037109375,11016.900390625,416.9278259277344,35906.66015625,1288.777587890625
2018-02-02,454.5043029785156,192.7821350097656,8348.4287109375,10760.599609375,399.4794616699219,35066.75,1294.9576416015625
2018-02-05,446.5364685058594,195.51266479492188,8431.9990234375,10666.5498046875,398.5076293945313,34757.16015625,1274.2418212890625
2018-02-06,442.558349609375,191.48692321777344,8342.8564453125,10498.25,394.0682678222656,34195.94140625,1230.736572265625
2018-02-07,436.9587707519531,192.64208984375,8284.5419921875,10476.7001953125,395.0842590332031,34082.7109375,1213.407958984375
2018-02-08,438.86029052734375,191.90696716308597,8385.6630859375,10576.849609375,399.5677795410156,34413.16015625,1221.2718505859375
2018-02-09,431.5223693847656,189.98162841796875,8297.8203125,10454.9501953125,396.6081848144531,34005.76171875,1220.2451171875
2018-02-12,437.8570251464844,188.9314117431641,8466.5888671875,10539.75,404.4047546386719,34300.46875,1218.4385986328125
2018-02-14,439.3735961914063,186.58596801757807,8358.6416015625,10500.900390625,412.4222106933594,34155.94921875,1195.6485595703125
2018-02-15,439.08197021484375,187.70616149902344,8375.958984375,10545.5,413.30560302734375,34297.46875,1201.41796875
2018-02-16,438.31195068359375,186.55093383789065,8205.7529296875,10452.2998046875,406.9668273925781,34010.76171875,1204.37451171875
2018-02-19,438.2186584472656,184.9056396484375,8101.65966796875,10378.400390625,409.4846801757813,33774.66015625,1200.4937744140625
2018-02-20,434.7188720703125,184.3105010986328,8099.6171875,10360.400390625,406.87835693359375,33703.58984375,1209.178466796875
2018-02-21,433.3656921386719,187.77618408203125,8155.42431640625,10397.4501953125,410.5227355957031,33844.859375,1249.23486328125
2018-02-22,432.3857116699219,187.00604248046875,8017.34423828125,10382.7001953125,408.3140869140625,33819.5,1252.4788818359375
2018-02-23,438.7669677734375,188.37130737304688,8077.4697265625,10491.0498046875,412.6872253417969,34142.1484375,1262.99072265625
2018-02-26,445.9998474121094,186.6209716796875,8362.1240234375,10582.599609375,414.6529541015625,34445.75,1244.88232421875
2018-02-27,443.8999938964844,186.51596069335935,8256.1279296875,10554.2998046875,419.8653259277344,34346.390625,1249.2554931640625
2018-02-28,439.61859130859375,185.5707550048828,8218.7529296875,10492.849609375,421.6543273925781,34184.0390625,1246.257568359375
2018-03-01,437.3204345703125,184.8355865478516,8239.646484375,10458.349609375,418.9376831054688,34046.94140625,1247.3460693359375
2018-03-05,436.2937622070313,182.21011352539065,8166.892578125,10358.849609375,408.2037048339844,33746.78125,1275.3299560546875
2018-03-06,430.7641296386719,179.58460998535156,8001.04931640625,10249.25,402.3507080078125,33317.19921875,1249.440185546875
2018-03-07,427.5793762207031,181.96505737304688,8059.17626953125,10154.2001953125,393.03021240234375,33033.08984375,1243.1373291015625
2018-03-08,432.3040466308594,181.22991943359372,8105.837890625,10242.650390625,402.6157531738281,33351.5703125,1233.48779296875
2018-03-09,431.8840942382813,181.50994873046875,8041.998046875,10226.849609375,403.3446044921875,33307.140625,1245.86767578125
2018-03-12,435.663818359375,189.1064453125,8181.005859375,10421.400390625,410.94232177734375,33917.94140625,1253.279296875
2018-03-13,434.0306091308594,188.6513671875,8130.630859375,10426.849609375,411.6270446777344,33856.78125,1185.3834228515625
2018-03-14,435.022216796875,187.671142578125,8214.435546875,10410.900390625,410.3902587890625,33835.73828125,1185.4239501953125
2018-03-15,438.8253173828125,185.9208068847656,8206.3095703125,10360.150390625,402.7703247070313,33685.5390625,1178.3614501953125
2018-03-16,432.3390197753906,182.38511657714844,8056.81005859375,10195.150390625,397.58001708984375,33176.0,1160.2940673828125
2018-03-19,430.99749755859375,181.43994140625,8146.8349609375,10094.25,395.5701293945313,32923.12109375,1162.4703369140625
2018-03-20,429.1892395019531,181.47494506835935,8173.67138671875,10124.349609375,393.0523071289063,32996.76171875,1176.369873046875
2018-03-21,433.7156066894531,181.3699493408203,8240.759765625,10155.25,396.1885681152344,33136.1796875,1173.0435791015625
2018-03-22,435.7804870605469,180.8448638916016,8075.3818359375,10114.75,401.1580505371094,33006.26953125,1162.6143798828125
2018-03-23,429.6675720214844,179.2344970703125,7992.46044921875,9998.0498046875,394.86334228515625,32596.5390625,1157.19384765625
2018-03-26,441.7767028808594,180.704833984375,8139.2197265625,10130.650390625,398.0438232421875,33066.41015625,1156.7216796875
2018-03-27,441.5784301757813,181.264892578125,8220.005859375,10184.150390625,397.4695739746094,33174.390625,1169.3277587890625
2018-03-28,440.0618896484375,178.8844757080078,8228.17578125,10113.7001953125,389.9159851074219,32968.6796875,1169.9229736328125
2018-04-02,450.5845336914063,180.8098297119141,8364.7705078125,10211.7998046875,394.4436950683594,33255.359375,1194.765869140625
2018-04-03,447.0148315429688,180.98487854003903,8381.716796875,10245.0,397.3591613769531,33370.62890625,1195.422607421875
2018-04-04,439.39691162109375,181.05490112304688,8369.6923828125,10128.400390625,395.30511474609375,33019.0703125,1195.2791748046875
2018-04-05,445.3815307617188,181.7900238037109,8480.2861328125,10325.150390625,401.1800842285156,33596.80078125,1214.5985107421875
2018-04-06,448.76470947265625,182.63018798828125,8548.626953125,10331.599609375,402.4169616699219,33626.96875,1211.457275390625
2018-04-09,452.4161071777344,186.0958404541016,8628.904296875,10379.349609375,404.6255798339844,33788.5390625,1200.616943359375
2018-04-10,448.1697387695313,186.7259979248047,8611.0751953125,10402.25,405.0894470214844,33880.25,1206.24267578125
2018-04-11,447.70306396484375,185.6407623291016,8638.0498046875,10417.150390625,411.1852722167969,33940.44140625,1237.67578125
2018-04-12,450.0245971679688,183.40032958984372,8547.0029296875,10458.650390625,410.2356262207031,34101.12890625,1289.0445556640625
2018-04-13,449.137939453125,182.5601806640625,8472.251953125,10480.599609375,414.71917724609375,34192.6484375,1294.813720703125
2018-04-16,453.1277160644531,185.15066528320312,8572.5859375,10528.349609375,413.9240417480469,34305.4296875,1308.9183349609375
2018-04-17,454.6209716796875,187.3560791015625,8506.0517578125,10548.7001953125,417.1045227050781,34395.05859375,1300.275146484375
2018-04-18,450.9111328125,192.7821350097656,8469.9775390625,10526.2001953125,414.3437194824219,34331.6796875,1297.195556640625
2018-04-19,452.4043884277344,194.18240356445312,8429.2607421875,10565.2998046875,416.2431640625,34427.2890625,1310.355712890625
2018-04-20,456.3475341796875,193.3772735595703,8380.37109375,10564.0498046875,409.8822021484375,34415.578125,1397.1201171875
2018-04-23,451.6461486816406,192.8871612548828,8417.375,10584.7001953125,413.4602355957031,34450.76953125,1399.66650390625
2018-04-24,451.47119140625,193.2372283935547,8417.189453125,10614.349609375,428.5011596679688,34616.640625,1390.221923828125
2018-04-25,448.1463928222656,191.90696716308597,8296.427734375,10570.5498046875,428.6999816894531,34501.26953125,1424.960693359375
2018-04-26,450.3629150390625,194.81251525878903,8307.4326171875,10617.7998046875,430.8423461914063,34713.6015625,1453.2933349609375
2018-04-27,448.76470947265625,195.6176605224609,8155.97998046875,10692.2998046875,440.09661865234375,34969.69921875,1417.446044921875
2018-04-30,453.6410217285156,197.05296325683597,8185.32470703125,10739.349609375,425.51947021484375,35160.359375,1450.3575439453125
2018-05-02,459.5206298828125,201.11373901367188,8119.9052734375,10718.0498046875,429.6717834472656,35176.421875,1437.073486328125
2018-05-03,459.1473388671875,199.5384521484375,8130.5380859375,10679.650390625,424.7685852050781,35103.140625,1429.7237548828125
2018-05-04,463.9536743164063,194.0423583984375,8058.34130859375,10618.25,421.3893432617188,34915.37890625,1429.27197265625
2018-05-07,461.3638916015625,197.6130828857422,8119.16259765625,10715.5,428.9208068847656,35208.140625,1404.716796875
2018-05-08,458.9490051269531,197.9281311035156,8148.41455078125,10717.7998046875,427.1980590820313,35216.3203125,1413.03173828125
2018-05-09,461.59716796875,197.64810180664065,8095.62451171875,10741.7001953125,431.4386901855469,35319.3515625,1432.7828369140625
2018-05-10,464.9336242675781,196.1427764892578,8083.1806640625,10716.5498046875,433.4044189453125,35246.26953125,1417.1588134765625
2018-05-11,469.37835693359375,198.59323120117188,8125.29248046875,10806.5,436.9823913574219,35535.7890625,1419.4990234375
2018-05-14,471.7115478515625,199.39840698242188,8085.0849609375,10806.599609375,435.8118286132813,35556.7109375,1409.890869140625
2018-05-15,475.4563293457031,197.33302307128903,8103.28564453125,10801.849609375,432.4326171875,35543.94140625,1429.9495849609375
2018-05-16,472.0848388671875,200.133544921875,8074.49853515625,10741.099609375,422.3611145019531,35387.87890625,1434.671875
2018-05-17,473.1114196777344,195.3026123046875,8076.26416015625,10682.7001953125,417.5903930664063,35149.12109375,1433.8095703125
2018-05-18,469.4716796875,197.64810180664065,7903.0380859375,10596.400390625,412.5105285644531,34848.30078125,1438.018310546875
2018-05-21,465.0153198242188,197.68310546875,7826.47705078125,10516.7001953125,411.40625,34616.12890625,1460.47900390625
2018-05-22,464.2803649902344,195.1625823974609,7949.1884765625,10536.7001953125,409.374267578125,34651.23828125,1440.8309326171875
2018-05-23,459.0539855957031,191.45187377929688,7890.4560546875,10430.349609375,402.9691467285156,34344.91015625,1435.1644287109375
2018-05-24,463.3703918457031,192.4320831298828,7809.9951171875,10513.849609375,404.559326171875,34663.109375,1479.7576904296875
2018-05-25,468.6666870117188,194.43019104003903,7937.5810546875,10605.150390625,406.7459411621094,34924.87109375,1472.4075927734375
2018-05-28,476.4828796386719,196.5722503662109,8087.21875,10688.650390625,406.5692138671875,35165.48046875,1438.018310546875
2018-05-29,474.2430419921875,195.6797332763672,8092.4208984375,10633.2998046875,405.2661743164063,34949.23828125,1446.8262939453125
2018-05-30,477.9178466796875,194.14454650878903,7974.76953125,10614.349609375,404.6697692871094,34906.109375,1442.9661865234375
2018-05-31,502.3613586425781,193.96603393554688,7927.41259765625,10736.150390625,406.9888916015625,35322.37890625,1441.7242431640625
2018-06-01,495.587158203125,192.752197265625,8179.65966796875,10696.2001953125,411.0528259277344,35227.26171875,1434.6025390625
2018-06-04,480.4655151367188,192.00245666503903,8124.8740234375,10628.5,415.6026306152344,35011.890625,1444.3740234375
2018-06-05,484.55120849609375,191.0028381347656,8181.099609375,10593.150390625,418.60638427734375,34903.2109375,1425.617919921875
2018-06-06,483.0835571289063,193.07351684570312,8210.7666015625,10684.650390625,421.5880737304688,35178.87890625,1429.0545654296875
2018-06-07,484.2223815917969,193.53759765625,8274.7451171875,10768.349609375,429.0754089355469,35463.078125,1437.1697998046875
2018-06-08,481.20513916015625,191.28846740722656,8294.431640625,10767.650390625,434.8179321289063,35443.671875,1446.733642578125
2018-06-11,479.5497131347656,192.2523956298828,8378.1904296875,10786.9501953125,434.0670471191406,35483.46875,1448.8870849609375
2018-06-12,479.9136657714844,192.9663848876953,8372.7109375,10842.849609375,440.4720764160156,35692.51953125,1474.8055419921875
2018-06-13,477.0020751953125,191.2527313232422,8326.8388671875,10856.7001953125,442.8353576660156,35739.16015625,1510.4959716796875
2018-06-14,478.3991394042969,190.82432556152344,8318.15625,10808.0498046875,445.2427978515625,35599.8203125,1480.2298583984375
2018-06-15,476.5676574707031,188.86073303222656,8312.212890625,10817.7001953125,448.0035705566406,35622.140625,1523.703857421875
2018-06-18,474.1139221191406,188.89645385742188,8332.5029296875,10799.849609375,448.5999450683594,35548.26171875,1514.5537109375
2018-06-19,475.1353149414063,189.96749877929688,8229.5703125,10710.4501953125,439.9862060546875,35286.73828125,1510.8270263671875
2018-06-20,482.80181884765625,188.3252716064453,8309.1484375,10772.0498046875,450.2343444824219,35547.328125,1509.129638671875
2018-06-21,483.1423034667969,186.2545318603516,8229.9892578125,10741.099609375,455.8443603515625,35432.390625,1506.5625
2018-06-22,489.1886596679688,189.32485961914065,8240.9931640625,10821.849609375,447.252685546875,35689.6015625,1498.6541748046875
2018-06-25,491.9123840332031,187.5041046142578,8164.9423828125,10762.4501953125,443.69671630859375,35470.3515625,1506.47998046875
2018-06-26,491.618896484375,189.074951171875,8293.41015625,10769.150390625,432.4326171875,35490.0390625,1533.599365234375
2018-06-27,496.0567932128906,187.6112060546875,8262.71875,10671.400390625,429.4978942871094,35217.109375,1538.56787109375
2018-06-28,500.3420715332031,186.00460815429688,8144.79150390625,10589.099609375,420.2040100097656,35037.640625,1525.8978271484375
2018-06-29,495.0823364257813,190.07460021972656,8195.2119140625,10714.2998046875,432.4328002929688,35423.48046875,1530.0797119140625
2018-07-02,486.8170776367188,187.82540893554688,8190.98828125,10657.2998046875,427.1632995605469,35264.41015625,1533.06103515625
2018-07-03,486.1009216308594,189.5390625,8334.08203125,10699.900390625,431.9214172363281,35378.6015625,1551.858642578125
2018-07-04,493.93170166015625,188.789306640625,8562.185546875,10769.900390625,440.2815246582031,35645.3984375,1545.316650390625
2018-07-05,498.6748962402344,194.572998046875,8679.4189453125,10749.75,428.8975524902344,35574.55078125,1557.0340576171875
2018-07-06,496.655517578125,194.6800842285156,8651.9794921875,10772.650390625,434.70068359375,35657.859375,1584.0706787109375
2018-07-09,499.1209411621094,195.9296112060547,8705.279296875,10852.900390625,443.3942260742188,35934.71875,1559.2694091796875
2018-07-10,503.9933471679688,197.82180786132807,8850.23046875,10947.25,456.11224365234375,36239.62109375,1552.727783203125
2018-07-11,504.427734375,196.89358520507807,8714.3779296875,10948.2998046875,461.9375915527344,36265.9296875,1639.51025390625
2018-07-12,508.583740234375,197.92892456054688,8679.37109375,11023.2001953125,481.3035583496094,36548.41015625,1632.4302978515625
2018-07-13,512.09423828125,193.07351684570312,8757.4169921875,11018.900390625,489.0632934570313,36541.62890625,1640.5037841796875
2018-07-16,509.2647705078125,193.93035888671875,8714.935546875,10936.849609375,478.56878662109375,36323.76953125,1647.2113037109375
2018-07-17,511.1197204589844,192.68081665039065,8770.7431640625,11008.0498046875,485.75042724609375,36519.9609375,1661.2755126953125
2018-07-18,510.9905395507813,191.75254821777344,8697.7568359375,10980.4501953125,485.8393859863281,36373.44140625,1659.698974609375
2018-07-19,513.3153076171875,195.14419555664065,8718.46484375,10957.099609375,491.3089294433594,36351.23046875,1644.05859375
2018-07-20,514.0079956054688,195.64404296875,8727.6103515625,11010.2001953125,501.8924865722656,36496.37109375,1656.6705322265625
2018-07-23,506.3531188964844,202.8914031982422,9008.0859375,11084.75,498.1793212890625,36718.6015625,1664.1796875
2018-07-24,507.1279602050781,203.96246337890625,9130.146484375,11134.2998046875,494.0215148925781,36825.1015625,1658.661865234375
2018-07-25,509.6170043945313,204.3194732666016,9061.8974609375,11132.0,495.8891906738281,36858.23046875,1644.1414794921875
2018-07-26,514.8413696289062,205.06919860839844,8725.1044921875,11167.2998046875,493.8881530761719,36984.640625,1630.2017822265625
2018-07-27,517.0838623046875,216.0295562744141,8645.3857421875,11278.349609375,502.4261169433594,37336.8515625,1612.8184814453125
2018-07-30,509.5113525390625,214.95851135253903,8711.77734375,11319.5498046875,512.0090942382812,37494.3984375,1613.5238037109375
2018-07-31,511.7654724121094,212.5665435791016,8840.5244140625,11356.5,527.39501953125,37606.578125,1609.8729248046875
2018-08-01,506.8814086914063,215.3512115478516,8674.3564453125,11346.2001953125,530.2188110351562,37521.62109375,1639.9925537109375
2018-08-02,500.1894226074219,213.6375732421875,8489.3857421875,11244.7001953125,519.5464477539062,37165.16015625,1616.6768798828125
2018-08-03,498.1817626953125,217.0292205810547,8530.80078125,11360.7998046875,523.3707275390625,37556.16015625,1642.4404296875
2018-08-06,496.4559326171875,215.4940490722656,8623.099609375,11387.099609375,530.3300170898438,37691.890625,1639.20458984375
2018-08-07,500.3536987304688,214.9942169189453,8739.265625,11389.4501953125,526.5946044921875,37665.80078125,1632.400390625
2018-08-08,501.6335144042969,214.8871154785156,8549.744140625,11450.0,541.491455078125,37887.55859375,1637.9183349609375
2018-08-09,497.442138671875,215.9938507080078,8492.7744140625,11470.7001953125,541.602783203125,38024.37109375,1638.208740234375
2018-08-10,496.4911193847656,217.6361389160156,8494.818359375,11429.5,535.4883422851562,37869.23046875,1653.7666015625
2018-08-13,491.1374816894531,218.4572296142578,8432.2314453125,11355.75,528.1510620117188,37644.8984375,1659.6163330078125
2018-08-14,490.5387878417969,219.8495941162109,8555.6591796875,11435.099609375,538.3343505859375,37852.0,1662.4373779296875
2018-08-16,487.3923645019531,219.5282745361328,8619.3154296875,11385.0498046875,533.976318359375,37663.55859375,1666.5445556640625
2018-08-17,487.7798461914063,224.02667236328125,8573.92578125,11470.75,535.2882690429688,37947.87890625,1670.07080078125
2018-08-20,492.2058715820313,223.70538330078125,8501.087890625,11551.75,549.1400756835938,38278.75,1667.7476806640625
2018-08-21,492.1706848144531,223.4197540283203,8537.578125,11570.900390625,554.6096801757812,38285.75,1674.136474609375
2018-08-23,488.3785095214844,222.7771148681641,8640.6298828125,11582.75,564.5039672851562,38336.76171875,1688.6156005859375
2018-08-24,486.0187377929688,221.6346435546875,8584.8876953125,11557.099609375,568.0836181640625,38251.80078125,1695.1708984375
2018-08-27,488.5076599121094,223.7767791748047,8661.1923828125,11691.9501953125,574.3092041015625,38694.109375,1701.7255859375
2018-08-28,491.8889465332031,222.52720642089844,8832.3525390625,11738.5,586.5380249023438,38896.62890625,1716.909912109375
2018-08-29,488.0498046875,223.348388671875,8776.2802734375,11691.900390625,575.5098266601562,38722.9296875,1719.2332763671875
2018-08-30,485.1382141113281,228.3823089599609,8624.2353515625,11676.7998046875,566.7273559570312,38690.1015625,1727.8626708984375
2018-08-31,483.9875793457031,228.3823089599609,8521.74609375,11680.5,552.1417846679688,38645.0703125,1724.543701171875
2018-09-03,487.2397155761719,223.63394165039065,8339.767578125,11582.349609375,546.5831909179688,38312.51953125,1703.38525390625
2018-09-04,481.7804260253906,221.0634307861328,8308.2431640625,11520.2998046875,552.275146484375,38157.921875,1741.5535888671875
2018-09-05,480.3833312988281,221.527587890625,8334.0986328125,11476.9501953125,545.6270751953125,38018.30859375,1725.2490234375
2018-09-06,481.8742980957031,221.92030334472656,8206.45703125,11536.900390625,560.9241943359375,38242.80859375,1721.9715576171875
2018-09-07,482.9896240234375,221.6703948974609,8168.37548828125,11589.099609375,568.57275390625,38389.8203125,1725.746826171875
2018-09-10,479.27972412109375,218.88568115234372,8093.61669921875,11438.099609375,558.4561767578125,37922.171875,1726.4935302734375
2018-09-11,469.7112426757813,212.20950317382807,7978.9951171875,11287.5,550.3851928710938,37413.12890625,1697.8677978515625
2018-09-12,472.39984130859375,219.06419372558597,7957.35498046875,11369.900390625,556.9666137695312,37717.9609375,1695.958984375
2018-09-14,476.5676574707031,219.3141021728516,8081.71826171875,11515.2001953125,557.255615234375,38090.640625,1713.757080078125
2018-09-17,467.7857971191406,215.6368560791016,7998.43408203125,11377.75,545.1378784179688,37585.51171875,1721.0172119140625
2018-09-18,467.0813903808594,216.5293731689453,7868.54443359375,11278.900390625,541.2469482421875,37290.671875,1718.1961669921875
2018-09-19,460.5419616699219,213.9588623046875,7691.669921875,11234.349609375,538.4010009765625,37121.21875,1724.1287841796875
2018-09-21,462.6317443847656,217.0292205810547,7532.22265625,11143.099609375,541.4025268554688,36841.6015625,1745.0802001953125
2018-09-24,452.1710205078125,212.7450256347656,7300.73291015625,10967.400390625,547.872802734375,36305.01953125,1824.154541015625
2018-09-25,458.4404296875,215.02993774414065,7494.09375,11067.4501953125,547.2279052734375,36652.05859375,1811.501220703125
2018-09-26,462.1503601074219,209.3176727294922,7347.1064453125,11053.7998046875,556.477294921875,36542.26953125,1777.440185546875
2018-09-27,464.0171508789063,209.42481994628903,7075.89501953125,10977.5498046875,557.5224609375,36324.171875,1816.1895751953125
2018-09-28,471.0378723144531,212.6022491455078,6883.75244140625,10930.4501953125,559.3900146484375,36227.140625,1811.91552734375
2018-10-01,477.9412536621094,212.1380920410156,6992.423828125,11008.2998046875,547.7171630859375,36526.140625,1871.53271484375
2018-10-03,476.9316711425781,210.7814483642578,6788.2421875,10858.25,535.8884887695312,35975.62890625,1794.6158447265625
2018-10-04,459.6966857910156,204.997802734375,6743.97705078125,10599.25,499.0464477539063,35169.16015625,1713.25927734375
2018-10-05,461.469482421875,197.4291076660156,6468.1767578125,10316.4501953125,466.40667724609375,34376.98828125,1744.6651611328125
2018-10-08,456.7028503417969,195.0728302001953,6454.49853515625,10348.0498046875,493.332275390625,34474.37890625,1723.8389892578125
2018-10-09,455.6697387695313,191.71685791015625,6276.220703125,10301.0498046875,484.7276306152344,34299.46875,1735.6627197265625
2018-10-10,461.9038696289063,192.85931396484372,6544.52685546875,10460.099609375,490.0860900878906,34760.890625,1695.6685791015625
2018-10-11,454.95355224609375,189.36053466796875,6441.1484375,10234.650390625,483.7271118164063,34001.1484375,1642.855224609375
2018-10-12,465.3555603027344,196.50083923339844,6826.83984375,10472.5,500.9585876464844,34733.578125,1591.7017822265625
2018-10-15,471.507568359375,201.7132873535156,6728.28564453125,10512.5,506.8284606933594,34865.1015625,1617.5892333984375
2018-10-16,467.91497802734375,201.8203887939453,6699.150390625,10584.75,517.5230712890625,35162.48046875,1628.21044921875
2018-10-17,463.6531982421875,204.53369140625,6450.60986328125,10453.0498046875,511.9645385742188,34779.578125,1600.91162109375
2018-10-19,462.0447387695313,206.6757659912109,6329.619140625,10303.5498046875,489.7303466796875,34315.62890625,1587.4697265625
2018-10-22,469.3590393066406,205.9974822998047,6381.8466796875,10245.25,472.5433349609375,34134.37890625,1579.00634765625
2018-10-23,466.05999755859375,204.21237182617188,6343.5302734375,10146.7998046875,469.0080871582031,33847.23046875,1532.9830322265625
2018-10-24,467.7975463867188,205.4619140625,6340.720703125,10224.75,465.0281066894531,34033.9609375,1537.0159912109375
2018-10-25,462.2912902832031,205.31912231445312,6298.47021484375,10124.900390625,458.3800964355469,33690.08984375,1540.7578125
2018-10-26,460.5067443847656,200.57080078125,6292.94189453125,10030.0,464.6501159667969,33349.30859375,1495.9400634765625
2018-10-29,452.31195068359375,202.42730712890625,6369.2001953125,10250.849609375,483.7271118164063,34067.3984375,1555.724853515625
2018-10-30,449.1302795410156,199.17845153808597,6273.9248046875,10198.400390625,470.0309143066406,33891.12890625,1575.51416015625
2018-10-31,448.89544677734375,199.9995880126953,6198.416015625,10386.599609375,471.9207458496094,34442.05078125,1611.5595703125
2018-11-01,449.0010986328125,198.0717315673828,6287.74267578125,10380.4501953125,469.69732666015625,34431.96875,1609.56396484375
2018-11-02,457.7477416992188,202.24884033203125,6684.67578125,10553.0,477.9906921386719,35011.6484375,1591.021484375
2018-11-05,459.2857666015625,199.642578125,6723.83544921875,10524.0,484.83880615234375,34950.921875,1572.2296142578125
2018-11-06,457.0668029785156,198.0003204345703,6628.0458984375,10530.0,490.9754638671875,34991.91015625,1607.0277099609375
2018-11-07,459.7436218261719,199.96392822265625,6677.603515625,10598.400390625,493.9103088378906,35237.6796875,1614.8856201171875
2018-11-09,456.7967834472656,197.96463012695312,6823.373046875,10585.2001953125,486.2395629882813,35158.55078125,1587.4873046875
2018-11-12,451.0791931152344,195.53692626953125,6640.03662109375,10482.2001953125,480.258544921875,34812.98828125,1592.1859130859375
2018-11-13,452.65234375,197.6790008544922,6698.72900390625,10582.5,488.9076843261719,35144.48828125,1608.8984375
2018-11-14,459.6966857910156,197.39337158203125,6903.51904296875,10576.2998046875,488.24066162109375,35141.98828125,1563.74853515625
2018-11-15,463.7823486328125,196.00100708007807,7005.8671875,10616.7001953125,487.7514953613281,35260.5390625,1557.262451171875
2018-11-16,470.6270446777344,197.4647979736328,6877.4287109375,10682.2001953125,501.3366088867188,35457.16015625,1568.696044921875
2018-11-19,472.8811950683594,203.14132690429688,6943.42724609375,10763.400390625,511.3864440917969,35774.87890625,1581.8751220703125
2018-11-20,472.5407104492188,202.67721557617188,6870.63623046875,10656.2001953125,505.7834167480469,35474.51171875,1561.7530517578125
2018-11-21,474.0199890136719,201.17776489257807,6955.4658203125,10600.0498046875,494.888671875,35199.80078125,1506.66650390625
2018-11-22,470.9087524414063,200.2852020263672,6942.912109375,10526.75,490.4196166992188,34981.01953125,1507.1239013671875
2018-11-26,481.310791015625,203.96246337890625,7077.44091796875,10628.599609375,493.4878845214844,35354.078125,1535.0203857421875
2018-11-27,484.6450500488281,203.3912353515625,7164.47216796875,10685.599609375,501.6923522949219,35513.140625,1571.7305908203125
2018-11-28,490.5739440917969,201.49903869628903,7095.7080078125,10728.849609375,512.5648193359375,35716.94921875,1649.6002197265625
2018-11-29,500.3889770507813,205.31912231445312,7069.9931640625,10858.7001953125,519.6130981445312,36170.41015625,1630.1851806640625
2018-11-30,499.7784423828125,204.0695953369141,7177.5869140625,10876.75,519.190673828125,36194.30078125,1636.5872802734375
2018-12-03,496.22119140625,202.0345916748047,7288.46142578125,10883.75,514.254638671875,36241.0,1648.3529052734375
2018-12-04,489.7052307128906,201.2491607666016,7233.84375,10869.5,512.4091186523438,36134.30859375,1672.0086669921875
2018-12-05,492.9103698730469,196.6079559326172,7076.83154296875,10782.900390625,513.6766357421875,35884.41015625,1668.5999755859375
2018-12-06,492.4054870605469,194.96568298339844,6754.236328125,10601.150390625,499.6690673828125,35312.12890625,1656.917236328125
2018-12-07,494.88275146484375,195.6797332763672,6851.900390625,10693.7001953125,504.18255615234375,35673.25,1658.99609375
2018-12-10,490.4565734863281,193.10922241210935,6886.14111328125,10488.4501953125,484.8165588378906,34959.71875,1642.865234375
2018-12-11,483.6001586914063,196.14385986328125,6843.8427734375,10549.150390625,488.0627746582031,35150.01171875,1662.9873046875
2018-12-12,489.6465148925781,197.10777282714844,6999.82470703125,10737.599609375,493.8214416503906,35779.0703125,1676.9564208984375
2018-12-13,493.4034423828125,196.5722503662109,7185.9248046875,10791.5498046875,492.2872924804688,35929.640625,1648.51953125
2018-12-14,492.0885620117188,196.89358520507807,7178.1025390625,10805.4501953125,494.577392578125,35962.9296875,1654.46435546875
2018-12-17,500.1894226074219,199.82107543945312,7245.46044921875,10888.349609375,502.4482727050781,36270.0703125,1658.247802734375
2018-12-18,501.422119140625,198.60723876953125,7281.34130859375,10908.7001953125,505.3388366699219,36347.078125,1652.8846435546875
2018-12-19,498.60443115234375,202.3915863037109,7434.65185546875,10967.2998046875,505.5166320800781,36484.328125,1636.7537841796875
2018-12-20,501.8917236328125,201.8203887939453,7313.8486328125,10951.7001953125,501.8035583496094,36431.671875,1624.7801513671875
2018-12-21,495.71624755859375,197.6075897216797,7060.203125,10754.0,489.24114990234375,35742.0703125,1576.345703125
2018-12-24,488.5546875,197.07208251953125,7053.50390625,10663.5,484.3274230957031,35470.1484375,1595.2205810546875
2018-12-26,498.34613037109375,197.53619384765625,7090.93017578125,10729.849609375,488.4185180664063,35649.94140625,1570.857666015625
2018-12-27,494.2840270996094,200.46372985839844,7026.14990234375,10779.7998046875,498.1348571777344,35807.28125,1587.2801513671875
2018-12-28,498.4752502441406,201.53477478027344,7031.3955078125,10859.900390625,500.513916015625,36076.71875,1576.5537109375
2018-12-31,498.1935119628906,201.10633850097656,6993.87548828125,10862.5498046875,498.6017456054688,36068.328125,1574.059326171875
2019-01-01,504.3924865722656,201.8560791015625,7004.4619140625,10862.5498046875,498.4906005859375,36068.328125,1582.1661376953125
2019-01-02,499.7901611328125,200.35659790039065,6808.71240234375,10792.5,491.9982299804688,35891.51953125,1599.2117919921875
2019-01-03,495.8689270019531,199.1070556640625,6748.84912109375,10672.25,485.9282836914063,35513.7109375,1579.7958984375
2019-01-04,497.1956176757813,200.60655212402344,6777.46826171875,10727.349609375,488.5519104003906,35695.1015625,1560.5892333984375
2019-01-07,497.9469299316406,201.10633850097656,6896.9609375,10771.7998046875,491.2644653320313,35850.16015625,1578.091796875
2019-01-08,493.8025817871094,202.9628143310547,6969.517578125,10802.150390625,491.2200317382813,35980.9296875,1574.4747314453125
2019-01-09,497.0429992675781,207.35411071777344,7019.54541015625,10855.150390625,493.9326171875,36212.91015625,1568.986572265625
2019-01-10,495.0940246582031,206.7828826904297,6924.64453125,10821.599609375,492.4873962402344,36106.5,1570.3170166015625
2019-01-11,495.8923645019531,210.88853454589844,6858.03564453125,10794.9501953125,488.2851257324219,36009.83984375,1532.0687255859375
2019-01-14,493.4856567382813,210.13882446289065,6940.6640625,10737.599609375,487.7292785644531,35853.55859375,1507.705810546875
2019-01-15,498.2403869628906,211.745361328125,6890.4970703125,10886.7998046875,502.3371887207031,36318.328125,1553.063720703125
2019-01-16,497.8412780761719,209.96031188964844,6848.43408203125,10890.2998046875,505.1165161132813,36321.2890625,1555.0181884765625
2019-01-17,500.68255615234375,209.888916015625,6872.79052734375,10905.2001953125,504.4716796875,36374.078125,1578.4747314453125
2019-01-18,500.2011413574219,208.1038360595703,6893.11962890625,10906.9501953125,526.661376953125,36386.609375,1583.7659912109375
2019-01-21,504.404296875,206.99708557128903,6753.01708984375,10961.849609375,550.3851928710938,36578.9609375,1590.4735107421875
2019-01-22,501.51605224609375,206.88998413085935,6622.283203125,10922.75,549.2512817382812,36444.640625,1584.8074951171875
2019-01-23,494.3660888671875,198.0003204345703,6600.31494140625,10831.5,545.3157958984375,36108.46875,1562.8922119140625
2019-01-24,493.6265258789063,199.14276123046875,6595.81787109375,10849.7998046875,554.7208862304688,36195.1015625,1584.515869140625
2019-01-25,492.1589050292969,199.3570098876953,6101.923828125,10780.5498046875,554.0761108398438,36025.5390625,1600.555908203125
2019-01-28,489.3764343261719,196.17953491210935,6099.7216796875,10661.5498046875,546.7609252929688,35656.69921875,1629.0545654296875
2019-01-29,483.1423034667969,198.8214569091797,6114.6181640625,10652.2001953125,538.3565673828125,35592.5,1652.1776123046875
2019-01-30,477.76513671875,196.71507263183597,6134.5712890625,10651.7998046875,531.70849609375,35591.25,1651.052978515625
2019-01-31,488.3902587890625,198.9642639160156,6221.6025390625,10830.9501953125,545.69384765625,36256.69140625,1678.30078125
2019-02-01,490.855712890625,200.5351409912109,6522.46533203125,10893.650390625,555.8325805664062,36469.4296875,1691.50830078125
2019-02-04,494.2487487792969,197.85752868652344,6546.72900390625,10912.25,574.0424194335938,36582.73828125,1708.423828125
2019-02-05,496.3972778320313,195.7511138916016,6645.47021484375,10934.349609375,574.3313598632812,36616.80859375,1703.67431640625
2019-02-06,498.4166259765625,198.28591918945312,6729.5966796875,11062.4501953125,582.6470947265625,36975.23046875,1728.880859375
2019-02-07,497.1486206054688,200.14242553710935,6841.22021484375,11069.400390625,573.820068359375,36971.08984375,1735.6302490234375
2019-02-08,498.4166259765625,196.71507263183597,6683.55126953125,10943.599609375,568.1725463867188,36546.48046875,1717.71484375
2019-02-11,502.4083557128906,197.85752868652344,6724.44482421875,10888.7998046875,557.300048828125,36395.03125,1721.4644775390625
2019-02-12,500.0719909667969,196.5722503662109,6710.017578125,10831.400390625,558.7007446289062,36153.62109375,1709.5491943359375
2019-02-14,495.4931945800781,198.42872619628903,6574.177734375,10746.0498046875,544.3820190429688,35876.21875,1703.7158203125
2019-02-15,493.2508239746094,199.9995880126953,6492.251953125,10724.400390625,553.3869018554688,35808.94921875,1691.2999267578125
2019-02-18,490.7265930175781,196.14385986328125,6410.4208984375,10640.9501953125,542.5588989257812,35498.44140625,1641.8033447265625
2019-02-19,489.35302734375,197.0006866455078,6374.68017578125,10604.349609375,540.7800903320312,35352.609375,1587.223876953125
2019-02-20,495.0588684082031,196.9649810791016,6417.1650390625,10735.4501953125,548.8955688476562,35756.26171875,1595.514892578125
2019-02-21,496.8316040039063,196.39373779296875,6371.86962890625,10789.849609375,554.4762573242188,35898.3515625,1595.056396484375
2019-02-22,491.090576171875,195.85821533203125,6475.7177734375,10791.650390625,548.0061645507812,35871.48046875,1604.5977783203125
2019-02-25,499.0623168945313,197.5719146728516,6487.427734375,10880.099609375,547.9838256835938,36213.37890625,1654.177490234375
2019-02-26,495.5989074707031,196.71507263183597,6468.12890625,10835.2998046875,542.6254272460938,35973.7109375,1698.800048828125
2019-02-27,491.27838134765625,196.429443359375,6528.2734375,10806.650390625,544.0706787109375,35905.4296875,1714.9656982421875
2019-02-28,487.8267211914063,197.10777282714844,6398.24169921875,10792.5,547.4280395507812,35867.44140625,1652.7608642578125
2019-03-01,489.1886596679688,198.6429443359375,6497.029296875,10863.5,545.2046508789062,36063.80859375,1662.7186279296875
2019-03-05,494.765380859375,201.7490081787109,6668.09423828125,10987.4501953125,550.3629760742188,36442.5390625,1656.6357421875
2019-03-06,494.0960998535156,204.03387451171875,6611.08837890625,11053.0,562.4360961914062,36636.1015625,1666.21875
2019-03-07,499.3206481933594,207.139892578125,6584.998046875,11058.2001953125,564.8596801757812,36725.421875,1677.6343994140625
2019-03-08,499.7197570800781,208.4965362548828,6527.5234375,11035.400390625,563.458984375,36671.4296875,1685.46728515625
2019-03-11,499.7784423828125,209.1748962402344,6634.509765625,11168.0498046875,579.9122314453125,37054.1015625,1678.88427734375
2019-03-12,509.7696228027344,210.28163146972656,6705.052734375,11301.2001953125,592.0298461914062,37535.66015625,1676.92578125
2019-03-13,522.8132934570312,210.5672607421875,6643.08056640625,11341.7001953125,599.1226806640625,37752.171875,1666.968505859375
2019-03-14,522.3905639648438,210.99563598632807,6638.6318359375,11343.25,596.5656127929688,37754.890625,1656.0523681640625
2019-03-15,529.02392578125,207.63970947265625,6636.4765625,11426.849609375,587.7164916992188,38024.3203125,1699.841064453125
2019-03-18,531.008056640625,209.60324096679688,6458.4794921875,11462.2001953125,600.3455810546875,38095.0703125,1685.550537109375
2019-03-19,532.4873657226562,213.8160552978516,6394.0263671875,11532.400390625,612.1295776367188,38363.46875,1685.550537109375
2019-03-20,539.8251953125,213.42335510253903,6251.9560546875,11521.0498046875,611.6404418945312,38386.75,1679.0926513671875
2019-03-22,534.4596557617188,212.92352294921875,6138.7412109375,11456.900390625,596.6546630859375,38164.609375,1671.2598876953125
2019-03-25,535.6689453125,210.67437744140625,6110.5419921875,11354.25,588.9615478515625,37808.91015625,1653.427490234375
2019-03-26,542.7250366210938,209.4961395263672,6169.65673828125,11483.25,607.9940795898438,38233.41015625,1652.0947265625
2019-03-27,539.9307250976562,209.28201293945312,6106.232421875,11445.0498046875,599.9896850585938,38132.87890625,1639.8035888671875
2019-03-28,540.7174682617188,214.2087860107422,6179.5390625,11570.0,604.7700805664062,38545.71875,1666.8013916015625
2019-04-01,542.8307495117188,212.2451934814453,6408.546875,11669.150390625,618.9332275390625,38871.87109375,1692.9246826171875
2019-04-02,538.8505859375,212.70932006835935,6454.451171875,11713.2001953125,617.9771728515625,39056.6484375,1732.630615234375
2019-04-03,538.357421875,211.45977783203125,6626.07763671875,11643.9501953125,611.529296875,38877.12109375,1732.630615234375
2019-04-04,536.2911987304688,210.49581909179688,6663.73876953125,11598.0,601.679443359375,38684.71875,1678.63427734375
2019-04-05,541.3748779296875,210.3173370361328,6658.67919921875,11665.9501953125,602.057373046875,38862.23046875,1706.799072265625
2019-04-08,537.5709838867188,209.0320587158203,6679.0556640625,11604.5,591.0960693359375,38700.53125,1725.5059814453125
2019-04-09,537.0661010742188,211.56689453125,6760.65283203125,11671.9501953125,593.4083251953125,38939.21875,1742.7967529296875
2019-04-10,525.3491821289062,210.4244384765625,6732.3603515625,11584.2998046875,592.0520629882812,38585.3515625,1700.091064453125
2019-04-11,530.0805053710938,211.6382598876953,6733.76611328125,11596.7001953125,598.9003295898438,38607.01171875,1682.8004150390625
2019-04-12,531.900390625,218.31446838378903,6878.97412109375,11643.4501953125,597.2548828125,38767.109375,1678.63427734375
2019-04-15,537.4300537109375,218.13597106933597,6888.0146484375,11690.349609375,595.9430541992188,38905.83984375,1760.9620361328125
2019-04-16,541.245849609375,219.34979248046875,6987.3642578125,11787.150390625,597.5438232421875,39275.640625,1776.377685546875
2019-04-18,538.5687866210938,217.35047912597656,6976.96630859375,11752.7998046875,616.3096313476562,39140.28125,1791.5848388671875
2019-04-22,532.7103271484375,215.4940490722656,6858.73876953125,11594.4501953125,598.2554931640625,38645.1796875,1801.0841064453125
2019-04-23,527.2158203125,216.636474609375,6603.59423828125,11575.9501953125,606.4819946289062,38564.87890625,1795.7513427734375
2019-04-24,535.3051147460938,218.8142852783203,6573.4287109375,11726.150390625,617.8882446289062,39054.6796875,1819.416259765625
2019-04-25,531.4776611328125,217.17198181152344,6469.01904296875,11641.7998046875,610.2841796875,38730.859375,1829.040771484375
2019-04-26,535.5868530273438,217.4576416015625,6410.5615234375,11754.650390625,619.3555908203125,39067.328125,1865.3299560546875
2019-04-30,544.1572875976562,215.17269897460935,6245.2578125,11748.150390625,619.3555908203125,39031.55078125,1883.4954833984373
2019-05-02,553.1622924804688,217.7789459228516,6261.04296875,11724.75,624.8031005859375,38981.4296875,1846.0391845703125
2019-05-03,556.01513671875,217.24339294433597,6286.10400390625,11712.25,626.492919921875,38963.26171875,1776.5440673828125
2019-05-06,546.740234375,219.20700073242188,6285.775390625,11598.25,615.8426513671875,38600.33984375,1798.083984375
2019-05-07,545.307861328125,215.5654296875,6278.609375,11497.900390625,597.4328002929688,38276.62890625,1793.16796875
2019-05-08,541.7622680664062,214.67291259765625,6230.0341796875,11359.4501953125,577.8444213867188,37789.12890625,1793.9176025390625
2019-05-09,537.923095703125,214.1016540527344,6206.42724609375,11301.7998046875,558.72314453125,37558.91015625,1810.3336181640625
2019-05-10,539.238037109375,212.6022491455078,6212.65625,11278.900390625,556.3662719726562,37462.98828125,1779.7100830078125
2019-05-13,537.0543212890625,206.5686798095703,6130.35693359375,11148.2001953125,547.872802734375,37090.8203125,1773.836181640625
2019-05-14,537.2188110351562,210.1745147705078,6160.7568359375,11222.0498046875,560.5018310546875,37318.53125,1743.5050048828125
2019-05-15,536.9368896484375,212.1023712158203,6083.5146484375,11157.0,558.923095703125,37114.87890625,1746.046142578125
2019-05-16,542.5606689453125,210.4601287841797,6070.30517578125,11257.099609375,562.6807250976562,37393.48046875,1757.1705322265625
2019-05-17,554.6415405273438,215.20838928222656,6283.15234375,11407.150390625,563.5923461914062,37930.76953125,1746.087890625
2019-05-20,571.136962890625,219.20700073242188,6637.0380859375,11828.25,589.6062622070312,39352.671875,1786.501708984375
2019-05-21,564.4095458984375,218.42156982421875,6441.0078125,11709.099609375,595.787353515625,38969.80078125,1758.00390625
2019-05-22,564.8909912109375,218.29153442382807,6463.91259765625,11737.900390625,596.05419921875,39110.2109375,1734.67236328125
2019-05-23,547.5972900390625,209.8802947998047,6491.5029296875,11657.0498046875,593.1638793945312,38811.390625,1711.590087890625
2019-05-24,557.2831420898438,211.51885986328125,6645.04833984375,11844.099609375,594.4756469726562,39434.71875,1706.549072265625
2019-05-27,565.50146484375,211.81016540527344,6621.9091796875,11924.75,582.8248901367188,39683.2890625,1712.5067138671875
2019-05-28,567.3447265625,210.39007568359372,6608.98046875,11928.75,588.6502685546875,39749.73046875,1728.005615234375
2019-05-29,567.509033203125,209.8074493408203,6456.0908203125,11861.099609375,583.89208984375,39502.05078125,1756.1702880859375
2019-05-30,572.8275146484375,210.20803833007807,6433.8408203125,11945.900390625,591.3184204101562,39831.96875,1788.4600830078125
2019-05-31,569.4932250976562,202.85272216796875,6435.85546875,11922.7998046875,591.4962768554688,39714.19921875,1830.332275390625
2019-06-03,576.9484252929688,202.85272216796875,6579.23681640625,12088.5498046875,604.8590698242188,40267.62109375,1868.4547119140625
2019-06-04,575.8212890625,203.36251831054688,6606.310546875,12021.650390625,601.056884765625,40083.5390625,1833.845703125
2019-06-06,569.0236206054688,200.81362915039065,6547.197265625,11843.75,590.2511596679688,39529.71875,1819.5655517578125
2019-06-07,574.7293701171875,200.4495086669922,6509.30224609375,11870.650390625,584.7147827148438,39615.8984375,1832.7119140625
2019-06-10,572.9800415039062,203.4717254638672,6529.6318359375,11922.7001953125,586.604736328125,39784.51953125,1874.502685546875
2019-06-11,574.905517578125,203.7994384765625,6537.45361328125,11965.599609375,591.0514526367188,39950.4609375,1892.3951416015625
2019-06-12,569.8923950195312,203.8722686767578,6419.13232421875,11906.2001953125,592.3856201171875,39756.80859375,1899.1990966796875
2019-06-13,574.0367431640625,204.3456268310547,6356.08544921875,11914.0498046875,590.2066650390625,39741.359375,1893.486572265625
2019-06-14,571.7825927734375,202.48863220214844,6321.14111328125,11823.2998046875,585.8931884765625,39452.0703125,1893.82373046875
2019-06-17,568.7066040039062,200.26747131347656,6165.861328125,11672.150390625,570.2180786132812,38960.7890625,1889.37158203125
2019-06-18,567.5912475585938,200.34027099609372,6032.22412109375,11691.5,569.6400146484375,39046.33984375,1890.757080078125
2019-06-19,570.1976318359375,201.8695831298828,6018.77978515625,11691.4501953125,568.016845703125,39112.73828125,1898.35888671875
2019-06-20,573.2691040039062,201.7239532470703,6198.744140625,11831.75,576.643798828125,39601.62890625,1913.5213623046875
2019-06-21,570.3984375,199.72125244140625,6011.84765625,11724.099609375,568.9730834960938,39194.48828125,1889.917236328125
2019-06-24,571.2843627929688,201.1777801513672,6051.80322265625,11699.650390625,561.368896484375,39122.9609375,1911.4637451171875
2019-06-25,573.8243408203125,202.8163146972656,6110.44873046875,11796.4501953125,576.2435913085938,39434.94140625,1904.9954833984373
2019-06-26,583.0859985351562,202.01524353027344,6070.91455078125,11847.5498046875,575.4876708984375,39592.078125,1893.571044921875
2019-06-27,581.762939453125,199.17510986328125,6076.91064453125,11841.5498046875,566.5939331054688,39586.41015625,1892.1849365234373
2019-06-28,577.380126953125,199.4299774169922,6121.8310546875,11788.849609375,557.2332763671875,39394.640625,1870.8902587890625
2019-07-01,587.256103515625,200.2310485839844,6096.724609375,11865.599609375,564.2371826171875,39686.5,1881.264892578125
2019-07-02,589.4888916015625,199.4299774169922,6145.57958984375,11910.2998046875,568.5283813476562,39816.48046875,1891.8072509765625
2019-07-03,588.2247924804688,201.50547790527344,6121.03466796875,11916.75,570.3292846679688,39839.25,1879.668701171875
2019-07-04,586.8426513671875,202.19729614257807,6131.01220703125,11946.75,570.97412109375,39908.05859375,1883.8687744140625
2019-07-05,584.1491088867188,203.5081329345703,5958.21435546875,11811.150390625,561.7913208007812,39513.390625,1817.0457763671875
2019-07-08,569.3115844726562,202.05165100097656,5657.21240234375,11558.599609375,556.7664794921875,38720.5703125,1827.37744140625
2019-07-09,562.1173095703125,198.88381958007807,5569.85302734375,11555.900390625,569.23974609375,38730.8203125,1792.054931640625
2019-07-10,564.3853759765625,198.92022705078125,5553.41162109375,11498.900390625,568.6838989257812,38557.0390625,1770.9283447265625
2019-07-11,568.7327270507812,200.7408142089844,5650.1865234375,11582.900390625,569.8845825195312,38823.109375,1766.1822509765625
2019-07-12,565.6021728515625,200.30386352539065,5594.2109375,11552.5,569.417724609375,38736.23046875,1770.4246826171875
2019-07-15,565.8030395507812,197.3180389404297,5695.62255859375,11588.349609375,567.4610595703125,38896.7109375,1802.4290771484373
2019-07-16,564.9642333984375,198.04632568359372,5769.0224609375,11662.599609375,574.9761962890625,39131.0390625,1773.21240234375
2019-07-17,566.4408569335938,198.73812866210935,5691.875,11687.5,570.0180053710938,39215.640625,1782.6846923828125
2019-07-18,569.85498046875,198.8109588623047,5510.7392578125,11596.900390625,561.1243896484375,38897.4609375,1739.4908447265625
2019-07-19,561.2902221679688,195.38821411132807,5404.64404296875,11419.25,555.41015625,38337.01171875,1748.752685546875
2019-07-22,542.766845703125,192.5480194091797,5538.984375,11346.2001953125,569.417724609375,38031.12890625,1776.49609375
2019-07-23,534.792724609375,197.0995941162109,5502.68310546875,11331.0498046875,566.3271484375,37982.73828125,1778.6431884765625
2019-07-24,538.90380859375,197.2452545166016,5403.61328125,11271.2998046875,559.9014892578125,37847.6484375,1765.46630859375
2019-07-25,540.1207275390625,195.0604705810547,5393.07373046875,11252.150390625,547.628173828125,37830.98046875,1791.6517333984375
2019-07-26,538.0532836914062,196.9175262451172,5438.884765625,11284.2998046875,539.7572631835938,37882.7890625,1775.7806396484375
2019-07-29,530.2565307617188,194.98768615722656,5209.92431640625,11189.2001953125,538.4898681640625,37686.37109375,1793.4197998046875
2019-07-30,532.1348266601562,195.82516479492188,5159.2421875,11085.400390625,525.127197265625,37397.23828125,1834.8028564453125
2019-07-31,531.9930419921875,196.7718963623047,5124.15771484375,11118.0,518.612548828125,37481.12109375,1857.157470703125
2019-08-01,526.108642578125,194.842041015625,5220.5576171875,10980.0,524.838134765625,37018.3203125,1835.561279296875
2019-08-02,524.3446044921875,192.62088012695312,5329.931640625,10997.349609375,529.8226318359375,37118.21875,1856.8216552734373
2019-08-05,516.033203125,189.1981201171875,5312.13134765625,10862.599609375,511.4811401367188,36699.83984375,1893.279052734375
2019-08-06,518.365478515625,188.54269409179688,5464.7880859375,10948.25,504.7485046386719,36976.8515625,1864.904052734375
2019-08-07,517.1578979492188,184.71942138671875,5410.17138671875,10855.5,496.2934875488281,36690.5,1863.683349609375
2019-08-08,528.7962646484375,187.70523071289065,5529.3818359375,11032.4501953125,515.5072631835938,37327.359375,1901.2779541015625
2019-08-09,540.3636474609375,185.11996459960935,5714.5458984375,11109.650390625,519.8690795898438,37581.91015625,1891.2999267578125
2019-08-13,525.765380859375,179.3668212890625,5448.06591796875,10925.849609375,570.2633056640625,36958.16015625,1851.8955078125
2019-08-14,527.920166015625,181.1510009765625,5524.57958984375,11029.400390625,576.3026733398438,37311.53125,1856.0633544921875
2019-08-16,527.5057983398438,184.24606323242188,5675.66015625,11047.7998046875,571.7172241210938,37350.328125,1822.973388671875
2019-08-19,522.5687255859375,183.19009399414065,5682.7841796875,11053.900390625,578.2485961914062,37402.48828125,1821.205078125
2019-08-20,525.8245849609375,179.51246643066406,5880.7421875,11017.0,570.8001708984375,37328.01171875,1841.20263671875
2019-08-21,527.0676879882812,175.83482360839844,5916.79052734375,10918.7001953125,568.5634155273438,37060.37109375,1840.7388916015625
2019-08-22,514.813720703125,174.81529235839844,5897.4599609375,10741.349609375,557.7374877929688,36472.9296875,1865.830078125
2019-08-23,512.1141967773438,171.938720703125,5940.96533203125,10829.349609375,570.7554321289062,36701.16015625,1892.5205078125
2019-08-26,534.2425537109375,176.5994873046875,5942.10498046875,11057.849609375,566.7069091796875,37494.12109375,1916.6019287109373
2019-08-27,535.142333984375,178.78419494628906,5963.193359375,11105.349609375,570.3080444335938,37641.26953125,1883.091064453125
2019-08-28,532.1942749023438,179.11192321777344,5797.578125,11046.099609375,565.1411743164062,37451.83984375,1885.4063720703125
2019-08-29,527.3281860351562,175.65277099609375,5804.0380859375,10948.2998046875,555.500732421875,37068.9296875,1880.5225830078125
2019-08-30,527.56494140625,178.89346313476562,5816.9091796875,11023.25,558.542724609375,37332.7890625,1902.5404052734373
2019-09-03,523.5394287109375,175.90765380859375,5746.56982421875,10797.900390625,539.6868286132812,36562.91015625,1895.8046875
2019-09-04,532.2535400390625,177.1456756591797,5538.5908203125,10844.650390625,537.338134765625,36724.73828125,1890.5843505859373
2019-09-05,529.2698364257812,177.8739013671875,5669.580078125,10847.900390625,536.1974487304688,36644.421875,1865.2410888671875
2019-09-06,531.8153686523438,177.6190185546875,5876.9423828125,10946.2001953125,546.8890991210938,36981.76953125,1850.25341796875
2019-09-09,532.691650390625,178.78419494628906,6018.048828125,11003.0498046875,546.7549438476562,37145.44921875,1837.918701171875
2019-09-11,533.0941772460938,177.50978088378906,6266.73095703125,11035.7001953125,552.2127075195312,37270.8203125,1813.62744140625
2019-09-12,537.7235107421875,175.3250732421875,6071.765625,10982.7998046875,541.453857421875,37104.28125,1796.4512939453125
2019-09-13,534.5503540039062,174.70602416992188,6127.0966796875,11075.900390625,548.2760009765625,37384.98828125,1803.4814453125
2019-09-16,531.4010009765625,174.3419189453125,6091.42822265625,11003.5,541.6327514648438,37123.30859375,1810.259521484375
2019-09-17,523.6341552734375,172.73977661132812,5823.22607421875,10817.599609375,535.6829833984375,36481.08984375,1787.23095703125
2019-09-18,518.0458984375,174.23268127441406,5789.6474609375,10840.650390625,539.3736572265625,36563.87890625,1800.618896484375
2019-09-19,521.44384765625,172.3756866455078,5672.525390625,10704.7998046875,527.45166015625,36093.46875,1769.802734375
2019-09-20,568.1159057617188,173.3588104248047,6261.6494140625,11274.2001953125,561.1373291015625,38014.62109375,1739.070068359375
2019-09-23,595.4183349609375,185.5933074951172,6552.2216796875,11600.2001953125,554.3599853515625,39090.03125,1697.2657470703125
2019-09-24,593.7844848632812,186.4307861328125,6657.89794921875,11588.2001953125,572.0304565429688,39097.140625,1721.5986328125
2019-09-25,587.1067504882812,180.27713012695312,6305.86669921875,11440.2001953125,572.41064453125,38593.51953125,1758.4356689453125
2019-09-26,588.432861328125,182.35260009765625,6513.845703125,11571.2001953125,580.1275024414062,38989.73828125,1757.72021484375
2019-09-27,589.2379150390625,184.20965576171875,6434.2919921875,11512.400390625,585.6075439453125,38822.5703125,1731.23974609375
2019-09-30,581.3052978515625,189.2345428466797,6379.29345703125,11474.4501953125,595.9861450195312,38667.328125,1767.571044921875
2019-10-01,591.41650390625,186.3579559326172,6442.1767578125,11359.900390625,583.7510375976562,38305.41015625,1734.439208984375
2019-10-03,579.4584350585938,190.5453948974609,6415.62646484375,11314.0,586.5023193359375,38106.87109375,1734.691650390625
2019-10-04,563.4274291992188,187.34109497070312,6316.4111328125,11174.75,585.1826171875,37673.30859375,1750.7734375
2019-10-07,562.1013793945312,183.44500732421875,6297.65087890625,11126.400390625,586.0773315429688,37531.98046875,1724.1243896484375
2019-10-09,581.6369018554688,179.9494171142578,6382.85595703125,11313.2998046875,592.631103515625,38177.94921875,1700.88623046875
2019-10-10,568.56591796875,177.10923767089844,6274.47265625,11234.5498046875,609.6304931640625,37880.3984375,1687.709228515625
2019-10-11,567.737060546875,177.65545654296875,6363.240234375,11305.0498046875,605.08984375,38127.078125,1672.890380859375
2019-10-14,570.38916015625,177.7646942138672,6479.31787109375,11341.150390625,607.5054931640625,38214.46875,1701.64404296875
2019-10-15,579.2216186523438,180.3135528564453,6635.71728515625,11428.2998046875,610.2567138671875,38506.08984375,1715.3681640625
2019-10-16,578.298095703125,177.4369659423828,6625.505859375,11464.0,613.9249877929688,38598.98828125,1723.0299072265625
2019-10-17,577.7771606445312,179.03912353515625,6766.94482421875,11586.349609375,624.7286376953125,39052.05859375,1748.4700927734375
2019-10-18,582.0394897460938,179.51246643066406,6936.40576171875,11661.849609375,633.6085205078125,39298.37890625,1771.1982421875
2019-10-22,586.9174194335938,181.26028442382807,6892.6630859375,11588.349609375,632.6244506835938,38963.83984375,1766.075927734375
2019-10-23,588.0066528320312,182.8260040283203,7067.443359375,11604.099609375,622.8944702148438,39058.828125,1782.1751708984375
2019-10-24,585.4019775390625,181.3695068359375,7021.041015625,11582.599609375,642.6002807617188,39020.390625,1792.4197998046875
2019-10-25,582.0394897460938,180.38633728027344,7096.794921875,11583.900390625,640.2517700195312,39058.05859375,1829.3956298828125
2019-10-27,586.1596069335938,182.35260009765625,7050.203125,11583.900390625,641.6162109375,39058.05859375,1821.432373046875
2019-10-29,588.432861328125,184.42808532714844,7334.4111328125,11786.849609375,656.2894287109375,39831.83984375,1889.57373046875
2019-10-30,591.2032470703125,188.9068298339844,7178.29638671875,11844.099609375,661.6799926757812,40051.87109375,1939.4637451171875
2019-10-31,582.6787109375,187.63238525390625,7180.62353515625,11877.4501953125,655.0814819335938,40129.05078125,1953.9698486328125
2019-11-01,587.2725219726562,190.2905120849609,7236.904296875,11890.599609375,651.748779296875,40165.03125,1894.7821044921875
2019-11-04,585.7570190429688,189.8899688720703,7052.0078125,11941.2998046875,652.0842895507812,40301.9609375,1888.798583984375
2019-11-05,587.0120849609375,191.4557037353516,7018.76171875,11917.2001953125,647.4541015625,40248.23046875,1895.599853515625
2019-11-06,595.1340942382812,190.326904296875,6944.8125,11966.0498046875,641.9067993164062,40469.78125,1884.1068115234373
2019-11-07,598.472900390625,193.60403442382807,6922.0146484375,12012.0498046875,652.50927734375,40653.73828125,1881.3953857421875
2019-11-08,594.6368408203125,189.70790100097656,6839.75439453125,11908.150390625,646.6489868164062,40323.609375,1833.7008056640625
2019-11-11,598.9700927734375,188.94322204589844,6779.67333984375,11913.4501953125,638.7307739257812,40345.078125,1808.7342529296875
2019-11-13,595.5603637695312,184.86508178710935,6796.10791015625,11840.4501953125,658.637939453125,40116.05859375,1875.5838623046875
2019-11-14,603.303466796875,184.9014892578125,6884.01904296875,11872.099609375,654.3658447265625,40286.48046875,1891.2523193359373
2019-11-15,605.1978759765625,182.53469848632807,6789.0771484375,11895.4501953125,657.9892578125,40356.69140625,1872.0111083984373
2019-11-18,597.6915283203125,182.6075134277344,6742.77099609375,11884.5,652.777587890625,40284.19140625,1853.2001953125
2019-11-19,602.3563232421875,181.55154418945312,6692.42626953125,11940.099609375,675.3912963867188,40469.69921875,1815.4920654296875
2019-11-20,603.0430908203125,182.5711212158203,6794.35009765625,11999.099609375,692.3460083007812,40651.640625,1815.2767333984373
2019-11-21,607.7788696289062,178.92987060546875,6667.3486328125,11968.400390625,687.8500366210938,40575.171875,1823.498779296875
2019-11-22,598.9700927734375,180.34994506835935,6706.6748046875,11914.400390625,691.83154296875,40359.41015625,1783.55224609375
2019-11-25,601.9774169921875,180.4227752685547,6873.5234375,12073.75,698.5642700195312,40889.23046875,1791.9892578125
2019-11-26,603.8482055664062,181.44232177734372,6767.990234375,12037.7001953125,697.9827270507812,40821.30078125,1761.9866943359375
2019-11-27,605.4346923828125,179.8401641845703,6928.90185546875,12100.7001953125,702.2772216796875,41020.609375,1768.5723876953125
2019-11-28,599.230712890625,179.65811157226562,6897.41259765625,12151.150390625,706.9520874023438,41130.171875,1788.41650390625
2019-11-29,603.80078125,179.4396514892578,6882.7841796875,12056.0498046875,693.9118041992188,40793.80859375,1767.668701171875
2019-12-02,599.4437255859375,178.38368225097656,6781.62109375,12048.2001953125,709.7256469726562,40802.171875,1739.9468994140625
2019-12-03,594.5421752929688,177.72825622558594,6781.09765625,11994.2001953125,706.3257446289062,40675.44921875,1765.731689453125
2019-12-04,592.7662353515625,177.07284545898438,6721.5400390625,12043.2001953125,694.6051635742188,40850.2890625,1789.4066162109375
2019-12-05,589.9010009765625,179.8401641845703,6661.45947265625,12018.400390625,693.7775268554688,40779.58984375,1826.253662109375
2019-12-06,590.1141357421875,177.21849060058594,6541.63037109375,11921.5,695.58935546875,40445.1484375,1828.23388671875
2019-12-09,588.6459350585938,175.83482360839844,6644.2666015625,11937.5,703.507568359375,40487.4296875,1773.866943359375
2019-12-10,591.7479248046875,171.57460021972656,6614.72509765625,11856.7998046875,698.7432250976562,40239.87890625,1732.887451171875
2019-12-11,591.3927612304688,173.03106689453125,6642.79443359375,11910.150390625,698.9444580078125,40412.5703125,1757.8970947265625
2019-12-12,598.425537109375,173.72293090820312,6649.06298828125,11971.7998046875,701.5391845703125,40581.7109375,1739.8179931640625
2019-12-13,598.5440063476562,175.944091796875,6853.43310546875,12086.7001953125,708.115234375,41009.7109375,1783.1649169921875
2019-12-16,595.4656982421875,172.5213165283203,6782.28564453125,12053.9501953125,700.8233642578125,40938.71875,1830.94580078125
2019-12-17,601.9774169921875,175.54351806640625,6834.62548828125,12165.0,699.0787353515625,41352.171875,1863.8323974609373
2019-12-18,612.0411987304688,178.52932739257812,6877.84521484375,12221.650390625,704.9613037109375,41558.5703125,1866.243408203125
2019-12-19,610.3599243164062,177.94676208496094,6877.84521484375,12259.7001953125,720.2161254882812,41673.921875,1919.0169677734373
2019-12-20,614.1012573242188,175.61636352539062,6897.650390625,12271.7998046875,715.3623657226562,41681.5390625,1913.7225341796875
2019-12-23,616.80078125,173.97781372070312,6992.0693359375,12262.75,702.970703125,41642.66015625,1921.298583984375
2019-12-24,610.5256958007812,173.86856079101562,6960.62841796875,12214.5498046875,691.8092041015625,41461.26171875,1907.4376220703125
2019-12-26,601.6695556640625,172.44850158691406,6878.08251953125,12126.5498046875,677.9189453125,41163.76171875,1895.6856689453125
2019-12-27,603.824462890625,172.5213165283203,6976.8720703125,12245.7998046875,689.97509765625,41575.140625,1892.7164306640625
2019-12-30,607.2106323242188,173.468017578125,7044.64599609375,12255.849609375,690.802734375,41558.0,1879.5439453125
2019-12-31,602.4509887695312,173.10394287109375,6999.3837890625,12168.4501953125,677.3150024414062,41253.73828125,1861.0345458984373
2020-01-01,605.5294799804688,173.39523315429688,6945.33544921875,12182.5,675.32421875,41253.73828125,1866.1141357421875
2020-01-02,609.38916015625,174.6696319580078,6962.57568359375,12282.2001953125,686.8212280273438,41626.640625,1857.5479736328125
2020-01-03,600.6987915039062,173.6865234375,6890.763671875,12226.650390625,687.6488037109375,41464.609375,1894.5670166015625
2020-01-06,587.6987915039062,171.21047973632812,6689.52880859375,11993.0498046875,671.70068359375,40676.62890625,1894.3946533203125
2020-01-07,597.0047607421875,171.3925323486328,6719.166015625,12052.9501953125,682.0345458984375,40869.46875,1899.0440673828125
2020-01-08,595.4419555664062,170.55503845214844,6682.68994140625,12025.349609375,676.912353515625,40817.73828125,1941.573486328125
2020-01-09,602.11962890625,171.72024536132812,6865.734375,12215.900390625,692.5026245117188,41452.3515625,1906.361572265625
2020-01-10,607.4710693359375,173.32237243652344,6963.193359375,12256.7998046875,692.3460083007812,41599.71875,1905.672607421875
2020-01-13,609.033935546875,174.23268127441406,6984.2802734375,12329.5498046875,690.5790405273438,41859.69140625,1885.6995849609373
2020-01-14,610.6914672851562,177.1456756591797,7016.67138671875,12362.2998046875,684.181884765625,41952.62890625,1899.94775390625
2020-01-15,608.2051391601562,176.52667236328125,7108.00439453125,12343.2998046875,681.6990356445312,41872.73046875,1917.1658935546875
2020-01-16,609.8153686523438,175.3250732421875,7088.72119140625,12355.5,687.9842529296875,41932.55859375,1927.4110107421875
2020-01-17,605.3163452148438,174.74244689941406,7143.34033203125,12352.349609375,707.2652587890625,41945.37109375,1910.451171875
2020-01-20,594.3052978515625,176.1625213623047,7076.3251953125,12224.5498046875,685.5015869140625,41528.91015625,1868.4815673828125
2020-01-21,589.3090209960938,173.6501007080078,6936.73876953125,12169.849609375,686.1950073242188,41323.80859375,1869.0841064453125
2020-01-22,587.6514282226562,173.3588104248047,6778.05908203125,12106.900390625,685.9488525390625,41115.37890625,1899.94775390625
2020-01-23,589.5457763671875,173.2495880126953,6788.982421875,12180.349609375,683.0410766601562,41386.3984375,1890.4989013671875
2020-01-24,589.40380859375,173.43162536621094,6771.26708984375,12248.25,680.670166015625,41613.19140625,1883.98486328125
2020-01-27,574.5567016601562,170.84637451171875,6790.59716796875,12119.0,673.9598388671875,41155.12109375,1871.7747802734373
2020-01-28,579.2926025390625,168.04258728027344,6646.451171875,12055.7998046875,658.3919067382812,40966.859375,1884.286865234375
2020-01-29,585.2835083007812,172.33926391601562,6659.03759765625,12129.5,662.0154418945312,41198.66015625,1859.1341552734373
2020-01-30,580.6423950195312,170.44583129882812,6668.6787109375,12035.7998046875,645.8660278320312,40913.8203125,1844.6812744140625
2020-01-31,580.7608032226562,171.2469024658203,6567.08740234375,11962.099609375,631.5059814453125,40723.48828125,1793.944091796875
2020-02-03,564.8955688476562,151.18373107910156,6659.98681640625,11707.900390625,619.8077392578125,39872.30859375,1814.1788330078125
2020-02-04,582.4183349609375,157.04611206054688,6838.85205078125,11979.650390625,638.1044921875,40789.37890625,1818.7088623046875
2020-02-05,589.451171875,157.62869262695312,6688.10400390625,12089.150390625,647.9909057617188,41142.66015625,1852.1881103515625
2020-02-06,587.1541748046875,155.5167999267578,6669.77099609375,12137.9501953125,652.1513061523438,41306.03125,1836.483642578125
2020-02-07,588.290771484375,155.40753173828125,6622.4189453125,12098.349609375,641.347900390625,41141.8515625,1843.5594482421875
2020-02-10,587.3910522460938,153.33206176757812,6547.52001953125,12031.5,642.2201538085938,40979.62109375,1865.476318359375
2020-02-11,587.5330200195312,154.824951171875,6681.31201171875,12107.900390625,649.8922119140625,41216.140625,1858.098388671875
2020-02-12,591.51123046875,155.15264892578125,6690.38330078125,12201.2001953125,657.7433471679688,41565.8984375,1873.069580078125
2020-02-13,587.9119262695312,154.315185546875,6654.05029296875,12174.650390625,659.4655151367188,41459.7890625,1891.3624267578125
2020-02-14,577.4691772460938,151.2565460205078,6567.37255859375,12113.4501953125,665.482421875,41257.73828125,1884.6751708984373
2020-02-17,576.4274291992188,149.1446533203125,6560.67626953125,12045.7998046875,661.2996826171875,41055.69140625,1901.1123046875
2020-02-18,574.5804443359375,148.4528045654297,6441.32177734375,11992.5,656.4459228515625,40894.37890625,1911.8983154296875
2020-02-19,581.1869506835938,150.52830505371094,6418.048828125,12125.900390625,672.7296142578125,41323.0,1895.158935546875
2020-02-20,576.4037475585938,151.07449340820312,6419.0,12080.849609375,664.744384765625,41170.12109375,1861.03271484375
2020-02-24,573.017578125,147.83380126953125,6146.189453125,11829.400390625,646.4027709960938,40363.23046875,1825.2667236328125
2020-02-25,568.447509765625,146.95989990234375,6093.13818359375,11797.900390625,633.6310424804688,40281.19921875,1860.471435546875
2020-02-26,567.9501953125,144.6295166015625,5922.44287109375,11678.5,622.7155151367188,39888.9609375,1832.385498046875
2020-02-27,568.044921875,143.8648681640625,5974.638671875,11633.2998046875,620.1432495117188,39745.66015625,1816.7674560546875
2020-02-28,557.7206420898438,143.8648681640625,5968.27490234375,11201.75,594.3756713867188,38297.2890625,1725.864013671875
2020-03-02,558.6441650390625,142.226318359375,5970.22216796875,11132.75,588.7838134765625,38144.01953125,1726.8565673828125
2020-03-03,559.6861572265625,141.17034912109375,6066.06591796875,11303.2998046875,600.7280883789062,38623.69921875,1756.9705810546875
2020-03-04,544.0813598632812,136.54600524902344,6064.451171875,11251.0,599.3189697265625,38409.48046875,1797.5252685546875
2020-03-05,545.2653198242188,136.946533203125,6046.97314453125,11269.0,586.5470581054688,38470.609375,1833.636474609375
2020-03-06,537.4747924804688,132.3585968017578,6122.96533203125,10989.4501953125,568.5857543945312,37576.62109375,1826.2156982421875
2020-03-09,524.40380859375,129.04507446289062,5890.3837890625,10451.4501953125,498.41845703125,35634.94921875,1701.8763427734375
2020-03-11,527.4821166992188,127.91629028320312,5838.32958984375,10458.400390625,516.0441284179688,35697.3984375,1685.783935546875
2020-03-12,483.67523193359375,113.46063995361328,5360.39013671875,9590.150390625,475.5363464355469,32778.140625,1527.1461181640625
2020-03-13,506.6442565917969,118.15780639648438,5546.046875,9955.2001953125,494.4593811035156,34103.48046875,1558.5972900390625
2020-03-16,473.35101318359375,107.2341079711914,5205.65283203125,9197.400390625,454.3765563964844,31390.0703125,1463.7681884765625
2020-03-17,461.7954711914063,108.61778259277344,5323.15478515625,8967.0498046875,450.9319458007813,30579.08984375,1430.63427734375
2020-03-18,415.2891845703125,109.7465591430664,5084.44677734375,8468.7998046875,433.2615051269531,28869.509765625,1427.52783203125
2020-03-19,424.1215515136719,117.86653137207033,4578.05859375,8263.4501953125,410.5359497070313,28288.23046875,1422.26953125
2020-03-20,418.1070251464844,127.80705261230467,4824.6982421875,8745.4501953125,455.3830871582031,29915.9609375,1562.2928466796875
2020-03-23,365.3966979980469,112.36824798583984,4008.88232421875,7610.25,395.48248291015625,25981.240234375,1451.25634765625
2020-03-24,363.5733642578125,109.0183334350586,4261.6494140625,7801.0498046875,422.0328979492188,26674.029296875,1480.3302001953125
2020-03-25,405.7463989257813,107.30695343017578,4755.119140625,8317.849609375,484.14788818359375,28535.779296875,1521.3114013671875
2020-03-26,426.7499694824219,113.89754486083984,4633.580078125,8641.4501953125,476.9678649902344,29946.76953125,1556.643310546875
2020-03-27,428.3365173339844,118.84962463378906,4413.2998046875,8660.25,476.6994323730469,29815.58984375,1585.803955078125
2020-03-30,393.8593444824219,115.93666076660156,4111.56591796875,8281.099609375,460.9749450683594,28440.3203125,1545.8221435546875
2020-03-31,408.1853332519531,125.03971862792967,4073.427001953125,8597.75,498.2395324707031,29468.490234375,1587.1949462890625
2020-04-01,392.912109375,121.18001556396484,4033.579833984375,8253.7998046875,483.3426513671875,28265.310546875,1485.197021484375
2020-04-03,385.429443359375,129.55482482910156,3810.4970703125,8083.7998046875,482.0005798339844,27590.94921875,1437.7840576171875
2020-04-07,424.3820495605469,132.21295166015625,4325.4814453125,8792.2001953125,539.5526123046875,30067.2109375,1542.9541015625
2020-04-08,420.9722595214844,130.10101318359375,4462.69384765625,8748.75,533.3119506835938,29893.9609375,1482.329345703125
2020-04-09,438.0924072265625,134.90745544433594,5059.75,9111.900390625,545.7483520507812,31159.619140625,1535.088134765625
2020-04-13,424.02685546875,132.24932861328125,5018.4287109375,8993.849609375,531.969970703125,30690.01953125,1529.090576171875
2020-04-15,408.8483581542969,137.8932342529297,4839.04150390625,8925.2998046875,514.388916015625,30379.810546875,1508.143310546875
2020-04-16,416.6388854980469,135.70852661132812,4873.712890625,8992.7998046875,522.5308837890625,30602.609375,1491.5421142578125
2020-04-17,431.1069946289063,136.98294067382812,5229.16259765625,9266.75,547.5601806640625,31588.720703125,1569.8980712890625
2020-04-20,447.4694519042969,131.5939483642578,5064.2138671875,9261.849609375,556.4177856445312,31648.0,1580.719482421875
2020-04-21,436.4822387695313,130.7928466796875,4750.51123046875,8981.4501953125,553.5323486328125,30636.7109375,1510.3165283203125
2020-04-22,439.7736206054688,132.72268676757812,4921.25537109375,9187.2998046875,610.0106201171875,31379.55078125,1537.9993896484375
2020-04-23,452.2526550292969,131.48468017578125,4897.98291015625,9313.900390625,613.2764282226562,31863.080078125,1632.5220947265625
2020-04-24,444.2490539550781,131.1205596923828,4792.82861328125,9154.400390625,633.8993530273438,31327.220703125,1580.632568359375
2020-04-27,440.2946166992188,130.97494506835938,4802.99365234375,9282.2998046875,639.6030883789062,31743.080078125,1596.32080078125
2020-04-28,441.0997009277344,130.68362426757812,4799.52587890625,9380.900390625,638.8873901367188,32114.51953125,1615.8338623046875
2020-04-29,462.74267578125,132.64990234375,4814.486328125,9553.349609375,638.3505249023438,32720.16015625,1656.33740234375
2020-04-30,474.4402160644531,132.5770263671875,5090.28857421875,9859.900390625,655.8197021484375,33717.62109375,1750.9029541015625
2020-05-04,437.12152099609375,126.7510986328125,4641.46337890625,9293.5,642.0411987304688,31715.349609375,1677.892822265625
2020-05-05,431.6516418457031,126.64185333251952,4587.84326171875,9205.599609375,653.42626953125,31453.509765625,1679.8922119140625
2020-05-06,448.20355224609375,119.35940551757812,4600.57080078125,9270.900390625,653.4710693359375,31685.75,1654.5555419921875
2020-05-07,438.0687255859375,117.24749755859376,4511.328125,9199.0498046875,674.1387329101562,31443.380859375,1644.1688232421875
2020-05-08,439.9867248535156,115.24481201171876,4420.94580078125,9251.5,698.6760864257812,31642.69921875,1645.68994140625
2020-05-11,433.7117309570313,115.39044952392578,4690.3828125,9239.2001953125,705.3864135742188,31561.220703125,1682.1083984375
2020-05-12,426.9631042480469,120.19686889648438,4703.20654296875,9196.5498046875,661.7470703125,31371.119140625,1694.4501953125
2020-05-13,439.3237915039063,120.45176696777344,4783.75830078125,9383.5498046875,675.7872314453125,32008.609375,1694.5810546875
2020-05-14,423.2454833984375,119.28658294677734,4857.80126953125,9142.75,648.4657592773438,31122.890625,1653.468994140625
2020-05-15,420.6170349121094,119.90560913085938,4844.8359375,9136.849609375,659.0556030273438,31097.73046875,1645.2552490234375
2020-05-18,396.227294921875,119.9784164428711,4484.39892578125,8823.25,650.6333618164062,30028.98046875,1691.0609130859375
2020-05-19,393.3857421875,124.347900390625,4564.5224609375,8879.099609375,636.2501220703125,30196.169921875,1693.7115478515625
2020-05-20,405.91204833984375,127.98912048339844,4646.83056640625,9066.5498046875,647.44970703125,30818.609375,1698.0140380859375
2020-05-21,407.0724182128906,137.60194396972656,4797.0556640625,9106.25,650.8592529296875,30932.900390625,1730.6951904296875
2020-05-22,397.2691345214844,135.70852661132812,4877.03759765625,9039.25,646.478759765625,30672.58984375,1756.03125
2020-05-26,403.686279296875,139.60464477539062,4983.28271484375,9029.0498046875,643.0918579101562,30609.30078125,1688.80078125
2020-05-27,427.9576416015625,139.93234252929688,4981.6201171875,9314.9501953125,652.8011474609375,31605.220703125,1742.950439453125
2020-05-28,447.6589050292969,138.8399658203125,5194.34912109375,9490.099609375,664.8585815429688,32200.58984375,1742.081298828125
2020-05-29,450.68988037109375,143.7191925048828,5329.6611328125,9580.2998046875,661.3135986328125,32424.099609375,1714.3111572265625
2020-06-01,467.739013671875,146.04962158203125,5503.30224609375,9826.150390625,686.580322265625,33303.51953125,1777.6739501953125
2020-06-02,474.0613708496094,143.64637756347656,5404.98779296875,9979.099609375,693.51220703125,33825.53125,1779.3251953125
2020-06-03,484.1251220703125,143.24586486816406,5342.19970703125,10061.5498046875,696.19921875,34109.5390625,1783.6839599609375
2020-06-04,474.3928833007813,145.75830078125,5405.08251953125,10029.099609375,713.4275512695312,33980.69921875,1823.26025390625
2020-06-05,489.3819274902344,145.64906311035156,5458.27685546875,10142.150390625,714.2855224609375,34287.23828125,1785.514404296875
2020-06-08,481.1178588867188,143.93768310546875,5447.4482421875,10167.4501953125,708.776123046875,34370.578125,1805.9998779296875
2020-06-09,467.57318115234375,144.5566864013672,5378.58056640625,10046.650390625,694.1669921875,33956.69140625,1806.2615966796875
2020-06-10,469.7280883789063,144.95721435546875,5391.2138671875,10116.150390625,709.972900390625,34247.05078125,1838.254150390625
2020-06-11,458.7171020507813,141.46163940429688,5154.26416015625,9902.0,694.4154663085938,33538.37109375,1802.4256591796875
2020-06-12,465.41839599609375,141.2067413330078,5283.0693359375,9972.900390625,717.4918212890625,33780.890625,1777.886962890625
2020-06-15,449.83734130859375,136.3275146484375,5201.37841796875,9813.7001953125,729.1204223632812,33228.80078125,1769.518310546875
2020-06-16,469.0413818359375,134.7253875732422,5226.50341796875,9914.0,730.5429077148438,33605.21875,1783.37890625
2020-06-17,463.7608947753906,131.95802307128906,5439.27880859375,9881.150390625,729.481689453125,33507.921875,1785.1220703125
2020-06-18,483.0359191894531,135.89056396484375,5428.0703125,10091.650390625,747.7937622070312,34208.05078125,1776.666259765625
2020-06-19,489.3819274902344,134.03353881835938,5601.853515625,10244.400390625,794.5337524414062,34731.73046875,1782.3323974609375
2020-06-22,487.2035217285156,134.7253875732422,5600.57080078125,10311.2001953125,788.5501098632812,34911.3203125,1767.8184814453125
2020-06-23,493.62060546875,135.34439086914062,5591.54638671875,10471.0,777.1473388671875,35430.4296875,1774.2254638671875
2020-06-24,488.9793701171875,139.7138671875,5466.96875,10305.2998046875,780.2859497070312,34868.98046875,1780.2403564453125
2020-06-25,487.2035217285156,147.1783905029297,5473.5703125,10288.900390625,775.7925415039062,34842.1015625,1757.488525390625
2020-06-26,500.3218078613281,142.15347290039062,5466.54150390625,10383.0,786.5178833007812,35171.26953125,1847.05859375
2020-06-29,509.6042175292969,143.64637756347656,5394.1591796875,10312.400390625,778.1634521484375,34961.51953125,1832.0645751953125
2020-06-30,504.7735290527344,141.7529296875,5545.76220703125,10302.099609375,769.5606079101562,34915.80078125,1815.0657958984373
2020-07-01,513.6533203125,147.76097106933594,5512.32568359375,10430.0498046875,784.6890258789062,35414.44921875,1823.696044921875
2020-07-02,515.9265747070312,149.90928649902344,5650.39306640625,10551.7001953125,798.19775390625,35843.69921875,1880.445068359375
2020-07-03,508.6095275878906,151.1472930908203,5634.86181640625,10607.349609375,810.689697265625,36021.421875,1917.493408203125
2020-07-06,522.3673095703125,153.28854370117188,5816.7666015625,10763.650390625,839.6640014648438,36487.28125,1972.8917236328125
2020-07-07,523.3855590820312,149.030517578125,5914.748046875,10799.650390625,826.8092651367188,36674.51953125,1978.732177734375
2020-07-08,525.8482055664062,150.60330200195312,5741.53564453125,10705.75,815.2694702148438,36329.01171875,1934.2744140625
2020-07-09,532.7625732421875,149.95115661621094,5701.5927734375,10813.4501953125,827.171875,36737.69140625,1921.591064453125
2020-07-10,523.3619384765625,149.10723876953125,5657.232421875,10768.0498046875,851.566650390625,36594.328125,1937.2821044921875
2020-07-13,511.5932312011719,151.5623016357422,5688.76904296875,10802.7001953125,877.3895263671875,36693.69140625,1935.2332763671875
2020-07-14,501.45849609375,150.2964324951172,5482.546875,10607.349609375,869.2277221679688,36033.05859375,1893.346923828125
2020-07-15,498.7590026855469,152.444580078125,5510.61572265625,10618.2001953125,836.127197265625,36051.80859375,1947.350341796875
2020-07-16,503.210693359375,148.72361755371094,5580.95556640625,10739.9501953125,835.855224609375,36471.6796875,1952.461181640625
2020-07-17,520.2125244140625,148.87705993652344,5622.8935546875,10901.7001953125,866.8245849609375,37020.140625,1922.7564697265625
2020-07-20,536.5986938476562,147.8413543701172,5573.49853515625,11022.2001953125,870.5426635742188,37418.98828125,1929.003173828125
2020-07-21,539.2034301757812,147.49609375,5823.6533203125,11162.25,893.96240234375,37930.328125,1943.98681640625
2020-07-22,533.4256591796875,150.79510498046875,5702.58935546875,11132.599609375,908.6762084960938,37871.51953125,1914.1939697265625
2020-07-23,535.3436279296875,153.97901916503906,5762.005859375,11215.4501953125,933.0709228515624,38140.46875,1896.9390869140625
2020-07-24,529.9920654296875,153.13507080078125,5700.025390625,11194.150390625,973.1314697265624,38128.8984375,1884.8822021484373
2020-07-27,511.2380676269531,150.68002319335938,5740.4892578125,11131.7998046875,977.6884765625,37934.73046875,1928.0421142578125
2020-07-28,514.6241455078125,149.91281127929688,5967.98974609375,11300.5498046875,987.4373168945312,38492.94921875,2017.987548828125
2020-07-29,504.18157958984375,150.91015625,5875.232421875,11202.849609375,950.6866455078124,38071.12890625,1988.5439453125
2020-07-30,497.5751037597656,148.3400421142578,5951.4619140625,11102.150390625,956.2185668945312,37736.0703125,1991.5584716796875
2020-07-31,489.1215515136719,148.9538116455078,5948.9443359375,11073.4501953125,937.2877807617188,37606.890625,1993.2188720703125
2020-08-03,474.5350036621094,147.7646026611328,5856.28271484375,10891.599609375,910.9434204101562,36939.6015625,1969.4102783203125
2020-08-04,493.3127136230469,148.57020568847656,6040.32470703125,11095.25,975.1492919921876,37687.91015625,1965.5228271484373
2020-08-05,486.63519287109375,147.9180450439453,6199.2412109375,11101.650390625,964.1988525390624,37663.328125,1974.08544921875
2020-08-06,492.8628540039063,149.8744354248047,6227.26318359375,11200.150390625,967.6676025390624,38025.44921875,2016.5460205078125
2020-08-07,494.3546447753906,150.41148376464844,6344.337890625,11214.0498046875,973.2674560546876,38040.5703125,2005.4068603515625
2020-08-10,497.5751037597656,152.55967712402344,6277.75,11270.150390625,961.2062377929688,38182.078125,1994.44189453125
2020-08-11,505.1524353027344,155.781982421875,6316.03076171875,11322.5,967.5315551757812,38407.01171875,1991.907958984375
2020-08-12,503.75531005859375,156.66424560546875,6393.06689453125,11308.400390625,964.7203369140624,38369.62890625,1972.2064208984373
2020-08-13,501.55322265625,154.554443359375,6451.8671875,11300.4501953125,962.2039184570312,38310.48828125,1969.6737060546875
2020-08-14,489.9028930664063,150.68002319335938,6314.3798828125,11178.400390625,958.4630126953124,37877.33984375,1958.926513671875
2020-08-17,489.0978393554688,152.48294067382812,6487.08935546875,11247.099609375,948.2835083007812,38050.78125,1968.755615234375
2020-08-18,500.3454895019531,152.32952880859375,6606.60693359375,11385.349609375,960.6168212890624,38528.3203125,1983.040283203125
2020-08-19,505.1287536621094,152.25279235839844,6699.7666015625,11408.400390625,966.5114135742188,38614.7890625,1971.55126953125
2020-08-20,501.5294799804688,150.2196807861328,6684.8154296875,11312.2001953125,950.8680419921876,38220.390625,1968.275146484375
2020-08-21,514.150634765625,150.98690795898438,6683.18603515625,11371.599609375,943.975830078125,38434.71875,1964.5616455078125
2020-08-24,529.0213012695312,150.91015625,6788.134765625,11466.4501953125,950.278564453125,38799.078125,1964.1256103515625
2020-08-25,530.2761840820312,149.91281127929688,6814.4443359375,11472.25,944.0892333984376,38843.87890625,1959.3634033203125
2020-08-26,529.684326171875,149.56753540039062,6717.35400390625,11549.599609375,969.1185913085938,39073.921875,1968.84326171875
2020-08-27,526.6769409179688,149.030517578125,6802.99072265625,11559.25,957.011962890625,39113.46875,1964.3873291015625
2020-08-28,527.8135986328125,150.02789306640625,6808.83740234375,11647.599609375,959.528564453125,39467.30859375,1955.7816162109373
2020-08-31,528.4529418945312,146.61378479003906,6555.66650390625,11387.5,943.4544067382812,38628.2890625,1972.1195068359373
2020-09-01,533.8755493164062,145.92332458496094,6618.6357421875,11470.25,946.4243774414062,38900.80078125,1962.596435546875
2020-09-02,537.11962890625,146.8056182861328,6633.10791015625,11535.0,964.992431640625,39086.03125,1979.02099609375
2020-09-03,535.5805053710938,146.99740600585938,6778.646484375,11527.4501953125,957.6921997070312,38990.94140625,2009.0323486328125
2020-09-04,530.0867919921875,143.2380828857422,6891.26318359375,11333.849609375,941.8900756835938,38357.1796875,1999.6837158203125
2020-09-07,525.9192504882812,145.07937622070312,6909.52099609375,11355.0498046875,944.3385620117188,38417.23046875,2033.10205078125
2020-09-08,526.8427124023438,144.3505096435547,6923.75390625,11317.349609375,955.425048828125,38365.3515625,2051.58056640625
2020-09-09,519.2891235351562,141.01316833496094,6915.3671875,11278.0,980.0236206054688,38193.921875,2033.6273193359373
2020-09-10,516.4711303710938,141.85708618164062,6931.0859375,11449.25,1049.2398681640625,38840.3203125,2036.684326171875
2020-09-11,510.83544921875,141.12826538085938,6894.6171875,11464.4501953125,1051.8472900390625,38854.55078125,2074.20947265625
2020-09-14,501.0321960449219,140.6679229736328,6832.55859375,11440.0498046875,1044.0482177734375,38756.62890625,2176.692626953125
2020-09-15,506.9757385253906,139.478759765625,6759.66943359375,11521.7998046875,1051.4390869140625,39044.3515625,2176.692626953125
2020-09-16,517.9393310546875,138.59645080566406,6764.60595703125,11604.5498046875,1054.0234375,39302.8515625,2186.826416015625
2020-09-17,513.1798095703125,137.02366638183594,6791.34521484375,11516.099609375,1042.3251953125,38979.8515625,2150.08837890625
2020-09-18,500.7243957519531,137.4072723388672,6675.27880859375,11504.9501953125,1045.4765625,38845.8203125,2140.433837890625
2020-09-21,496.9356689453125,134.83714294433594,6351.5185546875,11250.5498046875,1022.8729858398438,38034.140625,2153.88916015625
2020-09-22,490.3528442382813,133.64796447753906,6172.865234375,11153.650390625,1002.6045532226562,37734.078125,2204.256591796875
2020-09-23,495.96484375,132.34368896484375,6231.0908203125,11131.849609375,1011.5143432617188,37668.421875,2155.767333984375
2020-09-24,487.9849243164063,127.77881622314452,6035.95361328125,10805.5498046875,989.0242919921876,36553.6015625,2037.645263671875
2020-09-25,494.4256591796875,131.00108337402344,6227.640625,11050.25,998.319580078125,37388.66015625,2116.321044921875
2020-09-28,499.2561950683594,132.9574737548828,6424.40771484375,11227.5498046875,1004.9169921875,37981.62890625,2119.815185546875
2020-09-29,503.210693359375,129.96533203125,6462.50537109375,11222.400390625,1017.9757690429688,37973.21875,2174.070556640625
2020-09-30,510.8117980957031,131.7299346923828,6463.1767578125,11247.5498046875,1013.1242065429688,38067.9296875,2177.478271484375
2020-10-01,524.238037109375,131.07778930664062,6513.82958984375,11416.9501953125,1008.9979248046876,38697.05078125,2204.693359375
2020-10-05,527.7425537109375,129.85028076171875,6535.4423828125,11503.349609375,1003.0806274414062,38973.69921875,2364.009521484375
2020-10-06,541.831787109375,130.34896850585938,6605.935546875,11662.400390625,1002.2417602539062,39574.5703125,2371.43603515625
2020-10-07,550.4274291992188,130.0420684814453,6754.01416015625,11738.849609375,1023.6210327148438,39878.94921875,2390.3515625
2020-10-08,564.4220581054688,128.23912048339844,6785.59521484375,11834.599609375,1015.3458862304688,40182.671875,2468.76416015625
2020-10-09,584.1942749023438,128.77615356445312,6768.87060546875,11914.2001953125,1012.716064453125,40509.48828125,2457.625
2020-10-12,574.769775390625,132.11355590820312,6840.03369140625,11930.9501953125,1014.348388671875,40593.80078125,2472.5205078125
2020-10-13,567.5712280273438,130.54075622558594,6740.59619140625,11934.5,1034.1407470703125,40625.51171875,2469.50634765625
2020-10-14,573.751708984375,128.73780822753906,6711.31640625,11971.0498046875,1037.22412109375,40794.73828125,2465.163818359375
2020-10-15,553.7425537109375,126.62798309326172,6606.126953125,11680.349609375,1000.4960327148438,39728.41015625,2404.62255859375
2020-10-16,567.9974975585938,127.12667083740234,6608.33251953125,11762.4501953125,986.5757446289062,39982.98046875,2424.539306640625
2020-10-19,569.9866943359375,129.0830535888672,6567.1669921875,11873.0498046875,986.757080078125,40431.6015625,2379.133056640625
2020-10-20,579.6477661132812,128.4692840576172,6560.12255859375,11896.7998046875,977.552490234375,40544.37109375,2403.218505859375
2020-10-21,590.4219970703125,128.62271118164062,6576.65576171875,11937.650390625,963.3600463867188,40707.30859375,2347.41552734375
2020-10-22,584.0758666992188,129.313232421875,6528.4453125,11896.4501953125,955.35693359375,40558.48828125,2343.6865234375
2020-10-23,585.259765625,131.00108337402344,6808.0224609375,11930.349609375,958.1229248046876,40685.5,2357.41796875
2020-10-26,573.4674682617188,129.313232421875,6761.58642578125,11767.75,920.0573120117188,40145.5,2358.64599609375
2020-10-27,583.981201171875,128.27749633789062,6860.88037109375,11889.400390625,922.505859375,40522.1015625,2307.713134765625
2020-10-28,572.851806640625,126.97323608398438,6887.380859375,11729.599609375,912.0542602539062,39922.4609375,2300.73779296875
2020-10-29,562.2434692382812,125.7073211669922,6821.8720703125,11670.7998046875,919.059814453125,39749.8515625,2309.906005859375
2020-10-30,560.514892578125,126.78141784667967,6675.662109375,11642.400390625,931.5745239257812,39614.0703125,2338.159423828125
2020-11-02,575.5275268554688,127.93223571777344,6582.8857421875,11669.150390625,851.2945556640625,39757.578125,2285.294921875
2020-11-03,591.0138549804688,130.5023956298828,6626.0146484375,11813.5,839.0292358398438,40261.12890625,2310.740234375
2020-11-04,595.4893188476562,130.272216796875,6665.0234375,11908.5,867.5046997070312,40616.140625,2327.89306640625
2020-11-05,601.07763671875,134.06991577148438,6798.0068359375,12120.2998046875,886.4581298828125,41340.16015625,2356.45263671875
2020-11-06,619.287109375,133.45614624023438,6620.50439453125,12263.5498046875,920.0800170898438,41893.05859375,2375.535888671875
2020-11-09,634.8682250976562,132.57386779785156,6586.52783203125,12461.0498046875,929.8515014648438,42597.4296875,2392.339111328125
2020-11-10,660.0156860351562,136.83187866210938,6511.09912109375,12631.099609375,945.2001342773438,43277.6484375,2324.778564453125
2020-11-11,658.263427734375,142.1639862060547,6572.34326171875,12749.150390625,905.5928955078124,43593.671875,2358.29541015625
2020-11-12,649.620361328125,144.23544311523438,6552.69482421875,12690.7998046875,897.7938232421875,43357.19140625,2343.598388671875
2020-11-13,643.5111083984375,143.5449676513672,6526.24169921875,12719.9501953125,905.2301025390624,43443.0,2331.139404296875
2020-11-14,648.6732788085938,144.69580078125,6567.45458984375,12719.9501953125,907.9053955078124,43443.0,2342.98486328125
2020-11-17,667.0248413085938,143.7367706298828,6691.28515625,12874.2001953125,903.8018188476562,43952.7109375,2339.21142578125
2020-11-18,667.14306640625,141.2049560546875,6761.1064453125,12938.25,901.0586547851562,44180.05078125,2304.641845703125
2020-11-19,650.8753662109375,144.1587371826172,6673.88818359375,12771.7001953125,894.6878662109375,43599.9609375,2313.635498046875
2020-11-20,664.7515869140625,147.0741424560547,6676.3330078125,12859.0498046875,861.2926635742188,43882.25,2334.12255859375
2020-11-23,660.4655151367188,146.4219970703125,6697.3232421875,12926.4501953125,884.5084228515625,44077.1484375,2390.276611328125
2020-11-24,681.1138916015625,150.02789306640625,6860.88037109375,13055.150390625,890.5617065429688,44523.01953125,2388.34619140625
2020-11-25,664.3489990234375,148.72361755371094,6762.44873046875,12858.400390625,883.193359375,43828.1015625,2370.1396484375
2020-11-26,675.64404296875,149.4524688720703,6703.55224609375,12987.0,885.369873046875,44259.73828125,2387.073974609375
2020-11-27,682.3690185546875,148.57020568847656,6743.37548828125,12968.9501953125,875.0316162109375,44149.71875,2351.14404296875
2020-12-01,678.7933959960938,149.14559936523438,6806.537109375,13109.0498046875,886.4127197265625,44655.44140625,2392.51416015625
2020-12-02,666.3143920898438,150.33477783203125,6906.98193359375,13113.75,887.886474609375,44618.0390625,2412.474853515625
2020-12-03,652.22509765625,150.5265655517578,7417.4453125,13133.900390625,890.5617065429688,44632.6484375,2377.291259765625
2020-12-04,656.2033081054688,152.06101989746094,7478.83349609375,13258.5498046875,882.71728515625,45079.55078125,2393.17236328125
2020-12-07,649.8809204101562,155.8586883544922,7421.5654296875,13355.75,887.9091186523438,45426.96875,2402.078369140625
2020-12-08,651.7988891601562,155.32164001464844,7440.06494140625,13392.9501953125,904.028564453125,45608.51171875,2454.37109375
2020-12-09,666.4328002929688,157.58489990234375,7388.83544921875,13529.099609375,919.08251953125,46103.5,2466.216552734375
2020-12-10,656.3217163085938,163.18553161621094,7414.4736328125,13478.2998046875,910.0365600585938,45959.87890625,2442.965087890625
2020-12-11,654.877197265625,165.947509765625,7412.12548828125,13513.849609375,909.492431640625,46099.01171875,2442.351318359375
2020-12-14,649.83349609375,165.640625,7376.90283203125,13558.150390625,902.9176635742188,46253.4609375,2454.721923828125
2020-12-15,658.90283203125,163.83766174316406,7442.50830078125,13567.849609375,895.2319946289062,46263.171875,2423.00439453125
2020-12-16,668.0902709960938,164.1829071044922,7472.31591796875,13682.7001953125,896.2294921875,46666.4609375,2469.2001953125
2020-12-17,682.8189086914062,163.4540557861328,7374.2197265625,13740.7001953125,900.3331298828125,46890.33984375,2490.257568359375
2020-12-18,668.3981323242188,164.56649780273438,7245.548828125,13760.5498046875,903.031005859375,46960.69140625,2510.26220703125
2020-12-21,650.0703125,155.70523071289062,7069.5322265625,13328.400390625,879.5205688476562,45553.9609375,2474.419677734375
2020-12-22,650.2833862304688,156.0504608154297,7088.0302734375,13466.2998046875,878.1602783203125,46006.69140625,2520.352294921875
2020-12-23,651.4910888671875,159.38784790039062,7140.3134765625,13601.099609375,881.4024047851562,46444.1796875,2552.158447265625
2020-12-24,661.6495361328125,160.0399932861328,7136.5751953125,13749.25,904.2100219726562,46973.5390625,2552.68505859375
2020-12-28,669.1084594726562,160.73046875,7171.9892578125,13873.2001953125,908.3589477539062,47353.75,2570.276611328125
2020-12-29,675.904541015625,162.30325317382812,7142.61328125,13932.599609375,902.3508911132812,47613.078125,2571.2421875
2020-12-30,678.4146118164062,161.99635314941406,7296.490234375,13981.9501953125,904.8220825195312,47746.21875,2552.640869140625
2020-12-31,680.2142333984375,160.3468780517578,7331.6650390625,13981.75,900.1971435546875,47751.328125,2511.79736328125
2021-01-01,674.8863525390625,164.0678253173828,7371.6318359375,14018.5,901.1947021484376,47868.98046875,2569.267578125
2021-01-04,670.6004028320312,163.72256469726562,7382.1748046875,14132.900390625,902.7136840820312,48176.80078125,2666.835693359375
2021-01-05,675.667724609375,162.22650146484375,7337.27197265625,14199.5,891.4912109375,48437.78125,2713.820556640625
2021-01-06,672.755126953125,157.58489990234375,7311.5380859375,14146.25,867.9807739257812,48174.05859375,2677.408203125
2021-01-07,670.71875,155.5901641845703,7251.5869140625,14137.349609375,866.5751342773438,48093.3203125,2661.000732421875
2021-01-08,678.0120239257812,154.5927734375,7681.78173828125,14347.25,876.800048828125,48782.51171875,2738.300048828125
2021-01-11,687.3890380859375,155.36001586914062,7890.57763671875,14484.75,860.2723999023438,49269.3203125,2787.040283203125
2021-01-12,701.3834838867188,158.39047241210938,7847.7353515625,14563.4501953125,887.3877563476562,49517.109375,2785.63720703125
2021-01-13,696.48193359375,162.07308959960938,7801.5390625,14564.849609375,879.1124877929688,49492.3203125,2771.685791015625
2021-01-14,695.5821533203125,164.29800415039062,7810.740234375,14595.599609375,888.997314453125,49584.16015625,2857.61572265625
2021-01-15,694.5875854492188,167.13665771484375,7691.22216796875,14433.7001953125,878.5003662109375,49034.671875,2842.36328125
2021-01-18,702.3780517578125,168.59437561035156,7505.18994140625,14281.2998046875,899.5849609375,48564.26953125,2832.166259765625
2021-01-19,712.2050170898438,167.9038848876953,7593.31884765625,14521.150390625,914.298828125,49398.2890625,2866.406494140625
2021-01-20,706.593017578125,166.98321533203125,7806.42724609375,14644.7001953125,931.6651611328124,49792.12109375,2908.68994140625
2021-01-21,698.4473266601562,163.9527587890625,7741.0615234375,14590.349609375,951.9335327148438,49624.76171875,2877.96630859375
2021-01-22,683.647705078125,161.651123046875,7714.3212890625,14371.900390625,929.3527221679688,48878.5390625,2903.6796875
2021-01-25,692.787841796875,159.4261932373047,7649.7705078125,14238.900390625,880.1100463867188,48347.58984375,2893.30615234375
2021-01-27,667.5694580078125,161.6127471923828,7543.76708984375,13967.5,859.252197265625,47409.9296875,2866.713623046875
2021-01-28,649.5020141601562,158.50552368164062,7273.10400390625,13817.5498046875,850.886474609375,46874.359375,2810.013427734375
2021-01-29,658.52392578125,155.93539428710938,6907.125,13634.599609375,835.1976928710938,46285.76953125,2735.1162109375
2021-02-01,699.3707885742188,165.678955078125,7092.2470703125,14281.2001953125,859.3883056640625,48600.609375,2759.730224609375
2021-02-02,739.0574340820312,167.4051971435547,7336.5537109375,14647.849609375,873.2178955078125,49797.71875,2816.0791015625
2021-02-03,745.8060913085938,166.29275512695312,7273.775390625,14789.9501953125,875.4171142578125,50255.75,2813.090576171875
2021-02-04,747.8424682617188,176.419921875,7322.4638671875,14895.650390625,872.537841796875,50614.2890625,2802.892822265625
2021-02-05,756.6038208007812,179.7956085205078,7182.67578125,14924.25,872.288330078125,50731.62890625,2776.080810546875
2021-02-08,760.226806640625,178.8366241455078,7259.7822265625,15115.7998046875,884.848388671875,51348.76953125,2825.441650390625
2021-02-09,763.3526000976562,175.69105529785156,7310.05224609375,15109.2998046875,886.9795532226562,51329.078125,2792.739501953125
2021-02-10,749.0975341796875,174.57858276367188,7304.9248046875,15106.5,895.2092895507812,51309.390625,2824.737548828125
2021-02-11,744.6458129882812,173.73464965820312,7348.67724609375,15173.2998046875,932.11865234375,51531.51953125,2818.320556640625
2021-02-12,749.192138671875,166.82977294921875,7253.935546875,15163.2998046875,925.7252197265624,51544.30078125,2804.958251953125
2021-02-15,765.60205078125,167.71206665039062,7280.91552734375,15314.7001953125,921.6443481445312,52154.12890625,2760.170166015625
2021-02-16,770.3616333007812,167.4435577392578,7377.14306640625,15313.4501953125,933.8416748046876,52104.171875,2732.87451171875
2021-02-17,751.3470458984375,167.0599365234375,7191.349609375,15208.900390625,944.6107788085938,51703.828125,2701.49169921875
2021-02-18,736.09765625,167.9038848876953,7185.9345703125,15118.9501953125,937.559814453125,51324.69140625,2687.645751953125
2021-02-19,728.8990478515625,165.678955078125,7018.63916015625,14981.75,943.2730102539062,50889.76171875,2700.392578125
2021-02-22,733.1138916015625,162.76449584960938,6791.92138671875,14675.7001953125,910.5352783203124,49744.3203125,2600.705810546875
2021-02-23,724.1868896484375,163.9043426513672,6680.78955078125,14707.7998046875,917.4954223632812,49751.41015625,2619.82470703125
2021-02-24,760.795166015625,164.1794891357422,6663.9697265625,14982.0,934.5218505859376,50781.69140625,2591.60693359375
2021-02-25,760.7714233398438,164.4153594970703,6642.30908203125,15097.349609375,972.3153076171876,51039.30859375,2633.099365234375
2021-02-26,726.673095703125,160.24896240234375,6580.77734375,14529.150390625,945.7669067382812,49099.98828125,2544.312255859375
2021-03-01,738.2760620117188,162.64657592773438,6723.4404296875,14761.5498046875,952.9765014648438,49849.83984375,2570.596435546875
2021-03-02,742.680419921875,165.00491333007812,6914.265625,14919.099609375,954.9262084960938,50296.890625,2642.813720703125
2021-03-03,751.5128784179688,165.0442352294922,6828.5810546875,15245.599609375,998.5009765625,51444.6484375,2689.18505859375
2021-03-04,735.031982421875,164.8477325439453,6835.19384765625,15080.75,986.5983276367188,50846.078125,2680.921142578125
2021-03-05,724.5894165039062,163.9436798095703,6947.71435546875,14938.099609375,987.890625,50405.3203125,2644.307373046875
2021-03-08,719.6166381835938,163.51129150390625,6957.77880859375,14956.2001953125,993.5133056640624,50441.0703125,2643.34033203125
2021-03-09,739.98095703125,163.3540802001953,6998.080078125,15098.400390625,993.490478515625,51025.48046875,2682.019287109375
2021-03-10,736.7843017578125,162.3321533203125,6969.85498046875,15174.7998046875,989.3643188476562,51279.51171875,2699.6015625
2021-03-12,734.984619140625,161.31021118164062,6801.26513671875,15030.9501953125,969.2546997070312,50792.078125,2688.173095703125
2021-03-15,723.949951171875,161.5067138671875,6794.65234375,14929.5,956.2411499023438,50395.078125,2695.382080078125
2021-03-16,716.1358642578125,163.39340209960938,6853.11669921875,14910.4501953125,952.477783203125,50363.9609375,2733.97314453125
2021-03-17,708.1795654296875,165.55519104003906,6771.02685546875,14721.2998046875,931.9598999023438,49801.62109375,2736.5224609375
2021-03-18,706.119384765625,171.09730529785156,6818.0859375,14557.849609375,910.98876953125,49216.51953125,2669.317138671875
2021-03-19,709.1978149414062,175.263671875,6817.89453125,14744.0,944.0438232421876,49858.23828125,2681.3603515625
2021-03-22,695.7715454101562,177.66134643554688,6806.10546875,14736.400390625,935.1566162109376,49771.2890625,2751.202880859375
2021-03-23,710.4527587890625,174.67410278320312,6887.5732421875,14814.75,946.537841796875,50051.44140625,2762.58740234375
2021-03-24,700.3416748046875,169.7609100341797,6772.5126953125,14549.400390625,928.3097534179688,49180.30859375,2743.687255859375
2021-03-25,693.0247802734375,166.34132385253906,6504.77294921875,14324.900390625,902.9857177734376,48440.12109375,2694.238525390625
2021-03-26,706.261474609375,165.79104614257812,6502.47265625,14507.2998046875,904.4367065429688,49008.5,2695.952880859375
2021-03-30,735.8133544921875,168.6603240966797,6567.0234375,14845.099609375,920.14794921875,50136.578125,2776.60888671875
2021-03-31,707.3744506835938,171.76548767089844,6574.11572265625,14690.7001953125,908.2681884765624,49509.1484375,2793.574462890625
2021-04-01,704.1066284179688,172.9839630126953,6636.126953125,14867.349609375,916.7699584960938,50029.828125,2782.279052734375
2021-04-05,686.5128784179688,167.08811950683594,6487.23291015625,14637.7998046875,903.5072021484376,49159.3203125,2847.242431640625
2021-04-06,682.0848388671875,167.16673278808594,6470.69970703125,14683.5,899.7437133789062,49201.390625,2869.922607421875
2021-04-07,685.3763427734375,168.07077026367188,6579.6748046875,14819.0498046875,908.15478515625,49661.76171875,2875.8125
2021-04-08,678.556640625,167.638427734375,6543.1103515625,14873.7998046875,909.2883911132812,49746.2109375,2916.20654296875
2021-04-09,673.323486328125,167.5205078125,6543.35009765625,14834.849609375,898.7235107421875,49591.3203125,2920.513427734375
2021-04-12,647.418212890625,161.38877868652344,6249.58935546875,14310.7998046875,866.5751342773438,47883.37890625,2853.967529296875
2021-04-13,663.188720703125,164.0615692138672,6532.52001953125,14504.7998046875,875.9384765625,48544.05859375,2728.698974609375
2021-04-15,677.2779541015625,162.48936462402344,6368.099609375,14581.4501953125,881.6063232421875,48803.6796875,2829.70458984375
2021-04-16,676.5911865234375,163.47201538085938,6371.78955078125,14617.849609375,876.0745239257812,48832.03125,2808.781982421875
2021-04-19,668.8953857421875,161.62464904785156,6241.10693359375,14359.4501953125,862.290283203125,47949.421875,2779.466064453125
2021-04-20,658.9500732421875,160.01312255859375,6370.3994140625,14296.400390625,862.0408325195312,47705.80078125,2764.3017578125
2021-04-22,673.6787109375,161.8604736328125,6373.70703125,14406.150390625,864.4213256835938,48080.671875,2741.6650390625
2021-04-23,669.7241821289062,161.42813110351562,6398.6259765625,14341.349609375,863.4918823242188,47878.44921875,2733.48974609375
2021-04-26,665.296142578125,161.38877868652344,6362.97119140625,14485.0,878.6817016601562,48386.51171875,2725.842041015625
2021-04-27,681.350830078125,161.46742248535156,6295.73779296875,14653.0498046875,901.716064453125,48944.140625,2753.268798828125
2021-04-28,699.39453125,161.54605102539062,6300.57763671875,14864.5498046875,905.6382446289062,49733.83984375,2746.32421875
2021-04-29,697.3580322265625,160.6027069091797,6292.76611328125,14894.900390625,917.7675170898438,49765.94140625,2738.544677734375
2021-04-30,668.8480834960938,159.26629638671875,6187.337890625,14631.099609375,904.36865234375,48782.359375,2668.5703125
2021-05-03,669.8662719726562,157.96923828125,6323.62841796875,14634.150390625,888.2944946289062,48718.51953125,2669.757080078125
2021-05-04,657.505615234375,156.90797424316406,6237.75244140625,14496.5,869.0463256835938,48253.51171875,2680.96435546875
2021-05-05,664.2542114257812,158.32298278808594,6316.20068359375,14617.849609375,870.6334228515625,48677.55078125,2721.358642578125
2021-05-06,663.44921875,159.38421630859375,6389.56884765625,14724.7998046875,875.5758056640625,48949.76171875,2735.2041015625
2021-05-07,670.0083618164062,161.42813110351562,6424.45556640625,14823.150390625,875.9158935546875,48949.76171875,2754.059326171875
2021-05-10,672.4236450195312,161.58534240722656,6482.873046875,14942.349609375,873.3993530273438,49502.41015625,2765.136474609375
2021-05-11,664.7042846679688,160.36688232421875,6456.6591796875,14850.75,876.5507202148438,49161.80859375,2745.005859375
2021-05-12,662.7861328125,159.77728271484375,6534.1962890625,14696.5,867.4819946289062,48690.80078125,2714.237548828125
2021-05-14,656.7952880859375,166.852294921875,6456.41943359375,14677.7998046875,878.4324340820312,48732.55078125,2682.503173828125
2021-05-17,682.0848388671875,167.12744140625,6438.640625,14923.150390625,888.8839721679688,49580.73046875,2698.546875
2021-05-18,699.34716796875,165.1228485107422,6528.01513671875,15108.099609375,901.398681640625,50193.328125,2715.292236328125
2021-05-19,690.585693359375,163.31478881835938,6494.2783203125,15030.150390625,905.5248413085938,49902.640625,2709.315673828125
2021-05-20,678.556640625,162.7252197265625,6457.8095703125,14906.0498046875,900.242431640625,49564.859375,2689.9755859375
2021-05-21,709.1031494140625,164.3367462158203,6531.4169921875,15175.2998046875,908.018798828125,50540.48046875,2707.996337890625
2021-05-24,715.0939331054688,166.26271057128906,6586.00048828125,15197.7001953125,900.3557739257812,50651.8984375,2708.875732421875
2021-05-25,700.41259765625,165.79104614257812,6624.529296875,15208.4501953125,890.153564453125,50637.53125,2750.835693359375
2021-05-26,699.512939453125,165.55519104003906,6741.93798828125,15301.4501953125,893.2822265625,51017.51953125,2790.146484375
2021-05-27,702.1649780273438,165.98756408691406,6679.25634765625,15337.849609375,896.0255737304688,51115.21875,2809.138916015625
2021-05-28,712.0155639648438,167.36326599121094,6680.31103515625,15435.650390625,949.8478393554688,51422.87890625,2776.98388671875
2021-05-31,717.8880615234375,170.27188110351562,6791.77685546875,15582.7998046875,979.5475463867188,51937.44140625,2790.72021484375
2021-06-01,715.9227294921875,169.2106170654297,6796.42578125,15574.849609375,983.447021484375,51934.87890625,2785.2880859375
2021-06-02,712.2760009765625,164.2974395751953,6886.087890625,15576.2001953125,998.115478515625,51849.48046875,2764.484130859375
2021-06-03,720.1139526367188,164.3367462158203,6909.85595703125,15690.349609375,1001.9243774414062,52232.4296875,2774.908203125
2021-06-04,710.8316650390625,164.1009063720703,6914.84033203125,15670.25,993.2412109375,52100.05078125,2777.11669921875
2021-06-07,710.3106689453125,166.22341918945312,6973.2568359375,15751.650390625,1009.9727172851562,52328.51171875,2811.965576171875
2021-06-08,702.3544311523438,167.9528350830078,7031.818359375,15740.099609375,1004.1688842773438,52275.5703125,2826.9384765625
2021-06-09,701.052001953125,167.048828125,6938.13037109375,15635.349609375,986.2130126953124,51941.640625,2827.02734375
2021-06-10,701.4073486328125,169.29049682617188,6900.6552734375,15737.75,989.8404541015624,52300.46875,2841.6474609375
2021-06-11,703.9172973632812,168.15811157226562,6923.5615234375,15799.349609375,1007.0098876953124,52474.76171875,2891.999755859375
2021-06-14,700.6494750976562,167.67283630371094,6879.52197265625,15811.849609375,1021.45654296875,52551.53125,2894.252197265625
2021-06-15,705.7642211914062,167.47059631347656,6868.40380859375,15869.25,1023.7771606445312,52773.05078125,2882.238525390625
2021-06-16,703.0885009765625,168.11766052246094,6818.5654296875,15767.5498046875,1006.3045654296876,52501.98046875,2892.4853515625
2021-06-17,694.3270874023438,166.3382110595703,6679.6875,15691.400390625,1008.1473388671876,52323.328125,2930.82373046875
2021-06-18,700.8153686523438,165.448486328125,6670.103515625,15683.349609375,1012.6975708007812,52344.44921875,2912.759033203125
2021-06-21,705.0302124023438,165.36761474609375,6613.1240234375,15746.5,1017.9755249023438,52574.4609375,2891.382080078125
2021-06-22,702.709716796875,165.89334106445312,6963.43359375,15772.75,1012.7429809570312,52588.7109375,2916.204345703125
2021-06-23,703.5147705078125,164.96316528320312,7123.77978515625,15686.9501953125,1003.4608154296876,52306.078125,2881.0458984375
2021-06-24,713.3416137695312,164.39698791503906,7214.59130859375,15790.4501953125,979.868408203125,52699.0,2980.1611328125
2021-06-25,717.532958984375,165.8529052734375,7331.08984375,15860.349609375,957.5499877929688,52925.0390625,2986.520751953125
2021-06-28,714.336181640625,164.6800994873047,7280.53271484375,15814.7001953125,949.1550903320312,52735.58984375,2947.6083984375
2021-06-29,714.4313354492188,164.4374237060547,7176.3017578125,15748.4501953125,949.97412109375,52549.66015625,2951.230224609375
2021-06-30,712.4574584960938,163.95213317871094,7203.521484375,15721.5,960.3711547851562,52482.7109375,2955.558837890625
2021-07-01,707.154052734375,164.1947784423828,7269.17431640625,15680.0,954.592529296875,52318.6015625,2951.804443359375
2021-07-02,704.1337280273438,163.70948791503906,7259.0634765625,15722.2001953125,968.7433471679688,52484.671875,2937.6259765625
2021-07-05,711.2919921875,164.72052001953125,7283.599609375,15834.349609375,978.3668823242188,52880.0,2933.695556640625
2021-07-06,729.9609375,163.7903594970703,7202.611328125,15818.25,966.8095703125,52861.1796875,2881.841064453125
2021-07-07,732.2439575195312,164.8014373779297,7139.78515625,15879.650390625,960.09814453125,53054.76171875,2893.015625
2021-07-08,723.1829833984375,163.38597106933594,7093.5888671875,15727.900390625,952.1580810546876,52568.94140625,2878.48388671875
2021-07-09,714.4075927734375,162.86021423339844,7117.07080078125,15689.7998046875,942.4208984375,52386.19140625,2834.005859375
2021-07-12,707.27294921875,162.65798950195312,7159.62548828125,15692.599609375,948.29052734375,52372.69140625,2820.7109375
2021-07-13,714.336181640625,163.2646026611328,7121.52783203125,15812.349609375,955.3887939453124,52769.73046875,2815.80859375
2021-07-14,713.052001953125,165.08453369140625,7022.2333984375,15853.9501953125,949.1550903320312,52904.05078125,2839.659912109375
2021-07-15,723.3019409179688,166.8235321044922,7003.3037109375,15924.2001953125,947.4943237304688,53158.8515625,2835.586669921875
2021-07-16,724.0867919921875,168.15811157226562,6999.9970703125,15923.400390625,961.1673583984376,53140.05859375,2828.372314453125
2021-07-19,699.6627807617188,168.03677368164062,6867.732421875,15752.400390625,955.0474853515624,52553.3984375,2819.342041015625
2021-07-20,686.4161987304688,167.26840209960938,6932.0927734375,15632.099609375,952.7041625976562,52198.51171875,2838.1103515625
2021-07-22,689.0560302734375,167.43014526367188,6996.16357421875,15824.0498046875,964.9439697265624,52837.2109375,2847.449951171875
2021-07-23,686.2260131835938,171.79788208007812,6990.70068359375,15856.0498046875,958.1187744140624,52975.80078125,2844.351806640625
2021-07-26,682.3258056640625,170.78683471679688,6935.0634765625,15824.4501953125,944.99169921875,52852.26953125,2830.806640625
2021-07-27,684.799072265625,168.76473999023438,6939.328125,15746.4501953125,935.0496826171876,52578.76171875,2817.88134765625
2021-07-28,674.1210327148438,169.1287384033203,6867.25439453125,15709.400390625,927.0186767578124,52443.7109375,2831.02783203125
2021-07-29,674.5728149414062,166.66172790527344,6702.83447265625,15778.4501953125,934.25341796875,52653.0703125,2829.257080078125
2021-07-30,678.47314453125,165.77203369140625,6687.6904296875,15763.0498046875,926.0859985351562,52586.83984375,2804.158935546875
2021-08-02,676.6657104492188,167.67283630371094,6782.81640625,15885.150390625,943.012451171875,52950.62890625,2850.150390625
2021-08-03,682.3971557617188,169.77578735351562,6900.1767578125,16130.75,949.9512939453124,53823.359375,2908.13818359375
2021-08-04,696.95166015625,168.72427368164062,6807.6875,16258.7998046875,957.2315673828124,54369.76953125,2898.443359375
2021-08-05,706.2503662109375,174.1030731201172,6778.4130859375,16294.599609375,971.1094360351562,54492.83984375,2907.296630859375
2021-08-06,709.9603881835938,173.2942657470703,6849.06591796875,16238.2001953125,950.5428466796876,54277.71875,2930.181640625
2021-08-09,715.311279296875,172.93028259277344,6830.69140625,16258.25,945.128173828125,54402.8515625,2941.6025390625
2021-08-10,717.0949096679688,169.73532104492188,6753.72119140625,16280.099609375,950.0877685546876,54554.66015625,2951.517578125
2021-08-11,711.0542602539062,168.76473999023438,6772.5771484375,16282.25,963.39697265625,54525.9296875,2960.636474609375
2021-08-12,714.1221923828125,168.9669647216797,6763.4140625,16364.400390625,960.3028564453124,54843.98046875,2967.3212890625
2021-08-13,725.9179077148438,171.02951049804688,6753.9619140625,16529.099609375,976.2965087890624,55437.2890625,3066.164794921875
2021-08-16,728.0107421875,170.5846405029297,6584.828125,16563.05078125,988.9686279296876,55582.578125,3074.619140625
2021-08-17,720.42431640625,169.2095947265625,6641.302734375,16614.599609375,984.7597045898438,55792.26953125,3145.53271484375
2021-08-18,719.6395874023438,169.0074005126953,6597.6083984375,16568.849609375,988.5819091796876,55629.48828125,3152.172119140625
2021-08-20,720.471923828125,168.9669647216797,6608.025390625,16450.5,977.4796142578124,55329.3203125,3151.242431640625
2021-08-23,725.1569213867188,166.86395263671875,6583.91162109375,16496.44921875,983.895263671875,55555.7890625,3220.207763671875
2021-08-24,741.447509765625,166.41909790039062,6562.0166015625,16624.599609375,993.6097412109376,55958.98046875,3198.783203125
2021-08-25,740.7578735351562,166.94485473632812,6473.51953125,16634.650390625,1002.20947265625,55944.2109375,3239.33056640625
2021-08-26,739.521240234375,165.48892211914062,6374.3154296875,16636.900390625,1014.881591796875,55949.1015625,3250.70703125
2021-08-27,736.5009155273438,166.54043579101562,6389.98974609375,16705.19921875,1013.4937744140624,56124.71875,3293.466796875
2021-08-30,745.9185180664062,168.23898315429688,6555.939453125,16931.05078125,1032.990966796875,56889.76171875,3276.77880859375
2021-08-31,752.1731567382812,170.9081573486328,6603.39599609375,17132.19921875,1027.4853515625,57552.390625,3352.162109375
2021-09-01,751.0792236328125,169.45225524902344,6544.365234375,17076.25,1031.5577392578125,57338.2109375,3288.863525390625
2021-09-02,755.7880249023438,169.65444946289062,6552.08203125,17234.150390625,1043.9796142578125,57852.5390625,3396.693359375
2021-09-03,749.6284790039062,170.34197998046875,6619.79345703125,17323.599609375,1086.7962646484375,58129.94921875,3401.38525390625
2021-09-06,744.70556640625,169.29049682617188,6604.1669921875,17377.80078125,1103.6773681640625,58296.91015625,3410.1943359375
2021-09-07,746.3942260742188,171.27212524414062,6633.34521484375,17362.099609375,1110.6387939453125,58279.48046875,3378.234619140625
2021-09-08,749.794921875,170.8677215576172,6540.84423828125,17353.5,1106.29345703125,58250.26171875,3341.2734375
2021-09-09,746.0849609375,172.00010681152344,6561.1005859375,17369.25,1103.6773681640625,58305.0703125,3356.544677734375
2021-09-13,739.8779296875,173.21336364746094,6630.017578125,17355.30078125,1079.083984375,58177.76171875,3404.306640625
2021-09-14,736.5485229492188,174.7906036376953,6650.03173828125,17380.0,1077.67333984375,58247.08984375,3440.20654296875
2021-09-15,735.7161254882812,174.70970153808594,6664.06591796875,17519.44921875,1082.1551513671875,58723.19921875,3500.982421875
2021-09-16,741.9707641601562,186.6401214599609,6685.2373046875,17629.5,1104.8602294921875,59141.16015625,3455.60986328125
2021-09-17,752.5298461914062,186.9636688232422,6765.77734375,17585.150390625,1087.72900390625,59015.890625,3388.814453125
2021-09-20,741.9232177734375,189.0666656494141,6703.998046875,17396.900390625,1089.4580078125,58490.9296875,3384.963134765625
2021-09-21,738.1655883789062,195.33518981933597,6536.7451171875,17562.0,1094.16748046875,59005.26953125,3419.88818359375
2021-09-22,729.4852294921875,196.95286560058597,6588.8310546875,17546.650390625,1105.9068603515625,58927.328125,3419.179931640625
2021-09-23,746.7509155273438,196.1440277099609,6603.974609375,17822.94921875,1132.9344482421875,59885.359375,3425.4658203125
2021-09-24,761.7572631835938,192.8682403564453,6705.78271484375,17853.19921875,1129.6583251953125,60048.46875,3427.28076171875
2021-09-27,772.95849609375,193.0704498291016,7140.98681640625,17855.099609375,1148.655029296875,60077.87890625,3396.870361328125
2021-09-28,768.1783447265625,192.3020172119141,7160.6640625,17748.599609375,1159.3934326171875,59667.6015625,3345.699951171875
2021-09-29,758.0948486328125,192.58511352539065,7122.2744140625,17711.30078125,1150.2021484375,59413.26953125,3356.987060546875
2021-09-30,758.6179809570312,191.0078887939453,7077.9052734375,17618.150390625,1146.2889404296875,59126.359375,3342.51220703125
2021-10-01,752.7914428710938,190.3608245849609,6908.38623046875,17532.05078125,1148.3138427734375,58765.578125,3302.3642578125
2021-10-04,754.2421264648438,191.3718414306641,6916.10205078125,17691.25,1163.0789794921875,59299.3203125,3340.5205078125
2021-10-05,758.8558349609375,189.8350372314453,7000.93408203125,17822.30078125,1187.21728515625,59744.87890625,3393.638671875
2021-10-06,768.1069946289062,187.0445556640625,6944.0263671875,17646.0,1164.7626953125,59189.73046875,3373.80810546875
2021-10-07,766.0142822265625,188.41958618164065,7226.8798828125,17790.349609375,1170.4730224609375,59677.828125,3446.4033203125
2021-10-08,762.280517578125,187.40853881835935,7166.595703125,17895.19921875,1215.4508056640625,60059.05859375,3484.249755859375
2021-10-11,777.0965576171875,192.544677734375,7427.794921875,17945.94921875,1206.987548828125,60135.78125,3262.87939453125
2021-10-12,775.0989379882812,195.1734161376953,7421.04345703125,17991.94921875,1213.881103515625,60284.30859375,3233.885986328125
2021-10-13,779.7601928710938,201.5632476806641,7216.89697265625,18161.75,1226.234619140625,60737.05078125,3235.966064453125
2021-10-14,802.5907592773438,207.50823974609372,7231.12353515625,18338.55078125,1228.71435546875,61305.94921875,3203.368896484375
2021-10-18,794.4573364257812,212.36126708984372,7385.54833984375,18477.05078125,1231.9906005859375,61765.58984375,3235.034912109375
2021-10-19,803.2090454101562,198.93453979492188,7384.24609375,18418.75,1243.024658203125,61716.05078125,3223.504150390625
2021-10-20,796.1458129882812,199.4602508544922,7321.646484375,18266.599609375,1228.71435546875,61259.9609375,3201.063232421875
2021-10-21,797.3111572265625,197.9234619140625,7306.69580078125,18178.099609375,1193.2689208984375,60923.5,3133.340576171875
2021-10-22,799.427734375,191.3718414306641,7146.24365234375,18114.900390625,1195.49853515625,60821.62109375,3103.492431640625
2021-10-25,788.1314086914062,188.78355407714844,7003.201171875,18125.400390625,1183.850341796875,60967.05078125,3098.2587890625
2021-10-26,786.1099243164062,191.45274353027344,7038.6484375,18268.400390625,1210.8096923828125,61350.26171875,3089.078369140625
2021-10-27,781.3773803710938,192.8682403564453,7095.4599609375,18210.94921875,1195.49853515625,61143.328125,3095.420654296875
2021-10-28,757.9759521484375,182.0701904296875,7108.43359375,17857.25,1182.3941650390625,59984.69921875,3035.015869140625
2021-10-29,752.8628540039062,180.5334014892578,7217.1376953125,17671.650390625,1154.0244140625,59306.9296875,3013.816650390625
2021-11-01,763.5408935546875,183.4856414794922,7345.5673828125,17929.650390625,1154.7294921875,60138.4609375,3083.579345703125
2021-11-02,764.2305908203125,182.4745941162109,7515.521484375,17888.94921875,1137.8941650390625,60029.05859375,3090.49755859375
2021-11-03,752.1968994140625,179.92674255371094,7460.0595703125,17829.19921875,1130.0677490234375,59771.921875,3097.6376953125
2021-11-04,758.1423950195312,183.24301147460935,7472.7431640625,17916.80078125,1137.0068359375,60067.62109375,3112.18505859375
2021-11-08,761.138916015625,185.87173461914065,7412.169921875,18068.55078125,1138.4173583984375,60545.609375,3106.951416015625
2021-11-09,747.8211059570312,185.0224456787109,7308.9150390625,18044.25,1147.40380859375,60433.44921875,3109.568359375
2021-11-10,739.7352905273438,186.72103881835935,7245.35107421875,18017.19921875,1160.2349853515625,60352.8203125,3090.58642578125
2021-11-11,736.4295654296875,186.0334930419922,7189.2138671875,17873.599609375,1162.35107421875,59919.69140625,3094.045654296875
2021-11-12,738.6650390625,188.37913513183597,7214.6787109375,18102.75,1179.8917236328125,60686.69140625,3127.618408203125
2021-11-15,740.6864624023438,192.58511352539065,7237.1044921875,18109.44921875,1172.9300537109375,60718.7109375,3151.789306640625
2021-11-16,736.286865234375,190.4416961669922,7764.95361328125,17999.19921875,1145.6748046875,60322.37109375,3154.539794921875
2021-11-17,728.1058959960938,193.7174835205078,7981.39794921875,17898.650390625,1121.1495361328125,60008.328125,3123.9375
2021-11-18,732.1964111328125,192.0998077392578,7829.38525390625,17764.80078125,1125.381103515625,59636.01171875,3082.958251953125
2021-11-22,720.7572631835938,186.761474609375,7585.59521484375,17416.55078125,1075.53466796875,58465.890625,3067.61328125
2021-11-23,720.8524780273438,187.32765197753903,7575.564453125,17503.349609375,1085.59033203125,58664.328125,3072.8017578125
2021-11-24,722.0415649414062,184.1731414794922,7397.556640625,17415.05078125,1069.9154052734375,58340.98828125,3054.218994140625
2021-11-25,725.799072265625,187.08499145507807,7304.0439453125,17536.25,1134.322265625,58795.08984375,3056.525146484375
2021-11-26,708.65234375,181.1804351806641,6916.29541015625,17026.44921875,1097.761962890625,57107.1484375,3057.3681640625
2021-11-29,714.05078125,179.15834045410156,6896.0400390625,17053.94921875,1110.9119873046875,57260.578125,3106.286376953125
2021-11-30,710.388427734375,178.87522888183594,6817.236328125,16983.19921875,1094.4857177734375,57064.87109375,3130.3681640625
2021-12-01,715.66796875,179.48187255859375,7015.40234375,17166.900390625,1122.5147705078125,57684.7890625,3173.52099609375
2021-12-02,725.703857421875,182.3532867431641,7065.26953125,17401.650390625,1129.7266845703125,58461.2890625,3231.264892578125
2021-12-03,719.9011840820312,179.2796630859375,6953.14111328125,17196.69921875,1095.78271484375,57696.4609375,3229.091796875
2021-12-06,715.2637329101562,176.24652099609375,6793.1708984375,16912.25,1075.0113525390625,56747.140625,3136.798828125
2021-12-07,725.6801147460938,178.4708251953125,6931.82421875,17176.69921875,1083.7703857421875,57633.6484375,3179.46435546875
2021-12-08,739.0455932617188,181.9488525390625,7171.3212890625,17469.75,1100.2646484375,58649.6796875,3217.07275390625
2021-12-09,726.22705078125,190.40122985839844,7158.63818359375,17516.849609375,1117.71435546875,58807.12890625,3194.765380859375
2021-12-10,724.181884765625,190.9674224853516,7162.3994140625,17511.30078125,1118.851806640625,58786.671875,3225.854736328125
2021-12-13,718.7596435546875,189.7541656494141,7249.9326171875,17368.25,1096.4197998046875,58283.421875,3201.7724609375
2021-12-14,714.62158203125,184.901123046875,7227.50634765625,17324.900390625,1082.996826171875,58117.08984375,3214.32373046875
2021-12-15,713.456298828125,181.2209014892578,7299.6552734375,17221.400390625,1079.8345947265625,57788.03125,3166.913330078125
2021-12-16,713.5038452148438,180.29071044921875,7186.658203125,17248.400390625,1093.80322265625,57901.140625,3176.89208984375
2021-12-17,700.6378173828125,176.28697204589844,7037.9248046875,16985.19921875,1064.932861328125,57011.73828125,3179.330810546875
2021-12-20,678.0926513671875,171.79788208007812,7028.27978515625,16614.19921875,1036.2215576171875,55822.01171875,3154.982666015625
2021-12-21,685.7742309570312,171.8787841796875,7055.81689453125,16770.849609375,1051.646484375,56319.01171875,3200.574462890625
2021-12-22,687.391357421875,171.47434997558594,7160.5673828125,16955.44921875,1076.6038818359375,56930.55859375,3220.488037109375
2021-12-23,686.8681030273438,175.76123046875,7125.2646484375,17072.599609375,1076.2171630859375,57315.28125,3248.828125
2021-12-24,684.3948364257812,176.32740783691406,7057.6982421875,17003.75,1079.652587890625,57124.30859375,3256.100830078125
2021-12-27,690.0548706054688,175.9634246826172,7031.076171875,17086.25,1078.4921875,57420.23828125,3278.453369140625
2021-12-28,694.8113403320312,177.98553466796875,7038.74462890625,17233.25,1091.3009033203125,57897.48046875,3287.722900390625
2021-12-29,691.505615234375,175.31634521484375,7089.48046875,17213.599609375,1093.16650390625,57806.48828125,3277.212158203125
2021-12-30,695.1441650390625,174.70970153808594,7024.08349609375,17203.94921875,1073.4188232421875,57794.3203125,3311.849853515625
2021-12-31,703.6581420898438,176.36785888671875,7163.17138671875,17354.05078125,1077.536865234375,58253.8203125,3315.929443359375
2022-01-03,722.8025512695312,177.21713256835938,7257.1669921875,17625.69921875,1093.7806396484375,59183.21875,3386.357666015625
2022-01-04,727.0357666015625,178.14727783203125,7359.60205078125,17805.25,1118.465087890625,59855.9296875,3445.787109375
2022-01-05,744.3013305664062,178.38995361328125,7499.70263671875,17925.25,1123.6976318359375,60223.1484375,3424.676513671875
2022-01-06,732.36279296875,176.8936004638672,7602.66796875,17745.900390625,1099.53662109375,59601.83984375,3377.221435546875
2022-01-07,737.499755859375,176.6509246826172,7625.720703125,17812.69921875,1108.4091796875,59744.6484375,3418.067626953125
2022-01-10,741.5902099609375,180.6142578125,7837.53564453125,18003.30078125,1109.3193359375,60395.62890625,3441.440673828125
2022-01-11,744.80078125,179.5223388671875,7855.13818359375,18055.75,1117.3048095703125,60616.890625,3473.416748046875
2022-01-12,740.401123046875,180.16940307617188,7881.0849609375,18212.349609375,1147.1307373046875,61150.0390625,3423.74462890625
2022-01-13,726.7741088867188,181.13999938964844,7790.70654296875,18257.80078125,1153.5919189453125,61235.30078125,3457.45068359375
2022-01-14,734.9312744140625,180.04808044433594,7797.60302734375,18255.75,1155.275390625,61223.03125,3519.7626953125
2022-01-17,723.6824951171875,181.66575622558597,7972.4765625,18308.099609375,1161.304443359375,61308.91015625,3565.000244140625
2022-01-18,727.36865234375,178.55172729492188,7634.54638671875,18113.05078125,1147.449462890625,60754.859375,3539.67626953125
2022-01-19,722.2317504882812,178.22817993164062,7731.5322265625,17938.400390625,1147.3582763671875,60098.8203125,3478.40966796875
2022-01-20,717.7369995117188,176.9340362548828,7751.44970703125,17757.0,1127.2696533203125,59464.62109375,3400.1279296875
2022-01-21,723.72998046875,175.5590057373047,7899.26708984375,17617.150390625,1127.4515380859375,59037.1796875,3406.30322265625
2022-01-24,707.1065673828125,171.31259155273438,7766.83349609375,17149.099609375,1081.97314453125,57491.51171875,3351.078857421875
2022-01-25,707.7723999023438,173.3346710205078,8297.625,17277.94921875,1079.8572998046875,57858.1484375,3349.790283203125
2022-01-27,701.54150390625,173.5773468017578,8507.51171875,17110.150390625,1063.8636474609375,57276.94140625,3242.585693359375
2022-01-28,695.9765625,176.00384521484375,8247.806640625,17101.94921875,1062.8397216796875,57200.23046875,3278.8388671875
2022-01-31,706.6547241210938,178.1068572998047,8292.51171875,17339.849609375,1085.931640625,58014.171875,3319.890380859375
2022-02-01,712.0293579101562,184.21360778808597,8255.95703125,17576.849609375,1082.3370361328125,58862.5703125,3377.114013671875
2022-02-02,728.296142578125,187.77249145507807,8213.37109375,17780.0,1084.5439453125,59558.328125,3426.47265625
2022-02-03,720.7572631835938,189.63282775878903,8288.9921875,17560.19921875,1070.529541015625,58788.01953125,3398.3955078125
2022-02-04,724.87158203125,189.5115203857422,8247.4189453125,17516.30078125,1060.7694091796875,58644.8203125,3389.775634765625
2022-02-07,698.3071899414062,186.19528198242188,8209.900390625,17213.599609375,1054.308349609375,57621.19140625,3357.8759765625
2022-02-08,695.3106079101562,187.0445556640625,8294.5869140625,17266.75,1072.031005859375,57808.578125,3326.287841796875
2022-02-09,712.3147583007812,186.15480041503903,8632.1787109375,17463.80078125,1084.5211181640625,58465.96875,3341.482666015625
2022-02-10,725.394775390625,187.8533935546875,8493.2841796875,17605.849609375,1083.4063720703125,58926.03125,3350.1904296875
2022-02-11,722.4220581054688,188.01516723632807,8427.40625,17374.75,1081.2906494140625,58152.921875,3283.192626953125
2022-02-14,700.9469604492188,181.76353454589844,8069.798828125,16842.80078125,1064.0684814453125,56405.83984375,3317.66943359375
2022-02-15,721.9226684570312,184.7039031982422,8317.0126953125,17352.44921875,1100.1964111328125,58142.05078125,3392.35302734375
2022-02-16,720.9475708007812,184.4968414306641,8278.671875,17322.19921875,1097.92138671875,57996.6796875,3388.176025390625
2022-02-17,716.5478515625,184.4139862060547,8249.2529296875,17304.599609375,1111.8216552734375,57892.01171875,3362.4970703125
2022-02-18,719.3303833007812,183.79283142089844,8265.3125,17276.30078125,1103.131103515625,57832.96875,3371.115966796875
2022-02-21,723.9678955078125,180.5625457763672,8307.3671875,17206.650390625,1091.9832763671875,57683.58984375,3304.917724609375
2022-02-22,718.5455322265625,177.95350646972656,8317.109375,17092.19921875,1087.023681640625,57300.6796875,3186.7392578125
2022-02-23,713.8843383789062,178.86460876464844,8390.462890625,17063.25,1080.2213134765625,57232.05859375,3166.658203125
2022-02-24,675.1199340820312,172.69400024414062,7919.08837890625,16247.9501953125,1026.3934326171875,54529.91015625,3022.576904296875
2022-02-25,692.5757446289062,177.2080535888672,8059.86328125,16658.400390625,1039.2247314453125,55858.51953125,3128.405029296875
2022-02-28,678.3780517578125,178.78176879882812,8019.40185546875,16793.900390625,1073.62353515625,56247.28125,3158.12744140625
2022-03-02,653.6448364257812,178.32623291015625,7537.1748046875,16605.94921875,1091.3690185546875,55468.8984375,3150.97412109375
2022-03-03,652.0989990234375,181.7221527099609,7326.2763671875,16498.05078125,1082.1551513671875,55102.6796875,3149.419921875
2022-03-04,649.9586181640625,186.7745513916016,6990.37255859375,16245.349609375,1058.1531982421875,54333.80859375,3131.60400390625
2022-03-07,630.1246337890625,186.31903076171875,6529.0771484375,15863.150390625,1019.022216796875,52842.75,3096.550048828125
2022-03-08,631.5515747070312,187.93414306640625,6565.00634765625,16013.4501953125,1017.179443359375,53424.08984375,3198.779296875
2022-03-09,652.17041015625,189.8805694580078,6777.73828125,16345.349609375,1071.1436767578125,54647.328125,3227.790771484375
2022-03-10,662.4203491210938,192.1583251953125,6956.13134765625,16594.900390625,1088.50244140625,55464.390625,3217.439453125
2022-03-11,664.3704833984375,195.7613067626953,6850.75390625,16630.44921875,1091.64208984375,55550.30078125,3198.06884765625
2022-03-14,686.1309204101562,197.95620727539065,7057.36083984375,16871.30078125,1100.605712890625,56486.01953125,3237.031982421875
2022-03-15,677.3078002929688,197.0036773681641,7157.04638671875,16663.0,1075.398193359375,55776.8515625,3193.403564453125
2022-03-16,688.79443359375,200.9379730224609,7220.4169921875,16975.349609375,1093.5531005859375,56816.6484375,3248.494140625
2022-03-17,703.96728515625,202.84298706054688,7420.271484375,17287.05078125,1129.203369140625,57863.9296875,3263.466796875
2022-03-21,707.0350952148438,202.5116729736328,7432.37646484375,17117.599609375,1122.6966552734375,57292.48828125,3222.548583984375
2022-03-22,710.6737060546875,206.860107421875,7491.31103515625,17315.5,1151.7037353515625,57989.30078125,3288.524169921875
2022-03-23,703.5867919921875,208.7237091064453,7373.828125,17245.650390625,1155.366455078125,57684.8203125,3298.6982421875
2022-03-24,686.178466796875,211.08425903320312,7289.044921875,17222.75,1173.3167724609375,57595.6796875,3331.974853515625
2022-03-25,680.5896606445312,209.84185791015625,7152.5615234375,17153.0,1181.1429443359375,57362.19921875,3294.2998046875
2022-03-28,681.4934692382812,212.90646362304688,7212.2666015625,17222.0,1193.018798828125,57593.48828125,3294.522216796875
2022-03-29,690.530517578125,210.877197265625,7175.4208984375,17325.30078125,1193.2918701171875,57943.6484375,3292.43408203125
2022-03-30,702.4928588867188,206.40451049804688,7329.21826171875,17498.25,1216.224609375,58683.98828125,3315.71435546875
2022-03-31,699.3535766601562,207.60552978515625,7293.24072265625,17464.75,1198.8427734375,58568.51171875,3323.177734375
2022-04-01,716.31005859375,209.8004608154297,7427.0712890625,17670.44921875,1208.4437255859375,59276.69140625,3339.882568359375
2022-04-04,788.0363159179688,211.5812225341797,7499.171875,18053.400390625,1212.015625,60611.73828125,3350.1904296875
2022-04-05,764.9439697265625,214.89427185058597,7486.68115234375,17957.400390625,1194.88427734375,60176.5,3389.68701171875
2022-04-06,737.6423950195312,215.01852416992188,7469.6572265625,17807.650390625,1191.6993408203125,59610.41015625,3336.8623046875
2022-04-07,721.4232177734375,212.57516479492188,7369.6328125,17639.55078125,1170.6776123046875,59034.94921875,3273.596435546875
2022-04-08,720.42431640625,221.8103485107422,7290.01025390625,17784.349609375,1190.1522216796875,59447.1796875,3274.92919921875
2022-04-11,711.6251220703125,221.56187438964844,7297.1953125,17674.94921875,1187.6724853515625,58964.5703125,3284.481201171875
2022-04-12,710.3646240234375,219.32550048828125,7348.26806640625,17530.30078125,1165.30859375,58576.37109375,3279.771484375
2022-04-13,696.78515625,223.25979614257807,7204.6953125,17475.650390625,1161.0313720703125,58338.9296875,3253.870361328125
2022-04-18,663.7283325195312,223.71534729003903,7305.00830078125,17173.650390625,1157.4822998046875,57166.73828125,3134.891845703125
2022-04-19,638.400634765625,216.63365173339844,7171.5146484375,16958.650390625,1201.5955810546875,56463.1484375,3084.99853515625
2022-04-20,644.1559448242188,214.9771270751953,7394.904296875,17136.55078125,1236.9273681640625,57037.5,3160.437744140625
2022-04-21,653.6923217773438,215.68115234375,7599.87109375,17392.599609375,1265.8890380859375,57911.6796875,3224.281005859375
2022-04-22,644.7742309570312,216.26095581054688,7624.27392578125,17171.94921875,1255.2872314453125,57197.1484375,3209.975341796875
2022-04-25,649.6019287109375,211.4156036376953,7631.845703125,16953.94921875,1226.2574462890625,56579.890625,3152.7958984375
2022-04-26,652.598388671875,214.4801788330078,7626.44384765625,17200.80078125,1262.9541015625,57356.609375,3151.108154296875
2022-04-27,652.8363037109375,213.27915954589844,7512.28955078125,17038.400390625,1264.1827392578125,56819.390625,3164.347412109375
2022-04-28,652.2655029296875,216.26095581054688,7608.50341796875,17245.05078125,1283.065673828125,57521.05859375,3184.873291015625
2022-04-29,658.5676879882812,214.9771270751953,7444.1923828125,17102.55078125,1269.597412109375,57060.87109375,3151.463623046875
2022-05-02,667.6524047851562,217.95887756347656,7364.0869140625,17069.099609375,1265.13818359375,56975.98828125,3147.642822265625
2022-05-04,644.9644775390625,215.14279174804688,7135.6337890625,16677.599609375,1225.64306640625,55669.03125,3091.97412109375
2022-05-05,643.5137329101562,217.0478057861328,7145.0380859375,16682.650390625,1201.6412353515625,55702.23046875,3121.8740234375
2022-05-06,626.699951171875,220.8578186035156,7021.1904296875,16411.25,1192.42724609375,54835.578125,3050.078125
2022-05-09,627.7700805664062,217.79324340820312,7099.3662109375,16301.849609375,1145.8568115234375,54470.671875,3061.185791015625
2022-05-10,637.8536987304688,215.14279174804688,7249.4501953125,16240.0498046875,1125.9954833984375,54364.8515625,3055.54296875
2022-05-11,641.4447021484375,211.74688720703125,7134.23486328125,16167.099609375,1114.4608154296875,54088.390625,3031.774169921875
2022-05-12,626.9856567382812,209.4691467285156,6996.49755859375,15808.0,1091.7559814453125,52930.30859375,3028.7978515625
2022-05-13,621.3558959960938,214.1902618408203,6850.17578125,15782.150390625,1104.132080078125,52793.62109375,3034.35107421875
2022-05-16,627.9719848632812,210.46304321289065,6990.662109375,15842.2998046875,1104.4052734375,52973.83984375,3000.4970703125
2022-05-17,632.2544555664062,219.24270629882807,7265.7509765625,16259.2998046875,1150.793701171875,54318.46875,3066.96142578125
2022-05-18,632.2063598632812,220.9820709228516,7298.30419921875,16240.2998046875,1154.979736328125,54208.53125,3064.47314453125
2022-05-19,619.2869873046875,228.31224060058597,7142.04736328125,15809.400390625,1128.361572265625,52792.23046875,2898.445068359375
2022-05-20,635.5984497070312,231.9152069091797,7317.6435546875,16266.150390625,1194.15625,54326.390625,2926.03515625
2022-05-23,627.4427490234375,227.35972595214844,7617.47412109375,16214.7001953125,1186.1707763671875,54288.609375,2951.581298828125
2022-05-24,634.63623046875,224.33657836914065,7526.03466796875,16125.150390625,1190.2431640625,54052.609375,2921.592041015625
2022-05-25,639.375732421875,225.8688507080078,7511.18017578125,16025.7998046875,1188.491455078125,53749.26171875,2833.613525390625
2022-05-26,657.6118774414062,226.2852020263672,7528.30078125,16170.150390625,1177.1617431640625,54252.53125,2886.660400390625
2022-05-27,669.8095092773438,228.40635681152344,7661.36083984375,16352.4501953125,1171.701416015625,54884.66015625,2917.38818359375
2022-05-30,674.3807373046875,228.2790679931641,7729.79541015625,16661.400390625,1212.5159912109375,55925.73828125,3019.32177734375
2022-05-31,668.3179931640625,229.6366424560547,7683.931640625,16584.55078125,1197.887451171875,55566.41015625,3009.57080078125
2022-06-01,671.1568603515625,230.65480041503903,7657.9365234375,16522.75,1198.2742919921875,55381.171875,3001.385986328125
2022-06-02,666.4654541015625,232.0547637939453,7644.4326171875,16628.0,1239.5892333984375,55818.109375,3062.03662109375
2022-06-03,664.1558837890625,231.3759765625,7431.89404296875,16584.30078125,1264.7059326171875,55769.23046875,3077.377685546875
2022-06-06,663.2656860351562,233.15774536132807,7437.19921875,16569.55078125,1259.2685546875,55675.3203125,3069.147705078125
2022-06-07,655.6392211914062,232.39414978027344,7532.54541015625,16416.349609375,1261.634521484375,55107.33984375,3008.0947265625
2022-06-08,657.9487915039062,227.3033447265625,7612.65185546875,16356.25,1239.4755859375,54892.48828125,3045.173583984375
2022-06-09,662.9048461914062,229.80633544921875,7648.7255859375,16478.099609375,1273.4649658203125,55320.28125,3065.7041015625
2022-06-10,650.1057739257812,229.21240234375,7653.7890625,16201.7998046875,1235.0164794921875,54303.44140625,3005.590087890625
2022-06-13,638.3171997070312,224.5458526611328,7621.4765625,15774.400390625,1211.6514892578125,52846.69921875,2880.085205078125
2022-06-14,631.2921142578125,225.224609375,7534.7158203125,15732.099609375,1195.8170166015625,52693.5703125,2871.989990234375
2022-06-15,629.102783203125,223.48529052734372,7575.03369140625,15692.150390625,1181.3475341796875,52541.390625,2868.1875
2022-06-16,616.520263671875,221.1944122314453,7555.8876953125,15360.599609375,1164.830810546875,51495.7890625,2810.66845703125
2022-06-17,620.5861206054688,223.4004364013672,7415.59375,15293.5,1178.4810791015625,51360.421875,2763.167724609375
2022-06-20,636.1759033203125,224.07920837402344,7389.3583984375,15350.150390625,1157.1182861328125,51597.83984375,2784.190185546875
2022-06-21,643.1047973632812,229.0002899169922,7504.7666015625,15638.7998046875,1175.7967529296875,52532.0703125,2873.242431640625
2022-06-22,640.0734252929688,225.09735107421875,7506.83984375,15413.2998046875,1140.0782470703125,51822.53125,2883.082275390625
2022-06-23,642.43115234375,225.2670135498047,7977.78125,15556.650390625,1121.5819091796875,52265.71875,2959.87939453125
2022-06-24,651.4049682617188,225.56398010253903,8066.71240234375,15699.25,1137.5528564453125,52727.98046875,2945.834716796875
2022-06-27,652.5838012695312,229.04269409179688,8149.228515625,15832.0498046875,1134.185791015625,53161.28125,2965.15673828125
2022-06-28,647.6036987304688,230.65480041503903,8188.72802734375,15850.2001953125,1150.1337890625,53177.44921875,2968.243408203125
2022-06-29,646.6654052734375,232.52142333984372,8207.2470703125,15799.099609375,1173.999267578125,53026.96875,2943.509033203125
2022-06-30,648.6141357421875,232.0547637939453,8170.44970703125,15780.25,1181.052001953125,53018.94140625,2922.576171875
2022-07-01,651.380859375,241.2605743408203,8104.71484375,15752.0498046875,1095.987548828125,52907.9296875,2965.51513671875
2022-07-04,652.2951049804688,247.6664581298828,8144.02001953125,15835.349609375,1098.262451171875,53234.76953125,2893.90625
2022-07-05,650.8275146484375,243.42417907714844,8052.72607421875,15810.849609375,1107.1580810546875,53134.3515625,2877.13330078125
2022-07-06,659.8013305664062,245.46046447753903,8324.1025390625,15989.7998046875,1097.420654296875,53750.96875,2916.896240234375
2022-07-07,671.6139526367188,247.7089080810547,8301.291015625,16132.900390625,1086.6142578125,54178.4609375,2941.13818359375
2022-07-08,672.2394409179688,248.6422271728516,8175.46533203125,16220.599609375,1088.11572265625,54481.83984375,2921.100341796875
2022-07-11,676.5940551757812,250.29672241210935,8206.0419921875,16216.0,1102.903564453125,54395.23046875,2785.4423828125
2022-07-12,669.6893310546875,248.34527587890625,8121.208984375,16058.2998046875,1101.3338623046875,53886.609375,2759.41064453125
2022-07-13,653.3535766601562,249.49069213867188,8140.98291015625,15966.650390625,1081.813720703125,53514.1484375,2718.30615234375
2022-07-14,650.0817260742188,246.77561950683597,8264.0107421875,15938.650390625,1090.7320556640625,53416.1484375,2689.605712890625
2022-07-15,655.3746337890625,249.06642150878903,8466.8544921875,16049.2001953125,1092.847900390625,53760.78125,2685.88330078125
2022-07-18,648.3976440429688,250.55128479003903,8396.201171875,16278.5,1102.1529541015625,54521.1484375,2747.680419921875
2022-07-19,648.63818359375,249.9573516845703,8406.8603515625,16340.5498046875,1108.909912109375,54767.62109375,2757.322021484375
2022-07-20,656.8179931640625,253.0117950439453,8438.8828125,16520.849609375,1138.8951416015625,55397.53125,2838.537109375
2022-07-21,654.7490234375,254.1571807861328,8485.1328125,16605.25,1131.29638671875,55681.94921875,2849.7490234375
2022-07-22,670.0260620117188,255.0056610107422,8517.8798828125,16719.44921875,1138.940673828125,56072.23046875,2844.09814453125
2022-07-25,671.9989013671875,255.47235107421875,8315.9521484375,16631.0,1101.31103515625,55766.21875,2840.285888671875
2022-07-26,670.6276245117188,256.6177673339844,8223.5966796875,16483.849609375,1101.8116455078125,55268.48828125,2794.677978515625
2022-07-27,675.7520141601562,258.06011962890625,8351.1572265625,16641.80078125,1100.76513671875,55816.3203125,2860.107666015625
2022-07-28,681.7424926757812,257.4662170410156,8411.875,16929.599609375,1118.010009765625,56857.7890625,2924.371337890625
2022-07-29,690.0907592773438,257.1268310546875,8462.5146484375,17158.25,1141.8299560546875,57570.25,2961.503173828125
2022-08-01,695.8407592773438,260.9024963378906,8684.216796875,17340.05078125,1171.5877685546875,58115.5,2958.722900390625
2022-08-02,688.1901245117188,262.98126220703125,8847.8515625,17345.44921875,1176.046875,58136.359375,2952.444580078125
2022-08-03,689.8021240234375,261.4540100097656,8698.7216796875,17388.150390625,1185.9205322265625,58350.53125,2995.227294921875
2022-08-04,688.984130859375,262.59942626953125,8705.7607421875,17382.0,1170.245361328125,58298.80078125,3009.08447265625
2022-08-05,686.6505126953125,263.744873046875,8583.9130859375,17397.5,1153.0003662109375,58387.9296875,3018.143310546875
2022-08-08,703.4913330078125,265.69635009765625,8662.3134765625,17525.099609375,1168.083984375,58853.0703125,3026.57373046875
2022-08-10,705.5363159179688,264.0418395996094,8621.29296875,17534.75,1175.068603515625,58817.2890625,3008.45654296875
2022-08-11,714.8709716796875,259.8419494628906,8557.3583984375,17659.0,1178.981689453125,59332.6015625,3069.6708984375
2022-08-12,714.6063842773438,261.7933959960937,8446.044921875,17698.150390625,1198.046630859375,59462.78125,3050.880859375
2022-08-16,722.7861938476562,263.49029541015625,8741.6845703125,17825.25,1206.3734130859375,59842.2109375,3042.942626953125
2022-08-17,726.5151977539062,265.187255859375,8684.060546875,17944.25,1212.67529296875,60260.12890625,3050.4765625
2022-08-18,727.3812866210938,267.8175048828125,8687.3134765625,17956.5,1214.87451171875,60298.0,3032.67333984375
2022-08-19,718.407470703125,264.7205505371094,8523.474609375,17758.44921875,1193.2137451171875,59646.1484375,3036.708984375
2022-08-22,707.4850463867188,266.7569274902344,8376.9169921875,17490.69921875,1189.904052734375,58773.87109375,3008.725830078125
2022-08-23,705.2957153320312,268.02960205078125,8466.7255859375,17577.5,1208.2552490234375,59031.30078125,2945.98681640625
2022-08-24,708.6879272460938,266.5023803710937,8450.705078125,17604.94921875,1205.0369873046875,59085.4296875,2919.752197265625
2022-08-25,704.838623046875,265.017578125,8481.6787109375,17522.44921875,1201.52197265625,58774.71875,2886.431884765625
2022-08-26,704.9588623046875,265.4842224121094,8466.822265625,17558.900390625,1195.108154296875,58833.87109375,2890.019775390625
2022-08-29,692.5929565429688,266.03570556640625,8577.1171875,17312.900390625,1185.8184814453125,57972.62109375,2809.612060546875
2022-08-30,715.0634155273438,271.9325561523437,8817.9482421875,17759.30078125,1204.2152099609375,59537.0703125,2880.108642578125
2022-09-01,708.3511352539062,269.47198486328125,8761.87890625,17542.80078125,1168.8138427734375,58766.58984375,2808.849365234375
2022-09-02,714.774658203125,274.1809387207031,8660.0302734375,17539.44921875,1155.1646728515625,58803.328125,2807.683349609375
2022-09-05,719.369873046875,279.0172119140625,8689.595703125,17665.80078125,1173.1051025390625,59245.98046875,2810.373779296875
2022-09-06,716.627197265625,277.5747985839844,8630.0791015625,17655.599609375,1185.453125,59196.98828125,2804.678955078125
2022-09-07,713.2349853515625,276.6839294433594,8529.2509765625,17624.400390625,1178.56005859375,59028.91015625,2824.903564453125
2022-09-08,720.5968627929688,279.9080810546875,8534.833984375,17798.75,1180.226318359375,59688.21875,2842.886962890625
2022-09-09,721.0780029296875,280.4172058105469,8685.6640625,17833.349609375,1172.8768310546875,59793.140625,2885.9384765625
2022-09-12,718.6481323242188,280.75653076171875,8667.84765625,17936.349609375,1186.0009765625,60115.12890625,2908.630615234375
2022-09-13,728.054931640625,283.7261657714844,8666.7294921875,18070.05078125,1195.9071044921875,60571.078125,2896.4326171875
2022-09-14,735.537109375,284.5322265625,8706.24609375,18003.75,1181.572998046875,60346.96875,2798.714599609375
2022-09-15,731.7117919921875,283.4716186523437,8941.7373046875,17877.400390625,1169.864013671875,59934.01171875,2784.319580078125
2022-09-16,718.26318359375,281.095947265625,8922.22265625,17530.849609375,1140.8763427734375,58840.7890625,2698.529296875
2022-09-19,723.002685546875,284.7442932128906,9010.767578125,17622.25,1142.35986328125,59141.23046875,2716.556884765625
2022-09-20,731.7117919921875,285.0837097167969,9030.1865234375,17816.25,1142.54248046875,59719.73828125,2726.871826171875
2022-09-21,730.5810546875,289.2836303710937,8978.77734375,17718.349609375,1145.6925048828125,59456.78125,2691.802490234375
2022-09-22,715.0153198242188,292.7622985839844,9128.2470703125,17629.80078125,1134.896240234375,59119.71875,2697.36376953125
2022-09-23,695.8407592773438,293.90771484375,9071.546875,17327.349609375,1113.62353515625,58098.921875,2674.626953125
2022-09-26,686.4579467773438,282.1989440917969,8577.845703125,17016.30078125,1085.252197265625,57145.21875,2685.703857421875
2022-09-27,680.299072265625,284.10797119140625,8518.716796875,17007.400390625,1093.8800048828125,57107.51953125,2706.37744140625
2022-09-28,668.6066284179688,275.7082214355469,8472.79296875,16858.599609375,1064.755615234375,56598.28125,2722.701416015625
2022-09-29,665.1422119140625,282.58074951171875,8373.859375,16818.099609375,1061.49169921875,56409.9609375,2688.304443359375
2022-09-30,683.9078369140625,281.8595275878906,8571.244140625,17094.349609375,1085.434814453125,57426.921875,2694.807861328125
2022-10-03,679.9862670898438,275.24151611328125,8298.2744140625,16887.349609375,1081.6688232421875,56788.80859375,2677.22802734375
2022-10-04,699.13671875,282.4110412597656,8437.5986328125,17274.30078125,1101.6175537109375,58065.46875,2772.47998046875
2022-10-06,691.4381103515625,285.6351928710937,8449.734375,17331.80078125,1105.6802978515625,58222.1015625,2782.166259765625
2022-10-07,688.4547729492188,283.4716186523437,8523.619140625,17314.650390625,1110.359619140625,58191.2890625,2748.936279296875
2022-10-10,680.8524169921875,278.16876220703125,8604.4970703125,17241.0,1098.2396240234375,57991.109375,2797.0556640625
2022-10-11,673.9476318359375,276.8536376953125,8431.43359375,16983.55078125,1076.373291015625,57147.3203125,2753.1064453125
2022-10-12,678.350341796875,280.0777893066406,8433.8115234375,17123.599609375,1084.2935791015625,57625.91015625,2781.090576171875
2022-10-13,670.5553588867188,278.8475036621094,8397.8408203125,17014.349609375,1087.7401123046875,57235.328125,2783.377197265625
2022-10-14,692.400390625,281.77471923828125,8366.5283203125,17185.69921875,1082.216552734375,57919.96875,2779.655029296875
2022-10-17,696.033203125,281.9019775390625,8469.9296875,17311.80078125,1099.586181640625,58410.98046875,2798.179443359375
2022-10-18,694.7340087890625,288.7320861816406,8551.0478515625,17486.94921875,1118.9873046875,58960.6015625,2827.80859375
2022-10-19,701.8553466796875,293.8653259277344,8465.607421875,17512.25,1138.4569091796875,59107.19140625,2807.261474609375
2022-10-20,697.1159057617188,296.7076416015625,8454.0068359375,17563.94921875,1141.5155029296875,59202.8984375,2839.138671875
2022-10-21,692.2079467773438,293.2289733886719,8450.0263671875,17576.30078125,1128.2769775390625,59307.1484375,2821.244140625
2022-10-24,703.0101318359375,295.0107727050781,8510.3671875,17730.75,1132.0430908203125,59831.66015625,2843.095458984375
2022-10-25,698.1262817382812,293.8228759765625,8742.9462890625,17656.349609375,1114.559326171875,59543.9609375,2843.45556640625
2022-10-27,699.8104248046875,293.398681640625,8778.8203125,17736.94921875,1118.9415283203125,59756.83984375,2839.229248046875
2022-10-28,701.87939453125,293.398681640625,9216.3076171875,17786.80078125,1153.178955078125,59959.8515625,2844.489990234375
2022-10-31,720.1637573242188,295.8592224121094,9250.337890625,18012.19921875,1163.8837890625,60746.58984375,2871.376220703125
2022-11-01,728.1270751953125,296.5379638671875,9179.4619140625,18145.400390625,1154.8680419921875,61121.3515625,2931.219970703125
2022-11-02,728.5841674804688,300.9075927734375,8960.8154296875,18082.849609375,1162.08056640625,60906.08984375,2915.033935546875
2022-11-03,725.3844604492188,300.1015319824219,8970.2333984375,18052.69921875,1166.417236328125,60836.41015625,2883.60595703125
2022-11-04,720.38037109375,300.0166320800781,8960.9130859375,18117.150390625,1183.5816650390625,60950.359375,2893.18310546875
2022-11-07,725.9859008789062,299.9317932128906,9061.6923828125,18202.80078125,1189.904052734375,61185.1484375,2907.84033203125
2022-11-09,725.7693481445312,306.0407409667969,8984.21484375,18157.0,1188.7171630859375,61033.55078125,2891.968994140625
2022-11-10,733.6605224609375,302.0529479980469,8832.51171875,18028.19921875,1174.3375244140625,60613.69921875,2882.616455078125
2022-11-11,775.2334594726562,302.34991455078125,8823.09375,18349.69921875,1201.407958984375,61795.0390625,2981.802001953125
2022-11-14,777.1099853515625,294.5865173339844,8886.0068359375,18329.150390625,1195.58740234375,61624.1484375,2999.3818359375
2022-11-15,779.0106201171875,292.9320068359375,8895.5712890625,18403.400390625,1190.2237548828125,61872.98828125,2996.774658203125
2022-11-16,785.6988525390625,291.9562683105469,8869.1142578125,18409.650390625,1183.3990478515625,61980.71875,3017.23193359375
2022-11-17,778.6016845703125,291.6169128417969,8724.935546875,18343.900390625,1186.45751953125,61750.6015625,3011.521484375
2022-11-18,776.5567016601562,289.3684387207031,8590.5634765625,18307.650390625,1185.8184814453125,61663.48046875,3006.53076171875
2022-11-21,768.59326171875,286.1018371582031,8607.21484375,18159.94921875,1164.4771728515625,61144.83984375,2952.621826171875
2022-11-22,767.4625244140625,288.6896667480469,8615.515625,18244.19921875,1170.9366455078125,61418.9609375,2980.90283203125
2022-11-23,769.45947265625,288.3078918457031,8674.4990234375,18267.25,1167.28466796875,61510.578125,2974.9228515625
2022-11-24,781.9698486328125,289.11395263671875,8706.1484375,18484.099609375,1177.3504638671875,62272.6796875,3039.5322265625
2022-11-25,778.3610229492188,288.7320861816406,8757.0234375,18512.75,1194.925537109375,62293.640625,3048.075439453125
2022-11-28,769.9887084960938,288.5199890136719,8723.9169921875,18562.75,1235.9874267578125,62504.80078125,3053.111083984375
2022-11-29,768.8339233398438,290.4290466308594,8650.9052734375,18618.05078125,1238.1099853515625,62681.83984375,3054.999755859375
2022-11-30,773.9342651367188,288.47760009765625,8712.9951171875,18758.349609375,1246.8519287109375,63099.6484375,3049.109130859375
2022-12-01,779.2511596679688,288.09576416015625,8697.4599609375,18812.5,1243.1771240234375,63284.19140625,3125.4091796875
2022-12-02,773.2847290039062,286.0594787597656,8559.30078125,18696.099609375,1242.6522216796875,62868.5,3092.587158203125
2022-12-05,776.0994873046875,285.7201232910156,8536.193359375,18701.05078125,1224.5294189453125,62834.6015625,3080.67236328125
2022-12-06,775.2334594726562,286.1867370605469,8463.666015625,18642.75,1228.067138671875,62626.359375,3044.20849609375
2022-12-07,774.8966064453125,288.5624084472656,8407.1611328125,18560.5,1209.9442138671875,62410.6796875,3039.93701171875
2022-12-08,779.2511596679688,287.1200256347656,8430.025390625,18609.349609375,1209.3736572265625,62570.6796875,3012.915283203125
2022-12-09,784.8087158203125,289.6654052734375,8362.693359375,18496.599609375,1191.04541015625,62181.671875,2960.93994140625
2022-12-12,790.9194946289062,291.1926574707031,8407.7431640625,18497.150390625,1192.871337890625,62130.5703125,2955.27490234375
2022-12-13,793.1088256835938,293.2289733886719,8369.8291015625,18608.0,1198.3037109375,62533.30078125,2996.32421875
2022-12-14,799.8211669921875,293.0592956542969,8390.12109375,18660.30078125,1193.967041015625,62677.91015625,3026.22412109375
2022-12-15,785.1695556640625,287.5018310546875,8334.34375,18414.900390625,1177.0079345703125,61799.03125,2972.04541015625
2022-12-16,788.9467163085938,284.3200988769531,8238.85546875,18269.0,1171.1876220703125,61337.80859375,2913.72998046875
2022-12-19,791.4006958007812,288.9018249511719,8353.4697265625,18420.44921875,1186.5716552734375,61806.19140625,2879.379638671875
2022-12-20,785.9393920898438,288.6048278808594,8276.2841796875,18385.30078125,1196.8428955078125,61702.2890625,2917.057373046875
2022-12-21,778.3369750976562,284.3625183105469,8107.39599609375,18199.099609375,1179.8155517578125,61067.23828125,2939.17822265625
2022-12-22,775.6665649414062,282.0717163085937,8091.8125,18127.349609375,1176.757080078125,60826.21875,2931.219970703125
2022-12-23,768.7376708984375,277.1929626464844,7904.67236328125,17806.80078125,1142.2459716796875,59845.2890625,2903.029296875
2022-12-26,784.0387573242188,283.8958740234375,8016.51904296875,18014.599609375,1152.22021484375,60566.421875,2925.10498046875
2022-12-27,784.832763671875,282.66558837890625,8063.75390625,18132.30078125,1161.6468505859375,60927.4296875,2931.040283203125
2022-12-28,784.2072143554688,283.7261657714844,8175.98974609375,18122.5,1161.5328369140625,60910.28125,2928.88232421875
2022-12-29,789.7406616210938,284.5322265625,8190.31005859375,18191.0,1161.0079345703125,61133.87890625,2939.35791015625
2022-12-30,783.4132080078125,281.3080749511719,8150.3095703125,18105.30078125,1162.7880859375,60840.73828125,2928.5224609375
2023-01-02,783.6778564453125,282.4110412597656,8158.75537109375,18197.44921875,1175.8896484375,61167.7890625,2932.793701171875
2023-01-03,788.8023681640625,280.9262390136719,8138.80419921875,18232.55078125,1167.28466796875,61294.19921875,2977.666015625
2023-01-04,774.7041625976562,277.44757080078125,8177.689453125,18042.94921875,1149.7095947265625,60657.44921875,2980.6328125
2023-01-05,769.72412109375,282.92010498046875,8214.875,17992.150390625,1147.6552734375,60353.26953125,2977.440673828125
2023-01-06,767.1738891601562,284.2776794433594,8139.0947265625,17859.44921875,1158.0863037109375,59900.37109375,2887.922607421875
2023-01-09,768.6654663085938,286.8230895996094,8133.22119140625,18101.19921875,1185.430419921875,60747.30859375,2985.398681640625
2023-01-10,754.6154174804688,282.877685546875,8051.8125,17914.150390625,1167.90087890625,60115.48046875,2955.229736328125
2023-01-11,765.48974609375,281.5201721191406,8043.365234375,17895.69921875,1153.178955078125,60105.5,2993.267333984375
2023-01-12,769.5797119140625,279.8656616210937,8125.64892578125,17858.19921875,1128.2769775390625,59958.03125,2998.34765625
2023-01-13,770.1812133789062,278.9323425292969,8207.3984375,17956.599609375,1126.4510498046875,60261.1796875,3034.496826171875
2023-01-16,762.7952880859375,280.1626281738281,8136.23095703125,17894.849609375,1115.723388671875,60092.96875,3066.2255859375
2023-01-17,774.1507568359375,281.9019775390625,8232.5927734375,18053.30078125,1131.56396484375,60655.71875,3107.012939453125
2023-01-18,787.8159790039062,283.93829345703125,8246.865234375,18165.349609375,1129.692138671875,61045.73828125,3117.680908203125
2023-01-19,791.087890625,281.8171691894531,8254.244140625,18107.849609375,1128.482421875,60858.4296875,3102.13818359375
2023-01-20,799.195556640625,283.8958740234375,8194.1943359375,18027.650390625,1115.0614013671875,60621.76953125,3092.942138671875
2023-01-23,805.0418090820312,286.5685119628906,8172.15380859375,18118.55078125,1109.4237060546875,60941.671875,3140.580810546875
2023-01-24,815.8199462890625,287.5867004394531,8445.6572265625,18118.30078125,1102.873046875,60978.75,3160.26171875
2023-01-25,793.2772216796875,287.8412475585937,8528.474609375,17891.94921875,1087.6259765625,60205.05859375,3154.23779296875
2023-01-27,777.4708251953125,293.5683898925781,8483.23046875,17604.349609375,1066.992431640625,59330.8984375,3137.040283203125
2023-01-30,776.6768798828125,292.5502014160156,8560.41796875,17648.94921875,1077.218017578125,59500.41015625,3157.824462890625
2023-01-31,771.552490234375,298.9560852050781,8636.4375,17662.150390625,1074.5245361328125,59549.8984375,3088.895263671875
2023-02-01,783.1246337890625,306.6347045898437,8513.66796875,17616.30078125,1068.156494140625,59708.078125,3134.55712890625
2023-02-02,771.4802856445312,321.2282409667969,8612.0205078125,17610.400390625,1062.244873046875,59932.23828125,3182.42578125
2023-02-03,798.1610107421875,322.96759033203125,8682.0712890625,17854.05078125,1063.1805419921875,60841.87890625,3202.566162109375
2023-02-06,794.7688598632812,325.3008728027344,8648.7685546875,17764.599609375,1055.1690673828125,60506.8984375,3182.011962890625
2023-02-07,795.9476318359375,316.6889953613281,8507.4541015625,17721.5,1052.6356201171875,60286.0390625,3193.60009765625
2023-02-08,795.8513793945312,318.6404724121094,8577.6025390625,17871.69921875,1073.6572265625,60663.7890625,3237.329833984375
2023-02-09,794.1914672851562,317.5374755859375,8545.0771484375,17893.44921875,1075.5289306640625,60806.21875,3256.413330078125
2023-02-10,797.3430786132812,315.076904296875,8554.931640625,17856.5,1066.6728515625,60682.69921875,3253.378662109375
2023-02-13,797.9445190429688,317.4949951171875,8553.0869140625,17770.900390625,1060.6014404296875,60431.83984375,3202.658447265625
2023-02-14,805.3303833007812,327.888671875,8519.10546875,17929.849609375,1085.5947265625,61032.26171875,3218.9365234375
2023-02-15,803.6945190429688,329.5971069335937,8587.9423828125,18015.849609375,1110.1768798828125,61275.08984375,3237.8359375
2023-02-16,800.7835083007812,329.89892578125,8548.86328125,18035.849609375,1109.3095703125,61319.51171875,3272.23193359375
2023-02-17,796.7657470703125,330.6319274902344,8551.435546875,17944.19921875,1113.9429931640625,61002.5703125,3219.90234375
2023-02-20,789.283447265625,331.1924743652344,8440.6572265625,17844.599609375,1102.16552734375,60691.5390625,3207.1650390625
2023-02-21,792.24267578125,329.64019775390625,8417.548828125,17826.69921875,1111.158447265625,60672.71875,3173.78076171875
2023-02-22,776.7009887695312,331.0199890136719,8406.966796875,17554.30078125,1085.959716796875,59744.98046875,3128.30322265625
2023-02-23,771.4321899414062,334.25390625,8443.181640625,17511.25,1080.755615234375,59605.80078125,3139.569091796875
2023-02-24,764.5514526367188,332.0979919433594,8408.4716796875,17465.80078125,1088.1510009765625,59463.9296875,3127.29150390625
2023-02-27,766.4521484375,329.5971069335937,8380.9951171875,17392.69921875,1080.91552734375,59288.3515625,3064.202392578125
2023-02-28,769.6759643554688,324.8540954589844,8373.3720703125,17303.94921875,1060.2362060546875,58962.12109375,3046.72900390625
2023-03-01,768.9302368164062,326.57879638671875,8509.10546875,17450.900390625,1069.982421875,59411.078125,3113.72607421875
2023-03-02,762.3861694335938,323.8623962402344,8299.9736328125,17321.900390625,1061.833984375,58909.3515625,3054.637451171875
2023-03-03,777.5189208984375,331.9686279296875,8350.9453125,17594.349609375,1088.927001953125,59808.96875,3073.67529296875
2023-03-06,783.0042724609375,334.7281799316406,8380.2666015625,17711.44921875,1099.5633544921875,60224.4609375,3100.9892578125
2023-03-08,784.568115234375,338.3932189941406,8440.900390625,17754.400390625,1103.5120849609375,60348.08984375,3118.048828125
2023-03-09,784.6402587890625,334.1676940917969,8293.37109375,17589.599609375,1076.98974609375,59806.28125,3068.80078125
2023-03-10,764.4072265625,334.5988464355469,8351.2373046875,17412.900390625,1060.3046875,59135.12890625,3063.420654296875
2023-03-13,754.7357177734375,330.8475341796875,8270.5078125,17154.30078125,1042.8665771484375,58237.8515625,3018.310791015625
2023-03-14,752.7147216796875,327.441162109375,8264.4384765625,17043.30078125,1038.9635009765625,57900.19140625,2956.692626953125
2023-03-15,741.91259765625,327.1824645996094,8228.3212890625,16972.150390625,1021.2056884765624,57555.8984375,2941.93212890625
2023-03-16,746.7241821289062,328.9503173828125,8191.912109375,16985.599609375,1016.1157836914062,57634.83984375,2929.1484375
2023-03-17,756.70849609375,323.8623962402344,8074.82177734375,17100.05078125,1014.837646484375,57989.8984375,2923.90673828125
2023-03-20,751.4636840820312,326.6650695800781,7980.4013671875,16988.400390625,1004.8632202148438,57628.94921875,2890.798583984375
2023-03-21,759.9804077148438,325.0696716308594,7988.9462890625,17107.5,1036.1102294921875,58074.6796875,2856.586669921875
2023-03-22,758.2241821289062,325.75958251953125,8012.248046875,17151.900390625,1039.26025390625,58214.58984375,2879.302490234375
2023-03-23,752.1373901367188,328.2604675292969,8110.11376953125,17076.900390625,1026.1131591796875,57925.28125,2873.646728515625
2023-03-24,750.9344482421875,326.57879638671875,8003.0244140625,16945.05078125,1005.7989501953124,57527.1015625,2869.829833984375
2023-03-27,754.2063598632812,327.87237548828125,8037.4423828125,16985.69921875,1021.4340209960938,57653.859375,2871.485595703125
2023-03-28,760.3412475585938,327.4843139648437,7969.916015625,16951.69921875,1026.2044677734375,57613.71875,2865.599365234375
2023-03-29,763.9981689453125,330.0714111328125,8053.89892578125,17080.69921875,1020.133056640625,57960.08984375,2886.751220703125
2023-03-31,774.4635009765625,330.7182006835937,8050.8408203125,17359.75,1064.116455078125,58991.51953125,2948.369873046875
2023-04-03,774.9447631835938,326.7513122558594,8255.603515625,17398.05078125,1064.299072265625,59106.44140625,2942.94384765625
2023-04-05,795.7311401367188,333.21905517578125,8201.232421875,17557.05078125,1061.74267578125,59689.30859375,2979.546875
2023-04-06,801.7938232421875,334.038330078125,8268.8076171875,17599.150390625,1068.8638916015625,59832.96875,2961.98095703125
2023-04-10,797.99267578125,335.0731201171875,8286.76953125,17624.05078125,1061.2861328125,59846.51171875,3001.250244140625
2023-04-11,800.3263549804688,341.4977722167969,8407.548828125,17722.30078125,1066.535888671875,60157.71875,2955.63525390625
2023-04-12,810.7195434570312,339.3849792480469,8370.1689453125,17812.400390625,1071.2379150390625,60392.76953125,2981.248046875
2023-04-13,814.352294921875,341.1528625488281,8418.4716796875,17828.0,1075.2777099609375,60431.0,2932.689453125
2023-04-17,801.9382934570312,345.0766296386719,8422.2099609375,17706.849609375,1080.73291015625,59910.75,2887.3037109375
2023-04-18,798.5459594726562,343.6536865234375,8478.5224609375,17660.150390625,1068.3619384765625,59727.01171875,2879.257080078125
2023-04-19,801.4810791015625,343.8693542480469,8427.35546875,17618.75,1073.68017578125,59567.80078125,2841.41259765625
2023-04-20,804.46435546875,345.2059936523437,8461.044921875,17624.44921875,1070.9637451171875,59632.3515625,2855.390869140625
2023-04-21,805.7635498046875,352.061767578125,8309.3916015625,17624.05078125,1072.310546875,59655.05859375,2906.9384765625
2023-04-24,812.2833862304688,352.44989013671875,8219.77734375,17743.400390625,1076.4190673828125,60056.1015625,2919.768310546875
2023-04-25,800.7352905273438,354.9076538085937,8222.4482421875,17769.25,1084.6588134765625,60130.7109375,2920.87109375
2023-04-26,804.416259765625,355.51129150390625,8259.341796875,17813.599609375,1078.290771484375,60300.578125,2941.242431640625
2023-04-27,808.8429565429688,358.74517822265625,8294.341796875,17915.05078125,1085.1153564453125,60649.37890625,2931.862060546875
2023-04-28,812.0187377929688,366.9807434082031,8339.5859375,18065.0,1104.9500732421875,61112.44140625,2960.6474609375
2023-05-02,811.8502807617188,366.0321960449219,8521.435546875,18147.650390625,1114.3310546875,61354.7109375,2960.78564453125
2023-05-03,814.6891479492188,368.3605651855469,8541.2900390625,18089.849609375,1104.7674560546875,61193.30078125,2924.458251953125
2023-05-04,831.3616943359375,366.1615295410156,8544.494140625,18255.80078125,1117.503662109375,61749.25,2961.98095703125
2023-05-05,782.2103271484375,369.7403259277344,8688.236328125,18069.0,1114.650634765625,61054.2890625,2971.177734375
2023-05-08,791.25634765625,372.0687561035156,8812.123046875,18264.400390625,1128.4139404296875,61764.25,2989.479248046875
2023-05-09,791.2803344726562,365.47161865234375,8846.39453125,18265.94921875,1131.9061279296875,61761.328125,3019.506103515625
2023-05-10,794.937255859375,366.8082885742188,8901.349609375,18315.099609375,1139.6895751953125,61940.19921875,3022.77099609375
2023-05-11,795.466552734375,362.5395812988281,8991.3994140625,18297.0,1132.2486572265625,61904.51953125,3018.494384765625
2023-05-12,802.4916381835938,362.5827026367188,9024.8955078125,18314.80078125,1134.0972900390625,62027.8984375,3011.275634765625
2023-05-15,806.3410034179688,368.9211120605469,8939.3583984375,18398.849609375,1136.3341064453125,62345.7109375,2993.57177734375
2023-05-16,801.7174072265625,365.6009521484375,8807.3642578125,18286.5,1120.1514892578125,61932.46875,2996.422607421875
2023-05-17,797.4102172851562,368.7486267089844,8854.017578125,18181.75,1113.5322265625,61560.640625,2950.945068359375
2023-05-18,800.5980224609375,361.9359130859375,8789.83984375,18129.94921875,1111.1357421875,61431.73828125,2942.805908203125
2023-05-19,801.522705078125,362.0653076171875,8840.9580078125,18203.400390625,1114.7418212890625,61729.6796875,2963.9580078125
2023-05-22,798.6756591796875,366.2909240722656,8890.18359375,18314.400390625,1120.69921875,61963.6796875,3033.714599609375
2023-05-23,796.8018798828125,370.0852966308594,8932.951171875,18348.0,1120.49365234375,61981.7890625,3032.19775390625
2023-05-24,786.3867797851562,373.8366394042969,9000.962890625,18285.400390625,1113.9658203125,61773.78125,3037.991455078125
2023-05-25,783.3693237304688,380.4337463378906,9011.740234375,18321.150390625,1113.8289794921875,61872.62109375,3028.933349609375
2023-05-26,786.3867797851562,382.5465087890625,9126.4033203125,18499.349609375,1144.2088623046875,62501.69140625,3061.489501953125
2023-05-29,795.9744873046875,387.2895202636719,9061.8876953125,18598.650390625,1150.6453857421875,62846.37890625,3053.6259765625
2023-05-30,796.5828857421875,396.6940612792969,9110.28515625,18633.849609375,1150.3486328125,62969.12890625,3049.80908203125
2023-05-31,783.977783203125,392.8144226074219,9095.091796875,18534.400390625,1127.5009765625,62622.23828125,3025.254150390625
2023-06-01,780.6439208984375,387.7003173828125,9056.8369140625,18487.75,1124.4652099609375,62428.5390625,3056.98291015625
2023-06-02,781.860595703125,390.9627075195313,9209.3173828125,18534.099609375,1120.7904052734375,62547.109375,3040.060791015625
2023-06-05,780.8386840820312,388.5379638671875,9303.251953125,18593.849609375,1130.856201171875,62787.46875,3024.702880859375
2023-06-06,778.4051513671875,390.4337463378906,9452.8681640625,18599.0,1131.81494140625,62792.87890625,2972.6494140625
2023-06-07,782.444580078125,391.4477233886719,9425.001953125,18726.400390625,1140.3970947265625,63142.9609375,3011.826904296875
2023-06-08,782.9312744140625,390.5219421386719,9377.525390625,18634.55078125,1141.081787109375,62848.640625,2976.4658203125
2023-06-09,783.8560791015625,386.59814453125,9347.6220703125,18563.400390625,1133.0018310546875,62625.62890625,2951.496826171875
2023-06-12,779.0865478515625,385.2755432128906,9272.5234375,18601.5,1134.006103515625,62724.7109375,2986.075927734375
2023-06-13,780.4005737304688,392.7262268066406,9240.5322265625,18716.150390625,1150.759521484375,63143.16015625,2983.133056640625
2023-06-14,779.5488891601562,391.9326477050781,9255.095703125,18755.900390625,1164.910888671875,63228.51171875,2989.89306640625
2023-06-15,769.961181640625,395.10693359375,9315.630859375,18688.099609375,1165.2303466796875,62917.62890625,2979.932861328125
2023-06-16,780.0355834960938,399.515625,9324.224609375,18826.0,1176.574462890625,63384.578125,2941.575439453125
2023-06-19,780.7169799804688,399.9565124511719,9254.6103515625,18755.44921875,1164.8880615234375,63168.30078125,2974.466796875
2023-06-20,782.3472900390625,399.2951965332031,9215.87109375,18816.69921875,1167.3074951171875,63327.69921875,2990.4951171875
2023-06-21,796.0231323242188,394.1811218261719,9166.1123046875,18856.849609375,1170.5943603515625,63523.1484375,3018.75341796875
2023-06-22,799.9166870117188,394.7101135253906,9129.412109375,18771.25,1157.4471435546875,63238.890625,3000.501953125
2023-06-23,799.8680419921875,392.1531066894531,9055.8671875,18665.5,1147.974853515625,62979.37109375,2979.97900390625
2023-06-26,795.9988403320312,392.9907531738281,9194.609375,18691.19921875,1139.210205078125,62970.0,2955.24169921875
2023-06-27,807.2169189453125,392.4617309570313,9185.6767578125,18817.400390625,1139.62109375,63416.03125,2962.3759765625
2023-06-28,815.7583618164062,396.2091369628906,9263.0087890625,18972.099609375,1154.708251953125,63915.421875,2979.14501953125
2023-06-30,828.047119140625,398.1930236816406,9504.1787109375,19189.05078125,1164.1805419921875,64718.55859375,3059.56640625
2023-07-03,837.002197265625,408.4653015136719,9391.5068359375,19322.55078125,1194.0582275390625,65205.05078125,3031.81689453125
2023-07-04,841.0902709960938,411.1986389160156,9366.65234375,19389.0,1181.7557373046875,65479.05078125,3065.681396484375
2023-07-05,814.3712768554688,418.9138793945313,9701.5146484375,19398.5,1179.8155517578125,65446.0390625,3075.9658203125
2023-07-06,815.1986083984375,417.8557739257813,9572.482421875,19497.30078125,1204.5804443359375,65785.640625,3078.698974609375
2023-07-07,808.093017578125,413.0062561035156,9563.5986328125,19331.80078125,1202.2294921875,65280.44921875,3084.581787109375
2023-07-10,806.1705932617188,410.7577819824219,9452.9638671875,19355.900390625,1248.541015625,65344.171875,3031.492919921875
2023-07-11,802.2527465820312,417.1944580078125,9612.046875,19439.400390625,1262.076171875,65617.84375,3031.91015625
2023-07-12,794.7334594726562,416.4450073242188,9549.5693359375,19384.30078125,1263.468505859375,65393.8984375,3020.328369140625
2023-07-13,798.699951171875,416.1804504394531,9366.796875,19413.75,1252.170166015625,65558.890625,3095.0517578125
2023-07-14,800.3546752929688,416.9739990234375,9324.1748046875,19564.5,1251.1202392578125,66060.8984375,3256.356689453125
2023-07-17,817.0966796875,416.4890747070313,9407.57421875,19711.44921875,1276.6842041015625,66589.9296875,3235.093505859375
2023-07-18,816.415283203125,416.621337890625,9384.37109375,19749.25,1287.5257568359375,66795.140625,3239.865234375
2023-07-19,820.1141357421875,422.2203979492188,9327.9619140625,19833.150390625,1297.2950439453125,67097.4375,3215.034912109375
2023-07-20,821.8905639648438,433.947509765625,9488.1103515625,19979.150390625,1295.7237548828125,67571.8984375,3217.125
2023-07-21,815.5635986328125,432.4485168457031,9485.732421875,19745.0,1255.613525390625,66684.2578125,3128.877685546875
2023-07-24,816.8533325195312,415.6073303222656,9412.671875,19672.349609375,1230.2166748046875,66384.78125,3153.44775390625
2023-07-25,825.7109985351562,407.6276245117188,9474.615234375,19680.599609375,1229.425537109375,66355.7109375,3157.534423828125
2023-07-26,822.8395385742188,416.40087890625,9472.4306640625,19778.30078125,1249.4063720703125,66707.203125,3147.455810546875
2023-07-27,814.2982177734375,410.0523986816406,9469.7607421875,19659.900390625,1237.7838134765625,66266.8203125,3155.444580078125
2023-07-28,799.8680419921875,413.0503234863281,9388.884765625,19646.05078125,1250.2225341796875,66160.203125,3116.894287109375
2023-07-31,803.615478515625,410.6255187988281,9534.95703125,19753.80078125,1260.8065185546875,66527.671875,3178.24951171875
2023-08-01,808.993408203125,409.83197021484375,9433.984375,19733.55078125,1242.9769287109375,66459.3125,3206.67431640625
2023-08-02,798.407958984375,405.6878051757813,9372.8662109375,19526.55078125,1229.697509765625,65782.78125,3196.084716796875
2023-08-03,792.6407470703125,402.1167602539063,9353.1669921875,19381.650390625,1224.5291748046875,65240.6796875,3158.277587890625
2023-08-04,804.1021728515625,401.1468200683594,9281.3310546875,19517.0,1241.1717529296875,65721.25,3198.778564453125
2023-08-07,803.6398315429688,401.1027526855469,9333.6640625,19597.30078125,1248.2442626953125,65953.4765625,3236.399658203125
2023-08-08,802.9828491210938,398.8543090820313,9352.0400390625,19570.849609375,1240.7264404296875,65846.5,3223.906005859375
2023-08-09,803.2747802734375,404.4092712402344,9274.17578125,19632.55078125,1248.9119873046875,65995.8125,3216.381591796875
2023-08-10,796.1448364257812,398.32525634765625,9209.982421875,19543.099609375,1254.475830078125,65688.1796875,3197.431884765625
2023-08-11,787.846923828125,395.6800231933594,9170.046875,19428.30078125,1259.767822265625,65322.6484375,3203.655517578125
2023-08-14,784.0020751953125,396.0768432617188,9135.5498046875,19434.55078125,1274.6546630859375,65401.921875,3204.630859375
2023-08-16,781.714599609375,397.0026550292969,9231.4951171875,19465.0,1273.6160888671875,65539.421875,3212.5732421875
2023-08-17,777.3831176757812,388.8465881347656,9188.12890625,19365.25,1255.2425537109375,65151.01953125,3191.532958984375
2023-08-18,774.1953125,389.4197082519531,9267.265625,19310.150390625,1264.5406494140625,64948.66015625,3127.7626953125
2023-08-21,773.5869750976562,394.8424377441406,9250.361328125,19393.599609375,1250.74267578125,65216.08984375,3159.857177734375
2023-08-22,770.2774658203125,400.5296020507813,9302.4013671875,19396.44921875,1250.44482421875,65220.03125,3141.74267578125
2023-08-23,772.1755981445312,397.1790466308594,9409.2744140625,19444.0,1251.8345947265625,65433.30078125,3156.6982421875
2023-08-24,768.622802734375,397.5758361816406,9382.568359375,19386.69921875,1230.7904052734375,65252.33984375,3146.945068359375
2023-08-25,759.9597778320312,390.9186706542969,9315.92578125,19265.80078125,1225.1075439453125,64886.51171875,3140.95361328125
2023-08-28,767.868408203125,389.19927978515625,9406.0888671875,19306.05078125,1212.8978271484375,64996.6015625,3135.612060546875
2023-08-29,773.976318359375,388.0530090332031,9429.1689453125,19342.650390625,1201.2838134765625,65075.8203125,3136.169677734375
2023-08-30,768.3307495117188,390.4337463378906,9600.822265625,19347.44921875,1200.1422119140625,65087.25,3149.91748046875
2023-08-31,764.80224609375,387.7003173828125,9804.0810546875,19253.80078125,1194.65771484375,64831.41015625,3118.1953125
2023-09-01,766.384033203125,388.8906555175781,10124.994140625,19435.30078125,1197.4619140625,65387.16015625,3139.00244140625
2023-09-04,771.1778564453125,385.7605285644531,10155.5712890625,19528.80078125,1196.494140625,65628.140625,3175.50927734375
2023-09-05,766.4813842773438,390.6982727050781,10057.2236328125,19574.900390625,1202.8968505859375,65780.2578125,3185.588134765625
2023-09-06,776.507080078125,394.5337829589844,9975.63671875,19611.05078125,1205.4281005859375,65880.5234375,3186.0986328125
2023-09-07,783.977783203125,393.1671142578125,10075.5029296875,19727.05078125,1207.06591796875,66265.5625,3209.64697265625
2023-09-08,790.085693359375,390.3014526367188,10125.728515625,19819.94921875,1215.1064453125,66598.90625,3197.24609375
2023-09-11,794.173828125,394.3133544921875,10323.548828125,19996.349609375,1228.20947265625,67127.078125,3233.2412109375
2023-09-12,796.6559448242188,397.7962646484375,10293.90234375,19993.19921875,1210.4659423828125,67221.1328125,3326.27294921875
2023-09-13,800.062744140625,399.8683471679688,10264.306640625,20070.0,1216.52099609375,67466.9921875,3314.2431640625
2023-09-14,799.5760498046875,396.7380981445313,10278.76171875,20103.099609375,1217.6376953125,67519.0,3306.997802734375
2023-09-15,808.75,395.327392578125,10315.12109375,20192.349609375,1219.8961181640625,67838.6328125,3342.52880859375
2023-09-18,792.8353881835938,398.58978271484375,10312.033203125,20133.30078125,1209.274658203125,67596.84375,3349.82080078125
2023-09-20,761.0304565429688,399.3833618164063,10140.1845703125,19901.400390625,1182.323974609375,66800.84375,3349.72802734375
2023-09-21,755.9932861328125,394.577880859375,10078.9814453125,19742.349609375,1173.712890625,66230.2421875,3330.453125
2023-09-22,744.4588623046875,390.6982727050781,10324.8232421875,19674.25,1168.8240966796875,66009.1484375,3347.49853515625
2023-09-25,745.1158447265625,390.2573852539063,10376.814453125,19674.55078125,1161.6273193359375,66023.6875,3322.88232421875
2023-09-26,748.3523559570312,390.1251220703125,10345.89453125,19664.69921875,1162.6446533203125,65945.46875,3330.824462890625
2023-09-27,743.0960693359375,396.0327758789063,10467.5166015625,19716.44921875,1175.7476806640625,66118.6875,3334.168701171875
2023-09-28,741.5630493164062,388.6261596679688,10354.419921875,19523.55078125,1158.4755859375,65508.3203125,3285.35400390625
2023-09-29,742.8284301757812,391.844482421875,10398.7666015625,19638.30078125,1163.8856201171875,65828.40625,3277.783203125
2023-10-03,733.9464111328125,387.7444458007813,10140.33203125,19528.75,1150.55908203125,65512.1015625,3264.081787109375
2023-10-04,744.4102172851562,384.5260620117188,9927.6142578125,19436.099609375,1148.5738525390625,65226.0390625,3286.282958984375
2023-10-05,747.4276123046875,384.4819641113281,10006.3125,19545.75,1148.549072265625,65631.5703125,3334.215087890625
2023-10-06,746.600341796875,389.8605651855469,10096.3759765625,19653.5,1150.4847412109375,65995.6328125,3363.986572265625
2023-10-09,737.937255859375,388.3616333007813,10040.26953125,19512.349609375,1140.6822509765625,65512.390625,3379.732177734375
2023-10-10,742.1227416992188,391.844482421875,10167.8701171875,19689.849609375,1145.719970703125,66079.359375,3370.95361328125
2023-10-11,749.3013305664062,395.2392272949219,10204.2294921875,19811.349609375,1163.910400390625,66473.046875,3353.304443359375
2023-10-12,754.2898559570312,397.3994445800781,10369.66015625,19794.0,1166.0693359375,66408.390625,3290.741943359375
2023-10-13,747.4276123046875,395.327392578125,10513.3828125,19751.05078125,1166.0198974609375,66282.7421875,3317.030029296875
2023-10-16,744.4345092773438,395.8564147949219,10490.7919921875,19731.75,1163.4140625,66166.9296875,3273.556884765625
2023-10-17,750.0800170898438,399.82421875,10536.16796875,19811.5,1168.972900390625,66428.09375,3257.764892578125
2023-10-18,739.640625,398.2370910644531,10573.06640625,19671.099609375,1153.4627685546875,65877.0234375,3239.37255859375
2023-10-19,737.3045654296875,397.1349182128906,10556.650390625,19624.69921875,1144.603271484375,65629.2421875,3218.324462890625
2023-10-20,741.1250610351562,386.4659118652344,10511.5205078125,19542.650390625,1141.104248046875,65397.62109375,3254.552978515625
2023-10-23,732.9730224609375,384.3497314453125,10342.9541015625,19281.75,1123.2861328125,64571.87890625,3175.948974609375
2023-10-25,728.3252563476562,381.5281066894531,10377.4501953125,19122.150390625,1120.6802978515625,64049.05859375,3157.2763671875
2023-10-26,712.2158813476562,382.9830322265625,10216.0400390625,18857.25,1105.0709228515625,63148.1484375,3107.58984375
2023-10-27,715.0143432617188,382.4539489746094,10349.86328125,19047.25,1124.5765380859375,63782.80078125,3120.815185546875
2023-10-30,722.7769775390625,379.5442504882813,10190.1171875,19140.900390625,1147.7548828125,64112.6484375,3146.51953125
2023-10-31,718.591552734375,377.7366333007813,10184.8251953125,19079.599609375,1135.5452880859375,63874.9296875,3137.392333984375
2023-11-01,717.6181030273438,377.4721984863281,10023.5595703125,18989.150390625,1140.2603759765625,63591.328125,3101.909423828125
2023-11-02,718.7131958007812,380.1614685058594,10097.896484375,19133.25,1151.57666015625,64080.8984375,3129.336669921875
2023-11-03,722.1199340820312,382.01312255859375,10071.140625,19230.599609375,1151.3284912109375,64363.78125,3120.7685546875
2023-11-06,727.351806640625,383.86474609375,10079.51953125,19411.75,1160.9075927734375,64958.69140625,3148.102783203125
2023-11-07,723.8233032226562,381.5281066894531,10048.6005859375,19406.69921875,1153.3634033203125,64942.3984375,3138.975830078125
2023-11-08,725.9161376953125,385.2755432128906,10116.2216796875,19443.5,1159.368896484375,64975.609375,3149.3134765625
2023-11-09,723.044677734375,383.0271301269531,10192.71484375,19395.30078125,1146.787109375,64832.19921875,3117.55517578125
2023-11-10,725.8917846679688,384.9228820800781,10181.39453125,19425.349609375,1148.946044921875,64904.6796875,3104.5166015625
2023-11-13,724.5776977539062,384.4378967285156,10190.8037109375,19443.55078125,1148.7972412109375,64933.87109375,3102.747314453125
2023-11-15,732.1700439453125,389.6842651367188,10247.302734375,19675.44921875,1169.5684814453125,65675.9296875,3170.5009765625
2023-11-16,734.0924072265625,386.7745361328125,10275.1845703125,19765.19921875,1171.6778564453125,65982.4765625,3257.626220703125
2023-11-17,732.5106811523438,387.3035278320313,10313.40625,19731.80078125,1169.121826171875,65794.7265625,3261.91064453125
2023-11-20,732.559326171875,385.1432800292969,10355.302734375,19694.0,1166.044677734375,65655.1484375,3277.8828125
2023-11-21,738.7645874023438,384.6583557128906,10324.8232421875,19783.400390625,1180.7109375,65930.7734375,3269.128173828125
2023-11-22,736.1365356445312,387.7003173828125,10285.033203125,19811.849609375,1185.326904296875,66023.2421875,3287.707763671875
2023-11-23,740.3950805664062,388.2734375,10279.1044921875,19802.0,1188.9500732421875,66017.8125,3267.31201171875
2023-11-24,745.6511840820312,386.0250244140625,10305.712890625,19794.69921875,1188.1558837890625,65970.0390625,3219.6748046875
2023-11-28,743.97216796875,383.776611328125,10327.1748046875,19889.69921875,1188.404052734375,66174.203125,3231.82861328125
2023-11-29,758.8160400390625,385.4960021972656,10387.6435546875,20096.599609375,1191.5308837890625,66901.90625,3272.434326171875
2023-11-30,758.6456909179688,384.2615356445313,10396.9052734375,20133.150390625,1179.9913330078125,66988.4375,3248.080322265625
2023-12-01,756.990966796875,396.60589599609375,10374.3642578125,20267.900390625,1188.3544921875,67481.1875,3270.478515625
2023-12-04,783.2720336914062,400.353271484375,10387.83984375,20686.80078125,1201.209228515625,68865.1171875,3271.223876953125
2023-12-05,790.2316284179688,398.32525634765625,10507.845703125,20855.099609375,1209.9197998046875,69296.140625,3289.058837890625
2023-12-06,792.22705078125,408.4653015136719,10413.6142578125,20937.69921875,1221.5091552734375,69653.7265625,3356.57958984375
2023-12-07,793.5167236328125,403.92431640625,10483.099609375,20901.150390625,1219.4990234375,69521.6875,3366.6376953125
2023-12-08,804.5888671875,396.0327758789063,10406.55859375,20969.400390625,1218.853759765625,69825.6015625,3377.626953125
2023-12-11,803.5181884765625,398.9425048828125,10331.2919921875,20997.099609375,1220.6405029296875,69928.53125,3392.714599609375
2023-12-12,795.5364990234375,399.515625,10132.001953125,20906.400390625,1203.1202392578125,69551.03125,3419.9091796875
2023-12-13,793.7357788085938,401.7640380859375,10172.8193359375,20926.349609375,1208.03369140625,69584.6015625,3346.754150390625
2023-12-14,803.1044921875,405.6878051757813,10146.505859375,21182.69921875,1223.0228271484375,70514.203125,3415.392333984375
2023-12-15,806.2192993164062,404.0124816894531,10081.0390625,21456.650390625,1238.6324462890625,71483.75,3595.8359375
2023-12-18,805.8056030273438,398.2370910644531,10113.576171875,21418.650390625,1251.239013671875,71315.09375,3594.1591796875
2023-12-19,804.4428100585938,402.1608581542969,10029.29296875,21453.099609375,1269.6527099609375,71437.1875,3554.11279296875
2023-12-20,806.4382934570312,397.6639709472656,9879.9853515625,21150.150390625,1254.2913818359375,70506.3125,3520.44580078125
2023-12-21,820.8927612304688,398.0607604980469,9812.9501953125,21255.05078125,1271.8614501953125,70865.1015625,3527.384033203125
2023-12-22,813.1788330078125,401.3673095703125,10013.1728515625,21349.400390625,1273.1021728515625,71106.9609375,3561.376953125
2023-12-26,818.8244018554688,402.469482421875,10065.603515625,21441.349609375,1279.554443359375,71336.796875,3534.881103515625
2023-12-27,828.9718627929688,403.0425720214844,10083.09765625,21654.75,1283.922119140625,72038.4296875,3549.456298828125
2023-12-28,829.9208374023438,409.21478271484375,10066.5341796875,21778.69921875,1293.203369140625,72410.3828125,3538.93212890625
2023-12-29,831.8675537109375,407.4512634277344,10096.6708984375,21731.400390625,1282.9791259765625,72240.2578125,3532.878662109375
2024-01-01,826.4410400390625,412.6976013183594,10078.0009765625,21741.900390625,1285.6097412109375,72240.2578125,3549.363037109375
2024-01-02,826.9276733398438,414.7256164550781,9994.1591796875,21665.80078125,1296.255859375,71892.4765625,3523.379150390625
2024-01-03,814.176513671875,420.8096008300781,9876.4580078125,21517.349609375,1282.16015625,71356.6015625,3438.209228515625
2024-01-04,822.9125366210938,420.0601196289063,9815.3515625,21658.599609375,1288.7860107421875,71847.5703125,3414.973388671875
2024-01-05,818.7026977539062,417.89990234375,9817.0185546875,21710.80078125,1294.2705078125,72026.1484375,3481.190185546875
2024-01-08,809.577392578125,410.44921875,9748.12109375,21513.0,1284.17041015625,71355.21875,3425.683349609375
2024-01-09,803.2747802734375,409.6115112304688,9823.9755859375,21544.849609375,1280.7703857421875,71386.2109375,3436.48681640625
2024-01-10,805.92724609375,408.5093383789063,9810.353515625,21618.69921875,1315.3148193359375,71657.7109375,3458.046875
2024-01-11,802.5447998046875,407.9362182617188,9811.2353515625,21647.19921875,1349.9088134765625,71721.1796875,3479.00146484375
2024-01-12,798.7485961914062,411.50726318359375,9766.693359375,21894.55078125,1360.6541748046875,72568.453125,3616.13916015625
2024-01-15,814.1278686523438,412.3008117675781,9885.5224609375,22097.44921875,1383.8822021484375,73327.9375,3635.69677734375
2024-01-16,817.2183227539062,416.4450073242188,9980.2421875,22032.30078125,1364.5255126953125,73128.7734375,3596.11572265625
2024-01-17,748.279296875,411.4191284179688,9851.025390625,21571.94921875,1351.5714111328125,71500.7578125,3617.815185546875
2024-01-18,723.2880249023438,410.44921875,9726.3642578125,21462.25,1357.8995361328125,71186.859375,3634.578857421875
2024-01-19,715.744384765625,415.7395935058594,9837.3046875,21622.400390625,1357.4031982421875,71683.2265625,3697.834716796875
2024-01-23,694.6708984375,404.9823913574219,9663.59375,21238.80078125,1318.8138427734375,70370.546875,3618.30810546875
2024-01-24,708.5657958984375,408.7738342285156,9788.79296875,21453.94921875,1334.00146484375,71060.3125,3602.881103515625
2024-01-25,698.3453979492188,401.7640380859375,9683.7333984375,21352.599609375,1343.1337890625,70700.671875,3573.340087890625
2024-01-29,707.9573974609375,396.60589599609375,9791.9296875,21737.599609375,1437.4111328125,71941.5703125,3564.61865234375
2024-01-30,702.9202270507812,386.2454223632813,9752.97265625,21522.099609375,1397.2830810546875,71139.8984375,3564.196533203125
2024-01-31,711.80224609375,389.3315734863281,9983.5263671875,21725.69921875,1416.1434326171875,71752.109375,3578.638916015625
2024-02-01,713.651611328125,390.5219421386719,10425.5712890625,21697.44921875,1416.1683349609375,71645.296875,3614.462890625
2024-02-02,703.8206176757812,388.0530090332031,10442.7216796875,21853.80078125,1446.990234375,72085.6328125,3719.638671875
2024-02-05,703.1879272460938,386.2454223632813,10220.3505859375,21771.69921875,1428.452392578125,71731.421875,3726.203125
2024-02-06,702.8228759765625,380.38189697265625,10628.3408203125,21929.400390625,1417.3099365234375,72186.09375,3878.78515625
2024-02-07,695.9362182617188,380.7345886230469,10717.376953125,21930.5,1431.554443359375,72152.0,3829.456298828125
2024-02-08,682.8444213867188,371.1029357910156,10529.40625,21717.94921875,1439.4708251953125,71428.4296875,3877.003662109375
2024-02-09,683.112060546875,371.953369140625,10518.576171875,21782.5,1450.0177001953125,71595.4921875,3876.62841796875
2024-02-12,676.4931640625,364.2099304199219,10495.888671875,21616.05078125,1441.679443359375,71072.4921875,3864.43701171875
2024-02-13,678.658935546875,364.1204223632813,10578.9951171875,21743.25,1454.335693359375,71555.1875,3891.4453125
2024-02-14,673.597412109375,368.4173889160156,10807.78515625,21840.05078125,1470.4912109375,71822.828125,3845.1171875
2024-02-15,688.197998046875,361.5691223144531,10868.8408203125,21910.75,1459.79541015625,72050.3828125,3848.025146484375
2024-02-16,691.0451049804688,362.1957702636719,11153.1982421875,22040.69921875,1449.843994140625,72426.640625,3871.563720703125
2024-02-19,689.682373046875,366.3584289550781,11254.0927734375,22122.25,1463.17041015625,72708.15625,3848.58740234375
2024-02-20,707.7870483398438,363.53857421875,11217.9296875,22196.94921875,1460.21728515625,73057.3984375,3779.98681640625
2024-02-21,700.413818359375,361.0767822265625,11236.94140625,22055.05078125,1456.916748046875,72623.09375,3743.271728515625
2024-02-22,690.874755859375,371.013427734375,11425.0595703125,22217.44921875,1470.863525390625,73158.2421875,3832.926025390625
2024-02-23,691.3858032226562,368.2830810546875,11305.2998046875,22212.69921875,1482.6512451171875,73142.796875,3800.102783203125
2024-02-26,692.213134765625,366.3136596679688,11238.0693359375,22122.05078125,1476.3974609375,72790.1328125,3752.2275390625
2024-02-27,691.1668090820312,368.0592346191406,11271.0478515625,22198.349609375,1474.73486328125,73095.21875,3849.150146484375
2024-02-28,685.9348754882812,365.5079650878906,10930.142578125,21951.150390625,1444.930419921875,72304.8828125,3862.7958984375
2024-02-29,683.0147705078125,363.7175903320313,11062.9853515625,21982.80078125,1450.0675048828125,72500.296875,3840.428466796875
2024-03-01,696.3256225585938,366.5821838378906,11388.9462890625,22338.75,1481.1622314453125,73745.3515625,3839.72509765625
2024-03-04,697.274658203125,366.2241516113281,11362.681640625,22405.599609375,1496.3250732421875,73872.2890625,3826.924072265625
2024-03-05,701.2410888671875,363.5832824707031,11437.6044921875,22356.30078125,1489.177978515625,73677.1328125,3762.590087890625
2024-03-06,702.0927734375,365.1051330566406,11336.1220703125,22474.05078125,1491.957275390625,74085.9921875,3811.544189453125
2024-03-07,703.7962036132812,370.2077331542969,11280.259765625,22493.55078125,1468.059326171875,74119.390625,3853.089111328125
2024-03-11,694.8899536132812,366.49267578125,11168.0458984375,22332.650390625,1455.8248291015625,73502.640625,3865.98388671875
2024-03-12,710.3422241210938,362.0614929199219,11280.11328125,22335.69921875,1464.5849609375,73667.9609375,3931.536865234375
2024-03-13,710.755859375,378.1749572753906,11162.7548828125,21997.69921875,1421.6527099609375,72761.890625,3890.97705078125
2024-03-14,708.3467407226562,375.6684265136719,11176.9150390625,22146.650390625,1420.957763671875,73097.28125,3945.93212890625
2024-03-15,706.9840698242188,375.1760559082031,11247.52734375,22023.349609375,1407.80517578125,72643.4296875,3956.85791015625
2024-03-18,703.77197265625,373.698974609375,11403.9892578125,22055.69921875,1428.899169921875,72748.421875,3894.25927734375
2024-03-19,705.3779907226562,366.626953125,11365.5224609375,21817.44921875,1414.778564453125,72012.046875,3729.95458984375
2024-03-20,696.4716186523438,372.1324462890625,11702.75390625,21839.099609375,1433.1427001953125,72101.6875,3723.952392578125
2024-03-21,703.6259155273438,377.1007385253906,11670.4130859375,22011.94921875,1440.3145751953125,72641.1875,3725.875244140625
2024-03-22,702.2144775390625,383.680419921875,12091.38671875,22096.75,1444.3348388671875,72831.9375,3667.683837890625
2024-03-26,693.7218627929688,382.83001708984375,12005.9765625,22004.69921875,1430.983642578125,72470.296875,3636.361083984375
2024-03-27,701.1681518554688,383.143310546875,12260.58984375,22123.650390625,1481.8818359375,72996.3125,3602.037109375
2024-03-28,704.6723022460938,383.4566345214844,12348.7919921875,22326.900390625,1474.933349609375,73651.3515625,3635.23583984375
2024-04-01,715.67138671875,381.97955322265625,12318.65625,22462.0,1473.8662109375,74014.546875,3673.169677734375
2024-04-02,720.3678588867188,381.2186584472656,12301.849609375,22453.30078125,1476.025146484375,73903.90625,3642.26904296875
2024-04-03,721.414306640625,380.63677978515625,12179.736328125,22434.650390625,1460.7880859375,73876.8203125,3701.8203125
2024-04-04,743.461181640625,378.4435424804688,12316.353515625,22514.650390625,1452.1767578125,74227.6328125,3754.337646484375
2024-04-05,754.1439208984375,382.740478515625,12173.611328125,22513.69921875,1449.3724365234375,74248.21875,3731.783447265625
2024-04-08,752.7081909179688,384.12799072265625,12608.2568359375,22666.30078125,1475.057373046875,74742.5,3725.5
2024-04-09,753.6572265625,381.666259765625,12630.7001953125,22642.75,1452.896484375,74683.703125,3701.116943359375
2024-04-10,747.7196655273438,391.1553039550781,12429.5478515625,22753.80078125,1468.7044677734375,75038.1484375,3736.84716796875
2024-04-12,739.2512817382812,385.0232238769531,12021.6572265625,22519.400390625,1456.370849609375,74244.8984375,3752.5556640625
2024-04-15,727.4490966796875,381.2633972167969,12174.8359375,22272.5,1454.062744140625,73399.78125,3696.099365234375
2024-04-16,734.5304565429688,381.2633972167969,12253.0927734375,22147.900390625,1454.98095703125,72943.6796875,3631.95361328125
2024-04-18,727.4490966796875,374.9522705078125,12157.3427734375,21995.849609375,1453.5665283203125,72488.9921875,3621.824951171875
2024-04-19,745.2619018554688,380.2339477539063,12457.1845703125,22147.0,1459.323974609375,73088.328125,3588.25146484375
2024-04-22,735.9661254882812,380.726318359375,12530.24609375,22336.400390625,1468.9774169921875,73648.6171875,3624.263427734375
2024-04-23,733.7273559570312,384.2175598144531,12736.7890625,22368.0,1448.603271484375,73738.453125,3633.7353515625
2024-04-24,735.7228393554688,383.9490051269531,12685.630859375,22402.400390625,1439.5205078125,73852.9375,3592.7998046875
2024-04-25,735.260498046875,391.69244384765625,12664.51171875,22570.349609375,1449.2484130859375,74339.4375,3612.634521484375
2024-04-26,734.7981567382812,393.8856506347656,12449.736328125,22419.94921875,1441.8780517578125,73730.15625,3583.702880859375
2024-04-29,744.3858642578125,392.2743225097656,12436.505859375,22643.400390625,1454.2613525390625,74671.28125,3629.514892578125
2024-04-30,739.8109741210938,389.9915466308594,12561.6083984375,22604.849609375,1456.221923828125,74482.78125,3583.04638671875
2024-05-02,745.7241821289062,392.9904479980469,12549.7001953125,22648.19921875,1455.775146484375,74611.109375,3623.04443359375
2024-05-03,739.567626953125,390.7076721191406,12242.75390625,22475.849609375,1423.46435546875,73878.1484375,3604.38134765625
2024-05-06,741.0520629882812,389.1858825683594,12190.9580078125,22442.69921875,1409.095703125,73895.5390625,3677.20263671875
2024-05-07,733.021728515625,394.1989440917969,12117.2099609375,22302.5,1391.17822265625,73511.8515625,3731.501708984375
2024-05-08,721.5845947265625,394.7808227539063,12293.1259765625,22302.5,1408.1278076171875,73466.390625,3729.6259765625
2024-05-09,704.4776000976562,380.5472412109375,12255.00390625,21957.5,1383.8822021484375,72404.171875,3713.91796875
2024-05-10,709.361572265625,387.9325866699219,12422.4423828125,22055.19921875,1397.0845947265625,72664.46875,3651.74072265625
2024-05-13,717.9208984375,386.58984375,12420.8251953125,22104.05078125,1392.394287109375,72776.1328125,3702.2890625
2024-05-14,720.7328491210938,384.6651306152344,12558.3740234375,22217.849609375,1409.6416015625,73104.609375,3658.587158203125
2024-05-15,709.6575927734375,382.9642639160156,12512.41015625,22200.55078125,1405.86962890625,72987.03125,3639.08056640625
2024-05-16,720.3875122070312,386.2317199707031,12248.1435546875,22403.849609375,1414.8778076171875,73663.71875,3684.942138671875
2024-05-17,722.286865234375,390.5734558105469,12389.1220703125,22466.099609375,1425.15185546875,73917.03125,3621.7939453125
2024-05-21,719.6721801757812,389.2306518554688,12224.279296875,22529.05078125,1425.57373046875,73953.3125,3608.663818359375
2024-05-22,719.8695068359375,393.796142578125,12281.169921875,22597.80078125,1449.91845703125,74221.0625,3619.81005859375
2024-05-23,736.3468017578125,395.0941467285156,12676.6650390625,22967.650390625,1475.1319580078125,75418.0390625,3677.857421875
2024-05-24,748.4827880859375,390.4839172363281,12740.90625,22957.099609375,1469.37451171875,75410.390625,3636.341064453125
2024-05-27,753.6627807617188,386.2764892578125,12648.4384765625,22932.44921875,1455.4774169921875,75390.5,3634.027099609375
2024-05-28,755.0440673828125,384.03851318359375,12562.685546875,22888.150390625,1445.501220703125,75170.453125,3627.272705078125
2024-05-29,744.0921630859375,385.78411865234375,12533.333984375,22704.69921875,1430.1895751953125,74502.8984375,3593.030029296875
2024-05-30,747.3234252929688,379.4282531738281,12346.490234375,22488.650390625,1414.3814697265625,73885.6015625,3529.220458984375
2024-05-31,755.5620727539062,381.7557373046875,12151.7568359375,22530.69921875,1419.8907470703125,73961.3125,3467.677734375
2024-06-03,775.615966796875,385.24700927734375,12227.0732421875,23263.900390625,1499.228515625,76468.78125,3497.81201171875
2024-06-04,731.6848754882812,378.535888671875,11932.9638671875,21884.5,1387.0091552734375,72079.046875,3509.288818359375
2024-06-05,765.5520629882812,392.302490234375,12252.994140625,22620.349609375,1410.3116455078125,74382.2421875,3538.99755859375
2024-06-06,769.4493408203125,396.9521179199219,12420.482421875,22821.400390625,1421.0819091796875,75074.5078125,3618.298828125
2024-06-07,776.1832885742188,400.3709716796875,12555.1396484375,23290.150390625,1459.1500244140625,76693.359375,3678.329833984375
2024-06-10,770.23876953125,398.3196716308594,12463.65234375,23259.19921875,1460.5894775390625,76490.078125,3645.03173828125
2024-06-11,771.9653930664062,394.7640686035156,12606.8369140625,23264.849609375,1445.9727783203125,76456.59375,3638.797607421875
2024-06-12,776.5780029296875,394.1258850097656,12592.8212890625,23322.94921875,1452.57373046875,76606.5703125,3619.4794921875
2024-06-13,779.8340454101562,392.302490234375,12590.37109375,23398.900390625,1454.4847412109375,76810.8984375,3663.404541015625
2024-06-14,787.8013305664062,393.0774230957031,12588.7548828125,23465.599609375,1466.6944580078125,76992.7734375,3619.857666015625
2024-06-18,793.1785888671875,390.8893737792969,12310.1796875,23557.900390625,1470.1439208984375,77301.140625,3603.845947265625
2024-06-19,817.869873046875,386.2397155761719,11997.6953125,23516.0,1447.9332275390625,77337.59375,3591.187744140625
2024-06-20,823.5431518554688,385.9206237792969,11906.9443359375,23567.0,1462.87255859375,77478.9296875,3577.5380859375
2024-06-21,821.7672119140625,382.54736328125,11957.90625,23501.099609375,1443.515869140625,77209.8984375,3599.73681640625
2024-06-24,825.0478515625,385.9206237792969,11940.1669921875,23537.849609375,1430.88427734375,77341.078125,3605.451904296875
2024-06-25,844.2631225585938,385.9206237792969,11874.7001953125,23721.30078125,1443.46630859375,78053.5234375,3625.903076171875
2024-06-26,839.40380859375,386.5132141113281,11954.720703125,23868.80078125,1502.9013671875,78674.25,3642.33984375
2024-06-27,836.7644653320312,388.0175476074219,11935.6103515625,24044.5,1519.3050537109375,79243.1796875,3716.303466796875
2024-06-28,830.671875,387.3793640136719,11793.6025390625,24010.599609375,1553.89892578125,79032.7265625,3687.965087890625
2024-07-01,841.2290649414062,391.1629028320313,11866.9091796875,24141.94921875,1548.6875,79476.1875,3757.914306640625
2024-07-02,853.7597045898438,387.9263610839844,11802.177734375,24123.849609375,1553.675537109375,79441.453125,3794.944091796875
2024-07-03,872.531005859375,390.4790954589844,11881.6103515625,24286.5,1541.019287109375,79986.796875,3745.681640625
2024-07-04,852.0578002929688,391.1629028320313,11848.2392578125,24302.150390625,1542.6075439453125,80049.671875,3798.297607421875
2024-07-05,813.0598754882812,395.356689453125,11862.4013671875,24323.849609375,1576.9532470703125,79996.6015625,3789.654052734375
2024-07-08,806.7698974609375,404.4280395507813,11783.556640625,24320.55078125,1589.1380615234375,79960.3828125,3772.083984375
2024-07-09,807.3372192382812,412.6333312988281,12571.6044921875,24433.19921875,1578.5911865234375,80351.640625,3764.810791015625
2024-07-10,802.20654296875,411.5848693847656,12517.7998046875,24324.44921875,1572.5855712890625,79924.7734375,3692.6884765625
2024-07-11,800.1346435546875,418.1490783691406,12461.3505859375,24315.94921875,1569.036865234375,79897.34375,3706.43212890625
2024-07-12,800.5292358398438,418.51373291015625,12311.69921875,24502.150390625,1584.9937744140625,80519.34375,3952.271728515625
2024-07-15,800.2332763671875,422.4796142578125,12391.5224609375,24586.69921875,1585.4901123046875,80664.859375,3938.338623046875
2024-07-16,799.0739135742188,424.4397583007813,12387.2109375,24613.0,1564.669189453125,80716.546875,3947.076171875
2024-07-18,796.6320190429688,428.7247314453125,12391.6201171875,24800.849609375,1575.0177001953125,81343.4609375,4076.583740234375
2024-07-19,792.9319458007812,432.6449890136719,12274.26171875,24530.900390625,1543.7242431640625,80604.6484375,4073.601318359375
2024-07-22,810.3218994140625,425.3514709472656,12388.8759765625,24509.25,1489.6495361328125,80502.078125,4059.352783203125
2024-07-23,798.407958984375,448.7364196777344,12376.919921875,24479.05078125,1476.96826171875,80429.0390625,4073.554931640625
2024-07-24,791.3286743164062,450.4230651855469,12237.951171875,24413.5,1484.7109375,80148.8828125,4077.247314453125
2024-07-25,797.5198974609375,446.6851196289063,12259.4638671875,24406.099609375,1481.435302734375,80039.796875,4092.633056640625
2024-07-26,798.2846069335938,457.8534240722656,12410.8779296875,24834.849609375,1497.9381103515625,81332.71875,4154.50830078125
2024-07-29,791.822021484375,452.2464599609375,12496.9736328125,24836.099609375,1508.931640625,81355.84375,4148.11669921875
2024-07-30,797.0020141601562,446.6395263671875,12616.6376953125,24857.30078125,1502.0328369140625,81455.3984375,4133.20458984375
2024-07-31,797.1006469726562,451.6082763671875,12853.9521484375,24951.150390625,1494.364501953125,81741.34375,4152.14111328125
2024-08-01,808.471923828125,450.10400390625,13092.3466796875,25010.900390625,1504.1671142578125,81867.546875,4163.26611328125
2024-08-02,818.51123046875,445.9101867675781,12590.1328125,24717.69921875,1488.309326171875,80981.953125,4055.2802734375
2024-08-05,797.1006469726562,443.08392333984375,12070.208984375,24055.599609375,1436.69140625,78759.3984375,3934.087646484375
2024-08-06,789.922607421875,443.357421875,12001.2060546875,23992.55078125,1445.352294921875,78593.0703125,3949.37939453125
2024-08-07,800.9239501953125,449.1466979980469,12239.0322265625,24297.5,1454.062744140625,79468.0078125,3977.07373046875
2024-08-08,810.3958740234375,451.0612487792969,12088.0166015625,24117.0,1438.4781494140625,78886.21875,3950.656982421875
2024-08-09,814.0958862304688,452.1097412109375,12093.3095703125,24367.5,1463.46826171875,79705.90625,4003.86865234375
2024-08-12,818.9797973632812,450.9244995117188,12141.833984375,24347.0,1449.8936767578125,79648.921875,3972.52880859375
2024-08-13,790.9093017578125,446.730712890625,12045.873046875,24139.0,1452.8717041015625,78956.03125,3973.760009765625
2024-08-14,793.1785888671875,448.7364196777344,12074.9580078125,24143.75,1451.109619140625,79105.8828125,4066.832275390625
2024-08-16,805.1665649414062,458.263671875,12082.5263671875,24541.150390625,1467.339599609375,80436.84375,4181.2080078125
2024-08-19,804.895263671875,457.1696166992188,12019.7060546875,24572.650390625,1482.4791259765625,80424.6796875,4251.2255859375
2024-08-20,807.92919921875,454.7536010742188,12084.158203125,24698.849609375,1489.9990234375,80802.859375,4282.75439453125
2024-08-21,802.05859375,460.7708435058594,12090.0947265625,24770.19921875,1492.7132568359375,80905.296875,4309.45556640625
2024-08-22,804.77197265625,459.9958801269531,12144.900390625,24811.5,1492.1654052734375,81053.1875,4262.587890625
2024-08-23,801.6885986328125,461.135498046875,12170.5732421875,24823.150390625,1494.008056640625,81086.2109375,4226.513671875
2024-08-26,809.0392456054688,461.0443115234375,12112.69921875,25010.599609375,1506.5828857421875,81698.109375,4263.013671875
2024-08-27,807.9539184570312,456.3946838378906,12363.08984375,25017.75,1494.481201171875,81711.7578125,4257.99560546875
2024-08-28,807.6332397460938,453.3860778808594,12225.181640625,25052.349609375,1492.33984375,81785.5625,4266.42138671875
2024-08-29,808.3485717773438,460.497314453125,12320.451171875,25151.94921875,1514.874755859375,82134.609375,4271.8662109375
2024-08-30,807.5346069335938,457.5798950195313,12270.1953125,25235.900390625,1503.6197509765625,82365.7734375,4311.58544921875
2024-09-02,802.6258544921875,465.01019287109375,12294.333984375,25278.69921875,1510.2183837890625,82559.84375,4280.6240234375
2024-09-03,807.7565307617188,464.4176025390625,12264.357421875,25279.849609375,1503.1217041015625,82555.4375,4272.38720703125
2024-09-04,809.9519653320312,461.636962890625,12204.1591796875,25198.69921875,1508.525146484375,82352.640625,4241.04736328125
2024-09-05,811.7525024414062,466.05865478515625,12166.912109375,25145.099609375,1487.035888671875,82201.15625,4237.92236328125
2024-09-06,807.5592041015625,457.3975524902344,12055.6669921875,24852.150390625,1458.997802734375,81183.9296875,4219.74365234375
2024-09-09,812.2705688476562,466.5600891113281,12015.69921875,24936.400390625,1456.63232421875,81559.5390625,4212.92626953125
2024-09-10,814.169921875,468.2467346191406,12132.08984375,25041.099609375,1455.7110595703125,81921.2890625,4268.12646484375
2024-09-11,810.9879150390625,468.9304809570313,12111.51171875,24918.44921875,1445.7259521484375,81523.15625,4241.142578125
2024-09-12,822.1865234375,473.6257019042969,12268.0673828125,25388.900390625,1473.913330078125,82962.7109375,4277.45263671875
2024-09-13,821.8658447265625,468.4746398925781,12184.17578125,25356.5,1466.766845703125,82890.9375,4282.09228515625
2024-09-16,824.3324584960938,465.9674987792969,12157.416015625,25383.75,1465.4969482421875,82988.78125,4273.2392578125
2024-09-17,823.2718505859375,462.9132995605469,12114.62890625,25418.55078125,1466.4432373046875,83079.65625,4266.04345703125
2024-09-18,836.0985107421875,462.5486145019531,12073.423828125,25377.55078125,1457.6282958984375,82948.2265625,4115.025390625
2024-09-19,842.8571166992188,463.369140625,12219.24609375,25415.80078125,1463.82861328125,83184.796875,4067.684814453125
2024-09-20,858.989013671875,468.97607421875,12479.4306640625,25790.94921875,1480.0140380859375,84544.3125,4057.03271484375
2024-09-23,868.1650390625,471.3008728027344,12547.294921875,25939.05078125,1487.434326171875,84928.609375,4041.5048828125
2024-09-24,872.2350463867188,469.7510070800781,12602.201171875,25940.400390625,1483.4501953125,84914.0390625,4044.156005859375
2024-09-25,877.6863403320312,471.8479309082031,12648.4013671875,26004.150390625,1488.0069580078125,85169.8671875,4047.4228515625
2024-09-26,879.832275390625,476.5887451171875,13240.4931640625,26216.05078125,1491.9910888671875,85836.1171875,4064.22900390625
2024-09-27,864.6377563476562,476.5431213378906,13351.095703125,26178.94921875,1520.1038818359375,85571.8515625,4079.5673828125
2024-09-30,854.47509765625,472.39495849609375,13096.25390625,25810.849609375,1470.701171875,84299.78125,4041.5048828125
2024-10-01,851.5890502929688,470.61712646484375,13025.025390625,25796.900390625,1458.997802734375,84266.2890625,4059.873046875
2024-10-03,829.7838134765625,467.4717712402344,12511.927734375,25250.099609375,1401.3780517578125,82497.1015625,4007.656005859375
2024-10-04,817.771240234375,459.0841674804688,12470.7744140625,25014.599609375,1381.0093994140625,81688.453125,4026.119140625
2024-10-07,798.1119384765625,465.1469421386719,12393.3623046875,24795.75,1365.272216796875,81050.0,4045.6240234375
2024-10-08,814.5151977539062,463.0956115722656,12397.7646484375,25013.150390625,1391.791259765625,81634.8125,4027.065673828125
2024-10-09,805.6846313476562,448.2805786132813,12624.0654296875,24981.94921875,1369.1318359375,81467.1015625,4026.7822265625
2024-10-10,820.114501953125,448.5997009277344,12805.5009765625,24998.44921875,1365.595947265625,81611.40625,4002.590087890625
2024-10-11,814.4906005859375,445.0896606445313,12639.8447265625,24964.25,1366.6417236328125,81381.359375,3928.548828125
2024-10-14,832.7931518554688,453.0669860839844,12403.6005859375,25127.94921875,1367.0650634765625,81973.046875,3916.666015625
2024-10-15,830.81982421875,454.5256958007813,12313.4765625,25057.349609375,1338.678466796875,81820.1171875,3897.872314453125
2024-10-16,838.565185546875,449.6481323242188,12251.2998046875,24971.30078125,1348.6884765625,81501.359375,3877.18408203125
2024-10-17,825.4178466796875,445.7278137207031,12013.720703125,24749.849609375,1351.0291748046875,81006.609375,3890.48681640625
2024-10-18,829.7098388671875,443.7221374511719,11975.484375,24854.05078125,1353.8927001953125,81224.75,3913.313232421875
2024-10-21,852.8223876953125,440.9414367675781,12045.52734375,24781.099609375,1363.7532958984375,81151.2734375,3872.31103515625
2024-10-22,845.841796875,439.2547912597656,11795.630859375,24472.099609375,1338.006103515625,80220.71875,3811.234375
2024-10-23,856.3251342773438,437.932861328125,11828.1796875,24435.5,1333.2003173828125,80081.9765625,3859.402587890625
2024-10-24,863.15771484375,430.0466613769531,11637.740234375,24399.400390625,1334.4703369140625,80065.15625,3841.986083984375
2024-10-25,860.0744018554688,439.7106628417969,11379.6826171875,24180.80078125,1322.5677490234375,79402.2890625,3851.145751953125
2024-10-28,855.5357055664062,441.3972473144531,11360.29296875,24339.150390625,1329.0418701171875,80005.0390625,3882.751220703125
2024-10-29,864.2430419921875,444.8617248535156,10927.724609375,24466.849609375,1334.66943359375,80369.03125,3867.944580078125
2024-10-30,855.7330932617188,448.1438293457031,11135.921875,24340.849609375,1338.553955078125,79942.1796875,3876.866455078125
2024-10-31,856.2756958007812,445.6366882324219,10957.849609375,24205.349609375,1326.7510986328125,79389.0625,3766.57763671875
2024-11-01,857.0651245117188,447.0042114257813,10991.0400390625,24304.349609375,1333.3248291015625,79724.1171875,3781.52685546875
2024-11-04,845.6197509765625,441.8075256347656,10934.1064453125,23995.349609375,1296.9700927734375,78782.2421875,3762.49658203125
2024-11-05,867.2030029296875,437.7960815429688,11050.49609375,24213.30078125,1300.1075439453125,79476.6328125,3769.330322265625
2024-11-06,865.92041015625,438.6166076660156,11232.6748046875,24484.05078125,1320.0777587890625,80378.1328125,3929.069091796875
2024-11-07,861.62841796875,435.69915771484375,11179.154296875,24199.349609375,1300.4561767578125,79541.7890625,3939.746826171875
2024-11-08,865.5256958007812,435.8359375,11181.9736328125,24148.19921875,1278.6431884765625,79486.3203125,3936.04541015625
2024-11-11,871.3717041015625,434.8330383300781,11277.6376953125,24141.30078125,1267.6370849609375,79496.1484375,3985.115234375
2024-11-12,847.6423950195312,431.09515380859375,11023.78515625,23883.44921875,1269.1810302734375,78675.1796875,3983.88134765625
2024-11-13,829.463134765625,430.5025024414063,10931.2861328125,23559.05078125,1247.0693359375,77690.953125,3939.22509765625
2024-11-14,835.087158203125,424.8044128417969,10888.2021484375,23532.69921875,1262.5574951171875,77580.3125,3935.000732421875
2024-11-18,841.1797485351562,425.3514709472656,10975.162109375,23453.80078125,1255.7347412109375,77339.0078125,3815.03076171875
2024-11-19,859.507080078125,426.080810546875,10841.953125,23518.5,1236.710693359375,77578.3828125,3834.060791015625
2024-11-21,858.989013671875,416.7815246582031,10745.1513671875,23349.900390625,1218.1348876953125,77155.7890625,3865.667236328125
2024-11-22,861.1597290039062,432.7361755371094,10945.1357421875,23907.25,1260.3662109375,79117.109375,4028.680419921875
2024-11-25,880.8929443359375,434.6963195800781,10907.0986328125,24221.900390625,1281.8802490234375,80109.8515625,4095.59423828125
2024-11-26,880.8683471679688,434.8786926269531,10826.767578125,24194.5,1290.545654296875,80004.0625,4131.28125
2024-11-27,894.06494140625,434.8330383300781,10939.9423828125,24274.900390625,1288.0555419921875,80234.078125,4112.15576171875
2024-11-28,884.6176147460938,432.964111328125,10832.6044921875,23914.150390625,1265.7447509765625,79043.7421875,4028.96484375
2024-11-29,886.04833984375,434.6507873535156,10955.623046875,24131.099609375,1287.0595703125,79802.7890625,4053.594970703125
2024-12-02,890.3156127929688,435.0610046386719,11118.955078125,24276.05078125,1303.9422607421875,80248.078125,4059.10009765625
2024-12-03,900.9715576171876,430.8216247558594,11158.4775390625,24457.150390625,1318.035888671875,80845.75,4083.872314453125
2024-12-04,917.6461791992188,425.8528747558594,11010.6767578125,24467.44921875,1303.742919921875,80956.328125,4132.89453125
2024-12-05,920.4335327148438,426.2175598144531,11062.515625,24708.400390625,1316.7908935546875,81765.859375,4236.966796875
2024-12-06,915.5494995117188,429.5452270507813,11196.763671875,24677.80078125,1306.3326416015625,81709.1171875,4219.3603515625
2024-12-09,922.5301513671876,423.8927307128906,11159.021484375,24619.0,1289.9979248046875,81508.4609375,4225.67236328125
2024-12-10,921.5928344726562,424.34857177734375,11078.2958984375,24610.05078125,1279.73876953125,81510.046875,4207.0693359375
2024-12-11,919.1261596679688,424.1662292480469,11156.9931640625,24641.80078125,1273.115234375,81526.140625,4202.228515625
2024-12-12,917.2268676757812,419.9268798828125,11047.8251953125,24548.69921875,1257.876220703125,81289.9609375,4228.330078125
2024-12-13,923.3934936523438,428.4967956542969,11151.8486328125,24768.30078125,1267.78662109375,82133.1171875,4246.31591796875
2024-12-16,920.1621704101562,428.5879821777344,11156.251953125,24668.25,1263.2547607421875,81748.5703125,4190.6025390625
2024-12-17,904.4002685546876,428.0865478515625,10989.60546875,24336.0,1240.34619140625,80684.453125,4108.3125
2024-12-18,893.2755737304688,428.95263671875,10884.6416015625,24198.849609375,1248.2645263671875,80182.203125,4126.67822265625
2024-12-19,884.790283203125,425.3514709472656,10838.044921875,23951.69921875,1225.55517578125,79218.046875,4054.591796875
2024-12-20,873.93701171875,423.6192321777344,10784.3271484375,23587.5,1200.50537109375,78041.59375,3958.15966796875
2024-12-23,888.4902954101562,432.3715515136719,10706.123046875,23753.44921875,1217.437744140625,78540.171875,3946.77001953125
2024-12-24,887.0596313476562,436.2005920410156,10621.6376953125,23727.650390625,1217.8858642578125,78472.8671875,3966.891845703125
2024-12-26,883.4336547851562,434.8330383300781,10779.3310546875,23750.19921875,1211.7105712890625,78472.4765625,3957.020751953125
2024-12-27,887.1336669921875,436.3373718261719,10823.8984375,23813.400390625,1216.1927490234375,78699.0703125,3952.987060546875
2024-12-30,877.0943603515625,434.8786926269531,10683.3203125,23644.900390625,1205.8837890625,78248.1328125,3947.24462890625
2024-12-31,874.60302734375,440.9414367675781,10742.1337890625,23644.80078125,1210.6148681640625,78139.0078125,3886.50048828125
2025-01-01,879.4869384765625,441.2149963378906,11088.287109375,23742.900390625,1216.391845703125,78507.40625,3903.252685546875
2025-01-02,884.9136352539062,445.8645935058594,11714.5087890625,24188.650390625,1236.860107421875,79943.7109375,3963.332763671875
2025-01-03,862.9356689453125,439.0724792480469,11806.4638671875,24004.75,1246.1729736328125,79223.109375,3891.3408203125
2025-01-06,843.8438110351562,419.1043090820313,11629.7763671875,23616.05078125,1213.15478515625,77964.9921875,3886.6904296875
2025-01-07,845.2744140625,417.63677978515625,11595.7939453125,23707.900390625,1235.913818359375,78199.109375,3823.38330078125
2025-01-08,835.8518676757812,425.6372680664063,11695.416015625,23688.94921875,1260.4658203125,78148.4921875,3899.408447265625
2025-01-09,822.778564453125,426.1580200195313,11614.837890625,23526.5,1249.758544921875,77620.2109375,3833.396728515625
2025-01-10,817.3272094726562,421.234619140625,11506.5595703125,23431.5,1236.959716796875,77378.90625,4048.659423828125
2025-01-13,804.5499267578125,415.69580078125,11374.5888671875,23085.94921875,1234.9178466796875,76330.0078125,4072.815185546875
2025-01-14,812.3198852539062,413.3760986328125,11615.431640625,23176.05078125,1233.822265625,76499.6328125,4017.7177734375
2025-01-15,810.5685424804688,414.0862426757813,11819.4736328125,23213.19921875,1247.2186279296875,76724.078125,4033.425537109375
2025-01-16,815.008544921875,409.8255920410156,11962.8212890625,23311.80078125,1261.4119873046875,77042.8203125,3992.32861328125
2025-01-17,807.4605712890625,416.78466796875,12006.3994140625,23203.19921875,1297.169189453125,76619.328125,3986.52880859375
2025-01-20,814.6138305664062,414.4176330566406,11891.3447265625,23344.75,1300.2568359375,77073.4375,3941.58203125
2025-01-21,810.2478637695312,414.2755737304688,11756.455078125,23024.650390625,1268.6331787109375,75838.359375,3901.03369140625
2025-01-22,821.9152221679688,413.7548522949219,11891.6416015625,23155.349609375,1272.0196533203125,76404.9921875,4017.749755859375
2025-01-23,821.347900390625,416.78466796875,11916.7705078125,23205.349609375,1258.6231689453125,76520.3828125,4006.97265625
2025-01-24,813.8986206054688,418.1101684570313,11839.75390625,23092.19921875,1241.34228515625,76190.4609375,4013.642333984375
2025-01-27,804.0319213867188,416.68994140625,11865.42578125,22829.150390625,1224.4595947265625,75366.171875,3929.3544921875
2025-01-28,824.0611572265625,412.2873229980469,11993.9345703125,22957.25,1229.4896240234375,75901.40625,3905.3349609375
2025-01-29,827.4651489257812,410.2990112304688,11849.6474609375,23163.099609375,1230.585205078125,76532.9609375,3962.84716796875
2025-01-30,834.470458984375,412.9974365234375,11871.509765625,23249.5,1248.0654296875,76759.8125,3963.0888671875
2025-01-31,838.047119140625,423.69635009765625,12178.833984375,23508.400390625,1260.0673828125,77500.5703125,3975.026123046875
2025-02-01,834.1990966796875,437.9457702636719,12778.1962890625,23482.150390625,1259.5693359375,77500.5703125,3937.087646484375
2025-02-03,827.8104858398438,430.1819763183594,12999.25390625,23361.05078125,1240.94384765625,77186.7421875,3932.738037109375
2025-02-04,848.9744873046875,430.93939208984375,12969.5751953125,23739.25,1280.08740234375,78583.8125,3969.855224609375
2025-02-05,857.311767578125,424.3117370605469,12946.6728515625,23696.30078125,1273.115234375,78271.28125,3954.43798828125
2025-02-06,860.29638671875,417.63677978515625,12934.009765625,23603.349609375,1276.4520263671875,78058.15625,3946.36669921875
2025-02-07,854.8203735351562,407.9319763183594,12909.7724609375,23559.94921875,1261.6610107421875,77860.1875,3894.799072265625
2025-02-10,846.4337768554688,404.4761657714844,12762.615234375,23381.599609375,1248.6629638671875,77311.796875,3902.096923828125
2025-02-11,839.3544921875,396.0495300292969,12588.103515625,23071.80078125,1229.937744140625,76293.6015625,3831.14892578125
2025-02-12,842.0184936523438,394.2222290039063,12520.041015625,23045.25,1211.7105712890625,76171.078125,3818.1962890625
2025-02-13,837.5291137695312,394.0299072265625,12535.6220703125,23031.400390625,1211.2623291015625,76138.96875,3779.532470703125
2025-02-14,836.1231079101562,394.558837890625,12544.4765625,22929.25,1212.40771484375,75939.2109375,3803.4072265625
2025-02-17,847.2230834960938,392.9719848632813,12626.2412109375,22959.5,1220.02734375,75996.859375,3774.071533203125
2025-02-18,850.0350952148438,389.7500915527344,12649.2919921875,22945.30078125,1220.525390625,75967.390625,3743.817138671875
2025-02-19,852.0823974609375,390.8561096191406,12550.3134765625,22932.900390625,1222.567138671875,75939.1796875,3657.693115234375
2025-02-20,832.2998046875,386.6724853515625,12307.4423828125,22913.150390625,1228.0950927734375,75735.9609375,3653.150146484375
2025-02-21,834.9638061523438,385.5664367675781,12191.4970703125,22795.900390625,1223.264404296875,75311.0625,3659.52978515625
2025-02-24,827.3665161132812,386.5282287597656,12213.013671875,22553.349609375,1209.718505859375,74454.40625,3552.81787109375
2025-02-25,829.9564819335938,389.3653869628906,12342.7587890625,22547.55078125,1199.21044921875,74602.1171875,3508.305908203125
2025-02-27,839.0090942382812,386.23968505859375,12248.0341796875,22545.05078125,1202.298095703125,74612.4296875,3491.8740234375
2025-02-28,854.6477661132812,379.8921203613281,11817.939453125,22124.69921875,1195.325927734375,73198.1015625,3366.89306640625
2025-03-03,839.4285278320312,382.2484436035156,11649.5126953125,22119.30078125,1166.5906982421875,73085.9375,3376.365478515625
2025-03-04,843.5971069335938,379.7478637695313,11491.869140625,22082.650390625,1157.2779541015625,72989.9296875,3414.06298828125
2025-03-05,833.73046875,389.5577087402344,11492.95703125,22337.30078125,1170.9234619140625,73730.2265625,3428.561767578125
2025-03-06,834.3224487304688,390.1828918457031,11541.482421875,22544.69921875,1204.7882080078125,74340.09375,3481.28955078125
2025-03-07,833.3604736328125,388.4517211914063,11539.2568359375,22552.5,1244.828369140625,74332.578125,3490.56884765625
2025-03-10,832.4971313476562,389.5096435546875,11461.9921875,22460.30078125,1233.4736328125,74115.171875,3469.73876953125
2025-03-11,831.510498046875,390.6637573242188,11522.240234375,22497.900390625,1242.3382568359375,74102.3203125,3455.868408203125
2025-03-12,844.1644897460938,396.6266174316406,11515.462890625,22470.5,1252.0494384765625,74029.7578125,3389.076171875
2025-03-13,841.9197387695312,396.28997802734375,11390.515625,22397.19921875,1242.9359130859375,73828.90625,3393.764404296875
2025-03-17,843.7944946289062,392.3468322753906,11429.9892578125,22508.75,1233.9217529296875,74169.953125,3380.8603515625
2025-03-18,843.7944946289062,393.4528198242188,11429.9892578125,22834.30078125,1233.9217529296875,75301.2578125,3380.8603515625
2025-03-19,860.4197387695312,387.63421630859375,11491.1767578125,22907.599609375,1242.1888427734375,75449.046875,3380.280517578125
2025-03-20,872.580322265625,388.4998168945313,11604.5986328125,23190.650390625,1264.101318359375,76348.0625,3444.123779296875
2025-03-21,873.3696899414062,390.0386047363281,11607.1708984375,23350.400390625,1271.2725830078125,76905.5078125,3458.57470703125
2025-03-24,887.9969482421875,395.1839904785156,11794.5927734375,23658.349609375,1296.920166015625,77984.3828125,3507.725830078125
2025-03-25,898.5789184570312,394.12603759765625,11741.814453125,23668.650390625,1280.33642578125,78017.1875,3535.563720703125
2025-03-26,891.2283325195312,391.769775390625,11608.6552734375,23486.849609375,1267.98583984375,77288.5,3514.346923828125
2025-03-27,900.5029296875,393.7894592285156,11596.4375,23591.94921875,1273.115234375,77606.4296875,3529.232666015625
2025-03-28,901.9088745117188,394.0779724121094,11398.77734375,23519.349609375,1270.027587890625,77414.921875,3485.6875
2025-04-01,872.1363525390625,391.0965576171875,11358.166015625,23165.69921875,1247.6170654296875,76024.5078125,3432.186279296875
2025-04-02,886.4676513671875,393.40472412109375,11590.6494140625,23332.349609375,1246.1729736328125,76617.4375,3425.5654296875
2025-04-03,885.456298828125,393.7413330078125,11562.94921875,23250.099609375,1243.732666015625,76295.359375,3289.46875
2025-04-04,896.5316772460938,394.0299072265625,11359.056640625,22904.44921875,1199.9075927734375,75364.6875,3189.1845703125
2025-04-07,867.1289672851562,390.51947021484375,11208.4365234375,22161.599609375,1161.062744140625,73137.8984375,3164.68115234375
2025-04-08,872.7777099609375,396.7708740234375,11336.2041015625,22535.849609375,1177.4971923828125,74227.078125,3182.949951171875
2025-04-09,870.7303466796875,400.37744140625,11334.720703125,22399.150390625,1180.6346435546875,73847.1484375,3138.148193359375
2025-04-11,891.3269653320312,405.4266052246094,11474.8525390625,22828.55078125,1214.1009521484375,75157.2578125,3123.552490234375
2025-04-15,920.0142211914062,404.3206176757813,11728.0625,23328.55078125,1235.1668701171875,76734.890625,3139.69482421875
2025-04-16,926.4768676757812,408.2157287597656,11539.107421875,23437.19921875,1234.3701171875,77044.2890625,3164.439697265625
2025-04-17,940.6354370117188,410.90863037109375,11569.775390625,23851.650390625,1269.4300537109375,78553.203125,3188.701171875
2025-04-21,950.6994018554688,406.6769409179688,11619.240234375,24125.55078125,1290.346435546875,79408.5,3210.642822265625
2025-04-22,967.7686767578124,417.0157775878906,11608.3583984375,24167.25,1286.0635986328125,79595.59375,3203.68310546875
2025-04-23,949.1207275390624,414.3709411621094,11779.505859375,24328.94921875,1294.82861328125,80116.4921875,3298.989501953125
2025-04-24,945.6181030273438,413.60150146484375,11766.6455078125,24246.69921875,1296.4222412109375,79801.4296875,3287.970703125
2025-04-25,942.8554077148438,411.4375915527344,11572.744140625,24039.349609375,1295.22705078125,79212.53125,3332.820556640625
2025-04-28,947.29541015625,412.3993225097656,11719.1591796875,24328.5,1363.35498046875,80218.3671875,3328.470703125
2025-04-29,941.6714477539062,409.7064208984375,11714.212890625,24335.94921875,1394.1319580078125,80288.3828125,3356.502197265625
2025-04-30,949.6633911132812,409.5140686035156,12125.7578125,24334.19921875,1399.410888671875,80242.2421875,3338.330078125
2025-05-02,948.1341552734376,413.0725708007813,12272.173828125,24346.69921875,1414.152099609375,80501.9921875,3316.388427734375
2025-05-05,955.4847412109376,420.2376403808594,12324.6064453125,24461.150390625,1425.6063232421875,80796.84375,3338.91015625
2025-05-06,952.9686889648438,418.8911743164063,12446.2890625,24379.599609375,1415.2476806640625,80641.0703125,3344.419677734375
2025-05-07,959.8260498046876,414.6594543457031,12497.732421875,24414.400390625,1400.4068603515625,80746.78125,3330.017333984375
2025-05-08,951.3900756835938,414.1304931640625,12259.3125,24273.80078125,1401.4029541015625,80334.8125,3333.6904296875
2025-05-09,932.248779296875,407.3501586914063,12118.8330078125,24008.0,1371.721435546875,79454.46875,3325.377685546875
2025-05-12,965.5487060546876,418.8431091308594,12480.9140625,24924.69921875,1430.7855224609375,82429.8984375,3499.46142578125
2025-05-13,948.4793701171876,411.5337524414063,12348.3486328125,24578.349609375,1410.0682373046875,81148.21875,3397.58251953125
2025-05-14,942.5594482421876,412.6878967285156,12534.3359375,24666.900390625,1418.7337646484375,81330.5625,3430.156494140625
2025-05-15,954.0047607421876,416.1020812988281,12813.31640625,25062.099609375,1448.4151611328125,82530.7421875,3460.314453125
2025-05-16,954.44873046875,419.0354614257813,12855.8564453125,25019.80078125,1450.6064453125,82330.59375,3442.335693359375
2025-05-19,956.4220581054688,418.6988220214844,12849.919921875,24945.44921875,1435.0684814453125,82059.421875,3401.25537109375
2025-05-20,944.6807861328124,418.2660217285156,12502.6787109375,24683.900390625,1418.932861328125,81186.4375,3381.4404296875
2025-05-21,950.5514526367188,416.438720703125,12479.9248046875,24813.44921875,1423.5145263671875,81596.6328125,3408.02197265625
2025-05-22,947.1474609375,409.8026123046875,12311.7451171875,24609.69921875,1403.79345703125,80951.9921875,3360.851806640625
2025-05-23,953.9060668945312,419.6124877929688,12319.6591796875,24853.150390625,1421.124267578125,81721.078125,3397.19580078125
2025-05-26,957.1619873046876,425.9600524902344,12288.001953125,25001.150390625,1429.0924072265625,82176.453125,3419.1376953125
2025-05-27,950.3047485351562,417.3042907714844,12281.0771484375,24826.19921875,1416.44287109375,81551.6328125,3381.826904296875
2025-05-28,948.9234008789062,411.5744018554688,12198.9658203125,24752.44921875,1407.279541015625,81312.3203125,3380.8603515625
2025-05-29,950.896728515625,410.1541442871094,12259.3125,24833.599609375,1412.1600341796875,81633.0234375,3381.247314453125
2025-05-30,959.480712890625,409.468505859375,12187.0947265625,24750.69921875,1415.2476806640625,81451.0078125,3347.7060546875
2025-06-02,953.166015625,410.6928405761719,12158.4052734375,24716.599609375,1408.0762939453125,81373.75,3334.560546875
2025-06-03,949.466064453125,408.39111328125,11998.1396484375,24542.5,1399.908935546875,80737.5078125,3291.4501953125
2025-06-04,957.6553344726562,408.4400634765625,12032.7646484375,24620.19921875,1417.8372802734375,80998.25,3297.008544921875
2025-06-05,961.79931640625,410.4969482421875,11996.1611328125,24750.900390625,1436.662109375,81442.0390625,3287.451904296875
2025-06-06,976.1552734375,412.4069213867188,12328.5634765625,25003.05078125,1437.7576904296875,82188.9921875,3300.226806640625
2025-06-09,976.2540283203124,414.3658752441406,12501.689453125,25103.19921875,1443.0367431640625,82445.2109375,3336.991455078125
2025-06-10,969.5447387695312,418.23480224609375,12385.9423828125,25104.25,1432.777587890625,82391.71875,3376.97412109375
2025-06-11,962.1940307617188,417.4022216796875,12318.669921875,25141.400390625,1443.13623046875,82515.140625,3385.750732421875
2025-06-12,958.74072265625,412.3579406738281,12257.333984375,24888.19921875,1435.865234375,81691.9765625,3348.986083984375
2025-06-13,946.0127563476562,405.4036865234375,12275.1416015625,24718.599609375,1422.2198486328125,81118.6015625,3360.200927734375
2025-06-16,954.7940673828124,409.6154479980469,12395.8349609375,24946.5,1432.0804443359375,81796.1484375,3409.54541015625
2025-06-17,951.9327392578124,408.8318481445313,12460.138671875,24853.400390625,1425.506591796875,81583.296875,3428.073974609375
2025-06-18,954.0540771484376,407.3626403808594,12611.5009765625,24812.05078125,1424.4110107421875,81444.65625,3365.75927734375
2025-06-19,954.7447509765624,407.4606018066406,12668.8798828125,24793.25,1427.598388671875,81361.8671875,3339.039306640625
2025-06-20,969.2486572265624,409.9582214355469,12654.0400390625,25112.400390625,1460.367431640625,82408.171875,3350.44873046875
2025-06-23,961.2073974609376,405.4036865234375,12563.025390625,24971.900390625,1451.0048828125,81896.7890625,3309.393798828125
2025-06-24,967.3740234375,405.844482421875,12475.9677734375,25044.349609375,1445.0286865234375,82055.109375,3306.27294921875
2025-06-25,976.8953247070312,407.8034057617188,12630.2978515625,25244.75,1461.463134765625,82755.5078125,3359.3232421875
2025-06-26,997.4179077148438,411.67230224609375,12578.8544921875,25549.0,1489.3516845703125,83755.8671875,3356.397705078125
2025-06-27,1004.9491577148438,410.0561828613281,12506.6357421875,25637.80078125,1509.3717041015625,84058.8984375,3355.71533203125
2025-06-30,998.2658081054688,407.9013671875,12267.2265625,25517.05078125,1494.630615234375,83606.4609375,3376.096435546875
2025-07-01,1003.5526123046876,406.5790710449219,12308.77734375,25541.80078125,1522.320068359375,83697.2890625,3344.597900390625
2025-07-02,990.5350341796876,404.4732055664063,12486.849609375,25453.400390625,1512.75830078125,83409.6875,3338.356689453125
2025-07-03,991.0836181640624,404.864990234375,12615.4580078125,25405.30078125,1511.76220703125,83239.46875,3316.4150390625
2025-07-04,992.1809692382812,404.0813903808594,12510.5927734375,25461.0,1521.2244873046875,83432.890625,3334.943603515625
2025-07-07,991.2332763671876,407.6075134277344,12385.9423828125,25461.30078125,1535.367919921875,83442.5,3327.044677734375
2025-07-08,998.2159423828124,408.635986328125,12281.0771484375,25522.5,1531.4833984375,83712.5078125,3321.68115234375
2025-07-09,1003.1036987304688,410.83978271484375,12336.4775390625,25476.099609375,1512.9573974609375,83536.078125,3299.836669921875
2025-07-10,1000.6099243164062,408.2931518554688,12514.5498046875,25355.25,1511.16455078125,83190.28125,3298.081298828125
2025-07-11,989.3878784179688,408.2441711425781,12439.3642578125,25149.849609375,1489.2520751953125,82500.46875,3184.959716796875
2025-07-14,989.0387573242188,410.7908020019531,12380.0068359375,25082.30078125,1477.7977294921875,82253.4609375,3142.734130859375
2025-07-15,995.2732543945312,413.4353942871094,12401.7705078125,25195.80078125,1479.4910888671875,82570.90625,3171.599609375
2025-07-16,995.6722412109376,415.8840637207031,12429.470703125,25212.05078125,1479.690185546875,82634.4765625,3163.576171875
2025-07-17,990.98388671875,415.2474060058594,12342.4130859375,25111.44921875,1470.52685546875,82259.2421875,3140.18994140625
2025-07-18,976.2705078125,414.072021484375,12286.0234375,24968.400390625,1470.12841796875,81757.7265625,3121.304931640625
2025-07-21,997.7670288085938,411.4764404296875,12272.173828125,25090.69921875,1422.9169921875,82200.34375,3090.286865234375
2025-07-22,1001.058837890625,407.4606018066406,12358.2421875,25060.900390625,1407.179931640625,82186.8125,3091.65673828125
2025-07-23,1009.6375122070312,406.4321594238281,12491.796875,25219.900390625,1418.932861328125,82726.640625,3110.7373046875
2025-07-24,1004.5999755859376,401.5347900390625,12422.5458984375,25062.099609375,1397.3192138671875,82184.171875,3080.30615234375
2025-07-25,1002.2999877929688,400.9960632324219,12271.1845703125,24837.0,1386.1636962890625,81463.09375,3068.368408203125
2025-07-28,1004.25,401.4858093261719,12207.869140625,24680.900390625,1382.080078125,80891.0234375,3013.08349609375
2025-07-29,1010.7999877929688,400.0655822753906,12335.48828125,24821.099609375,1411.4627685546875,81337.953125,2990.284423828125
2025-07-30,1012.9000244140624,399.2330322265625,12482.892578125,24855.05078125,1404.4906005859375,81481.859375,2987.93603515625
2025-07-31,1009.0999755859376,403.4937438964844,12473.0,24768.349609375,1384.669677734375,81185.578125,2971.497314453125
2025-08-01,1006.0999755859376,407.9013671875,12302.0,24565.349609375,1388.15576171875,80599.90625,2938.424072265625
2025-08-04,996.0,408.2931518554688,12365.0,24722.75,1405.885009765625,81018.71875,3008.28857421875
2025-08-05,988.7999877929688,405.6485595703125,12537.0,24649.55078125,1386.1636962890625,80710.25,2998.014404296875
2025-08-06,992.6500244140624,403.5426940917969,12524.0,24574.19921875,1387.259521484375,80543.9921875,2967.093994140625
2025-08-07,997.7000122070312,405.10986328125,12632.0,24596.150390625,1383.8729248046875,80623.2578125,2981.47802734375
2025-08-08,986.9500122070312,405.9913940429688,12590.0,24363.30078125,1362.35888671875,79857.7890625,2971.105712890625
2025-08-11,997.7999877929688,408.2931518554688,12597.0,24585.05078125,1380.6856689453125,80604.078125,2975.4111328125
2025-08-12,984.9500122070312,407.8034057617188,12840.0,24487.400390625,1374.9088134765625,80235.59375,2970.127197265625
2025-08-13,990.1500244140624,405.599609375,12834.0,24619.349609375,1377.0999755859375,80539.90625,2970.91015625
2025-08-14,995.5499877929688,403.0039978027344,12936.0,24631.30078125,1373.800048828125,80597.65625,2957.30908203125
2025-08-18,1001.7999877929688,397.9596862792969,14068.0,24876.94921875,1381.699951171875,81273.75,2946.44775390625
2025-08-19,995.5499877929688,400.7022399902344,14250.0,24980.650390625,1420.0999755859375,81644.390625,2951.340087890625
2025-08-20,994.0999755859376,397.7148132324219,14221.0,25050.55078125,1413.0,81857.84375,3031.96826171875
2025-08-21,995.5999755859376,397.22509765625,14280.0,25083.75,1424.800048828125,82000.7109375,3035.882568359375
2025-08-22,982.2999877929688,390.1239013671875,14349.0,24870.099609375,1409.199951171875,81306.8515625,2988.327392578125
2025-08-25,982.0499877929688,391.1523742675781,14452.0,24967.75,1412.5999755859375,81635.90625,3073.0654296875
2025-08-26,973.4000244140624,395.0702819824219,14714.0,24712.05078125,1384.9000244140625,80786.5390625,3089.30810546875
2025-08-28,957.7999877929688,392.6705627441406,14752.0,24500.900390625,1385.9000244140625,80080.5703125,3027.173828125
2025-08-29,951.5999755859376,401.3388977050781,14791.0,24426.849609375,1357.199951171875,79809.6484375,3018.3671875
2025-09-01,950.5999755859376,397.5189514160156,14887.0,24625.05078125,1353.9000244140625,80364.4921875,3045.667236328125
2025-09-02,944.5,398.4004821777344,14842.0,24579.599609375,1366.5,80157.8828125,3044.591064453125
2025-09-03,954.4500122070312,403.2978210449219,14927.0,24715.05078125,1372.5999755859375,80567.7109375,3030.89208984375
2025-09-04,961.25,407.3626403808594,14662.0,24734.30078125,1359.300048828125,80718.0078125,3029.130615234375
2025-09-05,963.4000244140624,398.9881591796875,14895.0,24741.0,1375.0,80710.7578125,2982.75
2025-09-08,966.0,399.1840515136719,15258.0,24773.150390625,1378.5,80787.296875,2954.079833984375
2025-09-09,965.1500244140624,401.6327209472656,15365.0,24868.599609375,1376.199951171875,81101.3203125,2983.826171875
2025-09-10,965.9000244140624,404.5711364746094,15108.0,24973.099609375,1377.0,81425.1484375,3043.123291015625
2025-09-11,967.7999877929688,406.5300903320313,15095.0,25005.5,1383.300048828125,81548.7265625,3057.017822265625
2025-09-12,967.2999877929688,405.25677490234375,15325.0,25114.0,1395.0,81904.703125,3066.019775390625
2025-09-15,967.0499877929688,404.1793518066406,15265.0,25069.19921875,1399.300048828125,81785.7421875,3044.982421875
2025-09-16,966.8499755859376,404.6201171875,15573.0,25239.099609375,1405.300048828125,82380.6875,3078.055419921875
2025-09-17,966.5,400.8981018066406,15801.0,25330.25,1413.800048828125,82693.7109375,3104.57275390625
2025-09-18,976.9000244140624,403.1019287109375,15817.0,25423.599609375,1415.0,83013.9609375,3108.388916015625
2025-09-19,966.9000244140624,402.2203979492188,15864.0,25327.05078125,1407.4000244140625,82626.2265625,3101.050048828125
2025-09-22,964.2000122070312,398.5963745117188,15816.0,25202.349609375,1390.5999755859375,82159.96875,3007.70166015625
2025-09-23,957.2000122070312,394.9233703613281,16097.0,25169.5,1389.800048828125,82102.1015625,2996.546875
2025-09-24,951.0499877929688,392.76849365234375,16249.0,25056.900390625,1383.0,81715.6328125,2970.127197265625
2025-09-25,949.8499755859376,391.8869934082031,16269.0,24890.849609375,1372.4000244140625,81159.6796875,2893.804443359375
2025-09-26,945.0499877929688,396.7843322753906,16286.0,24654.69921875,1377.5999755859375,80426.4609375,2836.758544921875
2025-09-29,950.2999877929688,398.8901977539063,15984.0,24634.900390625,1372.800048828125,80364.9375,2833.82275390625
2025-09-30,951.0,393.3071899414063,16029.0,24611.099609375,1364.0,80267.6171875,2826.288330078125
2025-10-01,965.25,397.2740783691406,15965.0,24836.30078125,1368.699951171875,80983.3125,2851.53369140625
2025-10-03,965.1500244140624,396.0007629394531,15806.0,24894.25,1363.4000244140625,81207.171875,2839.498046875
2025-10-06,973.4500122070312,392.5236206054688,15998.0,25077.650390625,1375.0,81790.1171875,2924.137939453125
2025-10-07,982.5,391.5931396484375,16108.0,25108.30078125,1384.800048828125,81926.75,2909.75390625
2025-10-08,978.7000122070312,391.5441589355469,16012.0,25046.150390625,1367.4000244140625,81773.65625,2962.103759765625
2025-10-09,977.0999755859376,391.6910705566406,15985.0,25181.80078125,1377.800048828125,82172.1015625,2995.86181640625
2025-10-10,980.9000244140624,394.5315551757813,16265.0,25285.349609375,1381.699951171875,82500.8203125,2963.179931640625
2025-10-13,977.0,391.0544128417969,16323.0,25227.349609375,1375.0,82327.046875,2942.53369140625
2025-10-14,977.1500244140624,388.6546936035156,16261.0,25145.5,1375.9000244140625,82029.9765625,2896.642333984375
2025-10-15,978.25,391.6910705566406,16212.0,25323.55078125,1374.300048828125,82605.4296875,2916.7763671875
2025-10-16,994.3499755859376,396.8333129882813,16298.0,25585.30078125,1398.300048828125,83467.65625,2917.66015625
2025-10-17,1002.5499877929688,403.6896057128906,16401.0,25709.849609375,1416.800048828125,83952.1875,2909.311767578125
2025-10-20,1002.9500122070312,404.5711364746094,16424.0,25843.150390625,1466.800048828125,84363.3671875,2961.365478515625
2025-10-21,1007.7000122070312,404.3752746582031,16396.0,25868.599609375,1465.199951171875,84426.34375,2953.017333984375
2025-10-23,1008.7999877929688,407.41162109375,16393.0,25891.400390625,1448.4000244140625,84556.3984375,3018.330078125
2025-10-24,994.75,408.2441711425781,16274.0,25795.150390625,1451.5999755859375,84211.8828125,3008.508544921875
2025-10-27,1002.9500122070312,412.01513671875,16388.0,25966.05078125,1484.0999755859375,84778.84375,3029.821044921875
2025-10-28,1003.5499877929688,409.3215942382813,16311.0,25936.19921875,1486.9000244140625,84628.15625,3003.30322265625
2025-10-29,1007.8499755859376,412.9456481933594,16138.0,26053.900390625,1504.199951171875,84997.1328125,3003.0087890625
2025-10-30,998.1500244140624,410.1541442871094,16206.0,25877.849609375,1488.5,84404.4609375,2981.106689453125
2025-10-31,987.2999877929688,411.7213134765625,16186.0,25722.099609375,1486.4000244140625,83938.7109375,3003.4013671875
2025-11-03,992.6500244140624,405.4526977539063,15651.0,25763.349609375,1484.699951171875,83978.4921875,2962.93701171875
2025-11-04,985.25,400.5063171386719,15374.0,25597.650390625,1473.0999755859375,83459.1484375,2936.81201171875
2025-11-06,984.6500244140624,399.1350708007813,15452.0,25509.69921875,1496.0999755859375,83311.0078125,2957.142333984375
2025-11-07,982.2999877929688,395.7558898925781,15479.0,25492.30078125,1478.0,83216.28125,2938.383544921875
2025-11-10,984.5,397.22509765625,15583.0,25574.349609375,1489.300048828125,83535.3515625,2971.18701171875
2025-11-11,991.7000122070312,398.4984130859375,15645.0,25694.94921875,1493.4000244140625,83871.3203125,2992.597900390625
2025-11-12,989.5,398.6453247070313,15696.0,25875.80078125,1511.5,84466.5078125,3075.8837890625
2025-11-13,986.6500244140624,397.3720397949219,15749.0,25879.150390625,1510.9000244140625,84478.671875,3050.249755859375
2025-11-14,989.5999755859376,399.771728515625,15684.0,25910.05078125,1518.9000244140625,84562.78125,3050.54443359375
2025-11-17,996.5499877929688,398.7432861328125,15878.0,26013.44921875,1518.300048828125,84950.953125,3046.812255859375
2025-11-18,992.4500122070312,397.5189514160156,15930.0,25910.05078125,1519.4000244140625,84673.0234375,3031.98193359375
2025-11-19,994.5999755859376,395.2661437988281,15768.0,26052.650390625,1518.9000244140625,85186.46875,3091.499755859375
2025-11-20,1008.8499755859376,397.1271667480469,15801.0,26192.150390625,1549.0999755859375,85632.6796875,3088.65185546875
2025-11-21,998.0499877929688,399.4779052734375,15977.0,26068.150390625,1546.5999755859375,85231.921875,3094.34814453125
2025-11-24,999.1500244140624,395.2661437988281,15958.0,25959.5,1535.9000244140625,84900.7109375,3085.115966796875
2025-11-25,989.7999877929688,392.5726013183594,15889.0,25884.80078125,1539.699951171875,84587.0078125,3063.5087890625
2025-11-26,1003.9000244140624,394.0418090820313,16156.0,26205.30078125,1569.9000244140625,85609.5078125,3106.428466796875
2025-11-27,1009.5,396.0007629394531,15903.0,26215.55078125,1563.4000244140625,85720.3828125,3080.59814453125
2025-11-28,1007.5999755859376,395.9517822265625,15900.0,26202.94921875,1567.5,85706.671875,3081.48193359375
2025-12-01,1002.0999755859376,395.9517822265625,16097.0,26175.75,1566.0999755859375,85641.8984375,3077.455078125
2025-12-02,989.7999877929688,392.7195434570313,16239.0,26032.19921875,1546.300048828125,85138.2734375,3079.714111328125
2025-12-03,1000.5,392.2787780761719,16082.0,25986.0,1538.800048828125,85106.8125,3123.22314453125
2025-12-04,997.2000122070312,394.7763977050781,15994.0,26033.75,1535.5999755859375,85265.3203125,3171.544677734375
2025-12-05,1003.2999877929688,396.6374206542969,16282.0,26186.44921875,1540.5999755859375,85712.3671875,3180.384033203125
2025-12-08,1003.0999755859376,394.0418090820313,16187.0,25960.55078125,1543.0,85102.6875,3178.71435546875
2025-12-09,997.0999755859376,392.8174743652344,16020.0,25839.650390625,1529.4000244140625,84666.28125,3151.01806640625
2025-12-10,989.7999877929688,394.8743591308594,16019.0,25758.0,1536.9000244140625,84391.2734375,3132.259033203125
2025-12-11,1000.2999877929688,394.6294860839844,16248.0,25898.55078125,1545.0,84818.1328125,3134.91064453125
2025-12-12,1001.5,391.8869934082031,16522.0,26046.94921875,1556.5,85267.65625,3163.0
2025-12-15,996.0999755859376,394.0418090820313,16415.0,26027.30078125,1556.199951171875,85213.359375,3172.52685546875
2025-12-16,994.2999877929688,393.4541320800781,16354.0,25860.099609375,1542.300048828125,84679.859375,3147.875244140625
2025-12-17,984.0,391.5931396484375,16398.0,25818.55078125,1544.4000244140625,84559.6484375,3160.348388671875
2025-12-18,979.7000122070312,392.1808166503906,16329.0,25815.55078125,1544.4000244140625,84481.8125,3222.2236328125
2025-12-19,985.5,392.8174743652344,16414.0,25966.400390625,1565.0999755859375,84929.359375,3223.402099609375
2025-12-22,987.7000122070312,394.4336242675781,16649.0,26172.400390625,1575.4000244140625,85567.4765625,3265.5361328125
2025-12-23,996.5999755859376,398.9881591796875,16585.0,26177.150390625,1570.699951171875,85524.84375,3250.902099609375
2025-12-24,997.2000122070312,398.2535705566406,16703.0,26142.099609375,1558.199951171875,85408.703125,3259.741455078125
2025-12-26,992.0999755859376,395.8538513183594,16596.0,26042.30078125,1559.199951171875,85041.453125,3221.437744140625
2025-12-29,991.7000122070312,394.3356628417969,16542.0,25942.099609375,1545.5999755859375,84695.5390625,3193.446533203125
2025-12-30,990.9000244140624,392.376708984375,16647.0,25938.849609375,1539.800048828125,84675.078125,3188.83056640625
2025-12-31,991.2000122070312,394.7274475097656,16697.0,26129.599609375,1570.4000244140625,85220.6015625,3148.955322265625
2026-01-01,991.1500244140624,356.381103515625,16708.0,26146.55078125,1575.5999755859375,85188.6015625,3169.77685546875
2026-01-02,1001.5999755859376,342.8643493652344,16960.0,26328.55078125,1592.300048828125,85762.0078125,3192.660888671875
2026-01-05,977.5,342.5215759277344,17155.0,26250.30078125,1578.0999755859375,85439.6171875,3158.6787109375
2026-01-06,962.2000122070312,335.42041015625,17292.0,26178.69921875,1507.5999755859375,85063.34375,3197.669921875
2026-01-07,949.0499877929688,334.2450256347656,16809.0,26140.75,1504.199951171875,84961.140625,3236.75927734375
2026-01-08,946.7000122070312,333.9021911621094,16664.0,25876.849609375,1470.5999755859375,84180.9609375,3146.6962890625
2026-01-09,939.0,330.22918701171875,16501.0,25683.30078125,1475.300048828125,83576.2421875,3150.52685546875
2026-01-12,936.9500122070312,331.4535217285156,16582.0,25790.25,1483.199951171875,83878.171875,3181.75927734375
2026-01-13,937.3499755859376,327.8294982910156,16426.0,25732.30078125,1452.800048828125,83627.6875,3209.652099609375
2026-01-14,925.4500122070312,327.8784484863281,16152.0,25665.599609375,1458.800048828125,83382.7109375,3135.5
2026-01-15,925.4500122070312,327.8784484863281,16152.0,25665.599609375,1458.800048828125,83382.7109375,3135.5
2026-01-16,931.0999755859376,322.4423828125,15859.0,25694.349609375,1457.9000244140625,83570.3515625,3206.699951171875
2026-01-19,927.9000244140624,326.3602600097656,16176.0,25585.5,1413.5999755859375,83246.1796875,3163.60009765625
2026-01-20,931.2000122070312,319.6018981933594,15879.0,25232.5,1394.0,82180.46875,3102.300048828125
2026-01-21,920.3499755859376,318.0837097167969,15770.0,25157.5,1404.5999755859375,81909.6328125,3122.60009765625
2026-01-22,918.7000122070312,318.1816711425781,15765.0,25289.900390625,1402.5,82307.3671875,3150.39990234375
2026-01-23,916.0999755859376,316.76141357421875,15469.0,25048.650390625,1386.0999755859375,81537.703125,3162.5
2026-01-27,926.4000244140624,312.1089172363281,15245.0,25175.400390625,1380.5,81857.4765625,3158.0
2026-01-28,932.7000122070312,314.5576171875,14877.0,25342.75,1396.699951171875,82344.6796875,3200.10009765625
2026-01-29,935.5,312.0599670410156,14502.0,25418.900390625,1391.0,82566.3671875,3144.39990234375
2026-01-30,929.25,315.5370788574219,14599.0,25320.650390625,1395.4000244140625,82269.78125,3123.89990234375
2026-02-02,928.0999755859376,308.2400207519531,14384.0,25088.400390625,1390.4000244140625,81666.4609375,3169.60009765625
2026-02-03,948.7000122070312,310.1499938964844,14782.0,25727.55078125,1437.0999755859375,83739.1328125,3225.300048828125
2026-02-04,953.0999755859376,313.8500061035156,15071.0,25776.0,1456.800048828125,83817.6875,2999.10009765625
2026-02-05,949.7000122070312,310.20001220703125,15059.0,25642.80078125,1443.4000244140625,83313.9296875,2991.5
2026-02-06,941.0999755859376,325.79998779296875,14997.0,25693.69921875,1450.800048828125,83580.3984375,2941.60009765625
2026-02-09,937.25,322.79998779296875,14978.0,25867.30078125,1461.5999755859375,84065.75,2948.199951171875
2026-02-10,932.4000244140624,321.3999938964844,15146.0,25935.150390625,1458.5,84273.921875,2984.60009765625
2026-02-11,927.0999755859376,318.25,15412.0,25953.849609375,1468.699951171875,84233.640625,2909.800048828125
2026-02-12,920.5999755859376,317.45001220703125,15326.0,25807.19921875,1448.9000244140625,83674.921875,2750.10009765625
2026-02-13,903.9000244140624,313.75,15237.0,25471.099609375,1419.5999755859375,82626.7578125,2692.199951171875
2026-02-16,925.7999877929688,317.95001220703125,15051.0,25682.75,1437.0999755859375,83277.1484375,2706.60009765625
2026-02-17,925.7000122070312,325.45001220703125,15179.0,25725.400390625,1423.0,83450.9609375,2717.39990234375
2026-02-18,924.7000122070312,332.45001220703125,15164.0,25819.349609375,1441.300048828125,83734.25,2694.89990234375
2026-02-19,915.5999755859376,326.0,14903.0,25454.349609375,1409.5,82498.140625,2677.89990234375
2026-02-20,911.8499755859376,327.0,14977.0,25571.25,1419.4000244140625,82814.7109375,2686.199951171875
2026-02-23,923.5999755859376,325.3999938964844,15072.0,25713.0,1428.0,83294.65625,2676.300048828125
2026-02-24,910.5,323.5,14926.0,25424.650390625,1428.800048828125,82225.921875,2573.699951171875
2026-02-25,907.5999755859376,319.75,15070.0,25482.5,1398.5,82276.0703125,2629.300048828125
2026-02-26,898.5999755859375,318.29998779296875,15213.0,25496.55078125,1406.800048828125,82248.609375,2647.699951171875
2026-02-27,887.75,313.6000061035156,14857.0,25178.650390625,1393.9000244140625,81287.1875,2637.39990234375
2026-03-02,879.4000244140625,314.8999938964844,14388.0,24865.69921875,1358.0,80238.8515625,2613.5
2026-03-04,868.6500244140625,311.95001220703125,14158.0,24480.5,1345.0,79116.1875,2587.800048828125
2026-03-05,877.75,311.5,14415.0,24765.900390625,1389.4000244140625,80015.8984375,2578.800048828125
2026-03-06,857.0499877929688,309.70001220703125,14159.0,24450.44921875,1404.800048828125,78918.8984375,2557.60009765625
2026-03-09,840.7000122070312,306.0,13508.0,24028.05078125,1424.0,77566.15625,2527.39990234375
2026-03-10,849.4500122070312,309.04998779296875,13867.0,24261.599609375,1408.800048828125,78205.9765625,2513.10009765625
2026-03-11,833.9500122070312,309.0,13497.0,23866.849609375,1390.199951171875,76863.7109375,2464.89990234375
2026-03-12,832.75,304.1000061035156,13011.0,23639.150390625,1392.199951171875,76034.421875,2442.39990234375
2026-03-13,817.0,301.45001220703125,12591.0,23151.099609375,1380.699951171875,74563.921875,2410.5
2026-03-16,840.5999755859375,308.25,12757.0,23408.80078125,1395.0999755859375,75502.8515625,2409.199951171875
2026-03-17,845.3499755859375,304.8500061035156,12972.0,23581.150390625,1397.5999755859375,76070.84375,2391.699951171875
2026-03-18,843.0499877929688,304.04998779296875,13048.0,23777.80078125,1408.0999755859375,76704.1328125,2440.800048828125
2026-03-19,798.2000122070312,298.0,12599.0,23002.150390625,1384.800048828125,74207.2421875,2356.0
2026-03-20,780.4500122070312,299.95001220703125,12601.0,23114.5,1414.4000244140625,74532.9609375,2390.60009765625
2026-03-23,744.1500244140625,290.45001220703125,12355.0,22512.650390625,1407.800048828125,72696.390625,2383.800048828125
2026-03-24,764.9000244140625,291.25,12464.0,22912.400390625,1411.800048828125,74068.453125,2398.800048828125
2026-03-25,782.2999877929688,295.70001220703125,12711.0,23306.44921875,1413.0999755859375,75273.453125,2377.39990234375
2026-03-27,756.2000122070312,294.70001220703125,12389.0,22819.599609375,1348.0999755859375,73583.21875,2389.800048828125
2026-03-30,731.5499877929688,287.70001220703125,12306.0,22331.400390625,1343.9000244140625,71947.546875,2358.89990234375
2026-04-01,742.25,291.70001220703125,12509.0,22679.400390625,1369.199951171875,73134.3203125,2408.199951171875
2026-04-02,750.9000244140625,292.8500061035156,12631.0,22713.099609375,1350.5,73319.546875,2450.699951171875
2026-04-06,771.0,294.8500061035156,12688.0,22968.25,1304.699951171875,74106.8515625,2473.89990234375
2026-04-07,772.0,298.45001220703125,12798.0,23123.650390625,1304.5999755859375,74616.578125,2539.800048828125
2026-04-08,816.0999755859375,302.45001220703125,13602.0,23997.349609375,1347.800048828125,77562.8984375,2559.199951171875
2026-04-09,797.7000122070312,303.0,13589.0,23775.099609375,1330.0,76631.6484375,2589.0
2026-04-10,810.2999877929688,304.25,13709.0,24050.599609375,1350.199951171875,77550.25,2524.300048828125
