Price,Adj Close,Close,High,Low,Open,Volume
Ticker,HDFCBANK.NS,HDFCBANK.NS,HDFCBANK.NS,HDFCBANK.NS,HDFCBANK.NS,HDFCBANK.NS
Date,,,,,,
2016-04-11,246.20220947265625,267.73748779296875,268.5249938964844,260.7124938964844,265.07501220703125,4049620
2016-04-12,244.37460327148438,265.75,267.75,264.8125,267.3999938964844,4941480
2016-04-13,248.68505859375,270.4375,271.23748779296875,267.375,268.0,4974604
2016-04-18,250.07591247558594,271.95001220703125,273.0,267.8999938964844,270.875,4117068
2016-04-20,252.38629150390625,274.4624938964844,275.0,270.88751220703125,272.9750061035156,3821352
2016-04-21,250.84600830078125,272.7875061035156,276.2875061035156,272.25,273.75,8191728
2016-04-22,251.07595825195312,273.0375061035156,275.2124938964844,271.29998779296875,272.375,7809320
2016-04-25,251.32884216308594,273.3125,275.0,271.125,275.0,5561960
2016-04-26,256.0646057128906,278.4624938964844,278.75,273.125,273.75,7053796
2016-04-27,258.4439392089844,281.04998779296875,281.25,277.25,277.4624938964844,5763636
2016-04-28,256.0875549316406,278.48748779296875,284.17498779296875,277.5874938964844,281.04998779296875,8089584
2016-04-29,260.31756591796875,283.0874938964844,284.0,276.54998779296875,278.45001220703125,5611940
2016-05-02,256.93817138671875,279.4125061035156,282.5,279.0,281.9375,3862716
2016-05-03,257.0186462402344,279.5,283.75,278.2875061035156,280.4750061035156,4695296
2016-05-04,259.1681213378906,281.8374938964844,283.625,278.5625,279.375,5292328
2016-05-05,260.3061218261719,283.07501220703125,283.6875,280.67498779296875,282.0,5214248
2016-05-06,257.3979797363281,279.9125061035156,283.0625,279.3125,283.0,2733152
2016-05-09,262.39813232421875,285.3500061035156,286.23748779296875,279.75,280.0,6953180
2016-05-10,263.2027282714844,286.2250061035156,286.875,284.0249938964844,285.875,5453000
2016-05-11,261.8004150390625,284.70001220703125,286.25,282.42498779296875,283.67498779296875,6147372
2016-05-12,264.16827392578125,287.2749938964844,288.0,283.125,286.0,4221688
2016-05-13,262.28314208984375,285.2250061035156,287.0,282.5,287.0,5045316
2016-05-16,267.3178405761719,290.70001220703125,291.4750061035156,283.13751220703125,286.25,4518768
2016-05-17,265.1683654785156,288.36248779296875,292.3125,287.82501220703125,291.26251220703125,4295424
2016-05-18,262.2256774902344,285.1625061035156,287.75,282.875,287.75,4162644
2016-05-19,261.915283203125,284.82501220703125,285.67498779296875,283.0,285.0249938964844,3855796
2016-05-20,262.28314208984375,285.2250061035156,287.125,283.3999938964844,284.98748779296875,2016632
2016-05-23,261.3291015625,284.1875,287.48748779296875,283.29998779296875,285.48748779296875,3463532
2016-05-24,262.06475830078125,284.98748779296875,285.9125061035156,283.88751220703125,284.6000061035156,3259468
2016-05-25,269.7316589355469,293.32501220703125,293.98748779296875,286.57501220703125,286.57501220703125,5767348
2016-05-26,272.0190734863281,295.8125,297.2250061035156,291.5625,294.0249938964844,13705560
2016-05-27,272.8351745605469,296.70001220703125,297.5,294.17498779296875,295.8125,5775184
2016-05-30,271.2144470214844,294.9375,298.75,294.5249938964844,296.75,3814532
2016-05-31,271.708740234375,295.4750061035156,296.4750061035156,294.3500061035156,296.4750061035156,5515640
2016-06-01,270.15692138671875,293.7875061035156,295.73748779296875,292.75,295.73748779296875,5675632
2016-06-02,270.11102294921875,293.73748779296875,295.1499938964844,292.75,293.67498779296875,7910616
2016-06-03,269.3753356933594,292.9375,296.25,292.26251220703125,295.0249938964844,4524420
2016-06-06,269.2259216308594,292.7749938964844,295.6000061035156,292.51251220703125,294.0,5547308
2016-06-07,269.8235778808594,293.42498779296875,295.0,291.9125061035156,294.23748779296875,5628504
2016-06-08,267.2718200683594,290.6499938964844,294.5,290.25,293.95001220703125,4742812
2016-06-09,266.5361633300781,289.8500061035156,291.04998779296875,288.125,290.625,4648184
2016-06-10,266.98443603515625,290.3374938964844,293.17498779296875,289.04998779296875,289.6000061035156,6322312
2016-06-13,265.0418701171875,288.2250061035156,291.23748779296875,287.76251220703125,288.6875,3323236
2016-06-14,264.8004455566406,287.9624938964844,289.25,286.0625,288.75,3828768
2016-06-15,268.8695983886719,292.38751220703125,292.7250061035156,288.29998779296875,288.75,3045824
2016-06-16,267.1683044433594,290.5375061035156,292.2124938964844,288.8374938964844,291.63751220703125,4727768
2016-06-17,268.9729919433594,292.5,294.5,291.38751220703125,291.75,3761652
2016-06-20,269.44427490234375,293.01251220703125,294.8125,289.70001220703125,289.75,2742764
2016-06-21,268.2028503417969,291.6625061035156,293.86248779296875,290.29998779296875,293.75,2670968
2016-06-22,269.3178405761719,292.875,293.75,291.5,291.5,3803840
2016-06-23,273.59381103515625,297.5249938964844,297.9624938964844,291.875,292.45001220703125,3926732
2016-06-24,267.11083984375,290.4750061035156,292.9750061035156,286.75,289.9624938964844,11173964
2016-06-27,266.6625671386719,289.98748779296875,292.25,288.26251220703125,290.5,4163788
2016-06-28,268.2718200683594,291.73748779296875,293.2749938964844,287.5,290.3125,4034980
2016-06-29,270.7866516113281,292.07501220703125,292.375,289.92498779296875,291.25,5420668
2016-06-30,272.67559814453125,294.11248779296875,295.0,290.5375061035156,292.75,16278892
2016-07-01,272.22369384765625,293.625,296.25,292.95001220703125,295.0,4304876
2016-07-04,271.8296203613281,293.20001220703125,294.875,292.8500061035156,294.54998779296875,7249852
2016-07-05,270.1607971191406,291.3999938964844,293.57501220703125,290.5,293.20001220703125,2136328
2016-07-07,274.8079833984375,296.4125061035156,297.1875,290.2250061035156,291.9750061035156,4832616
2016-07-08,272.3047180175781,293.7124938964844,296.3999938964844,292.8125,296.2749938964844,3118868
2016-07-11,278.0760192871094,299.9375,300.4750061035156,295.26251220703125,296.5,5102532
2016-07-12,278.63232421875,300.5375061035156,302.4750061035156,298.88751220703125,302.4750061035156,7046032
2016-07-13,277.6125183105469,299.4375,300.48748779296875,298.32501220703125,299.95001220703125,6687072
2016-07-14,278.2151184082031,300.0874938964844,300.5375061035156,298.04998779296875,300.25,3459668
2016-07-15,283.62713623046875,305.92498779296875,306.5,298.7749938964844,300.95001220703125,5774216
2016-07-18,284.4963073730469,306.86248779296875,309.625,305.6625061035156,306.25,4438484
2016-07-19,282.3871154785156,304.5874938964844,307.6875,303.4624938964844,307.25,2586004
2016-07-20,285.59722900390625,308.04998779296875,309.625,305.4375,305.75,4690332
2016-07-21,284.7628479003906,307.1499938964844,309.9750061035156,305.625,307.67498779296875,9112904
2016-07-22,285.27276611328125,307.70001220703125,308.6625061035156,305.375,308.3374938964844,5620272
2016-07-25,289.0160217285156,311.73748779296875,312.36248779296875,306.75,308.25,9872884
2016-07-26,287.1269836425781,309.70001220703125,311.4125061035156,308.7875061035156,310.6000061035156,5665992
2016-07-27,286.6982421875,309.23748779296875,311.88751220703125,307.5,310.25,10734736
2016-07-28,289.3636779785156,312.11248779296875,312.8125,308.88751220703125,309.5,10646528
2016-07-29,288.8421325683594,311.54998779296875,312.5,308.75,312.0,3395676
2016-08-01,287.938232421875,310.57501220703125,314.73748779296875,306.9125061035156,312.25,5560864
2016-08-02,288.16998291015625,310.82501220703125,314.11248779296875,310.1000061035156,311.75,5329396
2016-08-03,287.5093994140625,310.11248779296875,312.48748779296875,307.75,310.2749938964844,4733876
2016-08-04,287.6368713378906,310.25,311.67498779296875,308.3999938964844,311.6499938964844,4662880
2016-08-05,289.5491027832031,312.3125,313.9125061035156,310.4375,311.8500061035156,5784912
2016-08-08,289.6302185058594,312.3999938964844,313.75,311.13751220703125,313.2250061035156,4728776
2016-08-09,289.0739440917969,311.79998779296875,313.2250061035156,309.42498779296875,313.2250061035156,4210856
2016-08-10,284.3688659667969,306.7250061035156,312.73748779296875,304.9375,311.25,3619720
2016-08-11,284.68170166015625,307.0625,308.75,305.5,306.70001220703125,2856072
2016-08-12,284.7860107421875,307.17498779296875,308.75,304.8500061035156,307.76251220703125,4641496
2016-08-16,284.4615478515625,306.82501220703125,309.61248779296875,303.45001220703125,308.25,3468568
2016-08-17,286.22308349609375,308.7250061035156,309.375,306.5,308.3500061035156,5511036
2016-08-18,290.3023376464844,313.125,313.7250061035156,308.63751220703125,309.5,6111656
2016-08-19,289.05072021484375,311.7749938964844,312.5,310.36248779296875,312.5,4110636
2016-08-22,289.7925109863281,312.57501220703125,313.61248779296875,310.25,311.26251220703125,5501292
2016-08-23,290.05902099609375,312.86248779296875,313.5,311.51251220703125,312.75,5314524
2016-08-24,292.4579162597656,315.45001220703125,316.04998779296875,311.76251220703125,313.01251220703125,5570936
2016-08-25,291.70465087890625,314.63751220703125,316.70001220703125,313.57501220703125,316.0,8729888
2016-08-26,291.3685607910156,314.2749938964844,315.4750061035156,313.4750061035156,315.0,2521136
2016-08-29,286.9647216796875,309.5249938964844,313.875,309.04998779296875,313.875,2944184
2016-08-30,294.04559326171875,317.1625061035156,317.625,310.98748779296875,311.2749938964844,9867608
2016-08-31,299.2721862792969,322.79998779296875,323.75,316.375,317.25,11161364
2016-09-01,297.5338134765625,320.92498779296875,322.5,318.8500061035156,322.0,5224676
2016-09-02,297.8583068847656,321.2749938964844,322.25,320.2875061035156,321.375,3955188
2016-09-06,301.4045715332031,325.1000061035156,325.9750061035156,322.51251220703125,322.51251220703125,5508884
2016-09-07,298.2407531738281,321.6875,326.25,320.7749938964844,325.25,4016444
2016-09-08,298.85498046875,322.3500061035156,323.8125,320.8999938964844,322.5,2905380
2016-09-09,299.0867614746094,322.6000061035156,323.625,319.57501220703125,322.5,4013768
2016-09-12,296.653076171875,319.9750061035156,321.1000061035156,317.875,318.67498779296875,3985728
2016-09-14,294.2309875488281,317.36248779296875,319.25,316.3500061035156,318.75,3849508
2016-09-15,296.5835876464844,319.8999938964844,320.9750061035156,317.4624938964844,318.0,3501812
2016-09-16,300.8134765625,324.4624938964844,326.125,320.95001220703125,320.95001220703125,6525816
2016-09-19,299.02880859375,322.5375061035156,325.625,322.0,324.25,5894832
2016-09-20,298.6347961425781,322.11248779296875,323.75,321.01251220703125,323.1625061035156,3778248
2016-09-21,299.68939208984375,323.25,324.5,321.9750061035156,323.0,4256400
2016-09-22,302.91107177734375,326.7250061035156,329.23748779296875,325.13751220703125,326.25,6555800
2016-09-23,304.25543212890625,328.17498779296875,329.61248779296875,325.375,326.51251220703125,4876808
2016-09-26,300.4194641113281,324.0375061035156,327.2250061035156,323.42498779296875,326.5249938964844,5576772
2016-09-27,300.85986328125,324.51251220703125,326.5375061035156,323.7124938964844,324.75,4056812
2016-09-28,300.21087646484375,323.8125,325.0,322.25,324.9750061035156,4989652
2016-09-29,296.0968017578125,319.375,326.5,316.98748779296875,324.48748779296875,16450012
2016-09-30,295.01898193359375,318.2124938964844,320.25,316.8500061035156,319.2749938964844,4138428
2016-10-03,298.3450622558594,321.79998779296875,322.4750061035156,319.1000061035156,320.25,3900548
2016-10-04,298.8897705078125,322.38751220703125,323.75,320.57501220703125,322.1499938964844,2775512
2016-10-05,298.0901184082031,321.5249938964844,325.01251220703125,319.1000061035156,324.5,3647020
2016-10-06,297.12823486328125,320.48748779296875,323.8999938964844,319.76251220703125,321.7749938964844,2895712
2016-10-07,296.8152770996094,320.1499938964844,321.9375,319.0625,321.0,3337464
2016-10-10,297.6844482421875,321.0874938964844,321.9750061035156,319.6875,321.25,4719312
2016-10-13,292.6780700683594,315.6875,319.75,314.11248779296875,319.75,4519356
2016-10-14,292.4579162597656,315.45001220703125,317.0,313.5,316.4375,4067116
2016-10-17,286.87200927734375,309.42498779296875,316.6000061035156,308.1875,316.375,5135360
2016-10-18,291.5423583984375,314.4624938964844,315.0,309.75,310.79998779296875,2610968
2016-10-19,291.6582336425781,314.5874938964844,315.75,312.0,315.2749938964844,3044904
2016-10-20,290.99761962890625,313.875,316.86248779296875,312.75,315.0625,3200356
2016-10-21,294.52069091796875,317.67498779296875,318.23748779296875,312.5,314.0,3956408
2016-10-24,292.8634948730469,315.88751220703125,319.2124938964844,315.26251220703125,317.9375,3255664
2016-10-25,289.7925109863281,312.57501220703125,317.0,311.01251220703125,317.0,5501796
2016-10-26,287.242919921875,309.82501220703125,316.25,308.76251220703125,310.8374938964844,5366540
2016-10-27,290.2096252441406,313.0249938964844,314.25,306.0375061035156,309.75,11623860
2016-10-28,291.820556640625,314.76251220703125,315.4750061035156,310.0249938964844,313.625,5320536
2016-11-01,291.99432373046875,314.95001220703125,315.9624938964844,311.76251220703125,314.0,3402416
2016-11-02,288.8305358886719,311.5375061035156,313.92498779296875,310.375,312.7749938964844,6474432
2016-11-03,290.8702392578125,313.73748779296875,315.0,307.9375,311.25,6315812
2016-11-04,288.2626647949219,310.92498779296875,313.20001220703125,310.4375,313.20001220703125,5734920
2016-11-07,289.595458984375,312.36248779296875,313.7124938964844,310.0,313.0,5671392
2016-11-08,290.7195739746094,313.57501220703125,314.5,310.0249938964844,312.7749938964844,5348164
2016-11-09,290.01263427734375,312.8125,314.3500061035156,298.8374938964844,300.0,13645468
2016-11-10,296.3402099609375,319.63751220703125,320.75,313.5249938964844,315.9375,10700736
2016-11-11,295.7027893066406,318.95001220703125,320.5,316.3999938964844,318.5,7139320
2016-11-15,290.8238525390625,313.6875,322.25,312.6625061035156,319.375,12512524
2016-11-16,288.41339111328125,311.0874938964844,317.0,310.01251220703125,317.0,8647744
2016-11-17,285.13372802734375,307.54998779296875,312.2250061035156,306.2875061035156,309.57501220703125,4815624
2016-11-18,280.7762756347656,302.8500061035156,309.0,302.29998779296875,309.0,6879900
2016-11-21,277.8326416015625,299.67498779296875,304.875,297.0874938964844,304.875,5552520
2016-11-22,277.68206787109375,299.51251220703125,301.70001220703125,297.3374938964844,301.70001220703125,10017784
2016-11-23,274.599365234375,296.1875,300.75,295.2749938964844,300.75,3532692
2016-11-24,270.13763427734375,291.375,296.57501220703125,290.2250061035156,296.0,15285996
2016-11-25,275.65399169921875,297.32501220703125,298.29998779296875,289.5,292.25,5969960
2016-11-28,274.5298156738281,296.11248779296875,299.7250061035156,294.5249938964844,295.0625,4130180
2016-11-29,273.20867919921875,294.6875,298.23748779296875,294.125,296.17498779296875,3932644
2016-11-30,278.0412902832031,299.8999938964844,300.5,295.2749938964844,296.25,6442840
2016-12-01,277.49658203125,299.3125,301.9750061035156,298.25,300.57501220703125,4476984
2016-12-02,275.60760498046875,297.2749938964844,300.48748779296875,294.17498779296875,297.25,4062672
2016-12-05,277.2879943847656,299.0874938964844,299.73748779296875,294.125,296.8999938964844,4551936
2016-12-06,276.8476257324219,298.61248779296875,300.7124938964844,297.54998779296875,298.75,2702964
2016-12-07,273.8692626953125,295.3999938964844,301.4750061035156,291.75,300.4624938964844,5628192
2016-12-08,278.01812744140625,299.875,301.38751220703125,296.75,296.75,4309696
2016-12-09,277.7399597167969,299.57501220703125,300.57501220703125,297.0,299.7749938964844,4387952
2016-12-12,274.5298156738281,296.11248779296875,298.0375061035156,295.2749938964844,298.0,3425272
2016-12-13,274.9470520019531,296.5625,297.5874938964844,294.63751220703125,295.0625,2526868
2016-12-14,272.50177001953125,293.92498779296875,297.0,293.3500061035156,296.75,4314144
2016-12-15,272.71038818359375,294.1499938964844,298.625,290.8999938964844,291.04998779296875,4941488
2016-12-16,274.0315246582031,295.57501220703125,296.25,292.88751220703125,294.1499938964844,3255828
2016-12-19,272.7451477050781,294.1875,294.875,292.625,294.20001220703125,3160436
2016-12-20,273.9388122558594,295.4750061035156,296.25,292.92498779296875,294.0,4189992
2016-12-21,273.4984130859375,295.0,296.25,293.75,296.0,2658876
2016-12-22,271.8992004394531,293.2749938964844,294.875,292.1000061035156,294.1000061035156,2805716
2016-12-23,274.9470520019531,296.5625,297.3125,292.32501220703125,292.75,4752516
2016-12-26,272.3395080566406,293.75,296.5249938964844,292.5249938964844,294.63751220703125,4183864
2016-12-27,274.70367431640625,296.29998779296875,296.7250061035156,293.4750061035156,294.82501220703125,4899296
2016-12-28,275.0629577636719,296.6875,298.73748779296875,295.25,297.4750061035156,6507840
2016-12-29,279.3392333984375,301.29998779296875,301.98748779296875,295.36248779296875,296.25,8100816
2016-12-30,279.571044921875,301.54998779296875,303.0,299.98748779296875,300.0,4066540
2017-01-02,277.4617919921875,299.2749938964844,302.5249938964844,298.01251220703125,302.36248779296875,3708656
2017-01-03,275.7929992675781,297.4750061035156,300.48748779296875,296.4375,300.20001220703125,3847500
2017-01-04,274.7732238769531,296.375,298.0,295.95001220703125,297.4624938964844,6967120
2017-01-05,274.9354248046875,296.54998779296875,298.625,295.7749938964844,297.25,6776384
2017-01-06,276.6622314453125,298.4125061035156,299.6000061035156,297.04998779296875,297.5249938964844,5525260
2017-01-09,277.02142333984375,298.79998779296875,301.0375061035156,298.0375061035156,299.7124938964844,4573796
2017-01-10,281.4599914550781,303.5874938964844,304.20001220703125,298.82501220703125,299.04998779296875,5546116
2017-01-11,286.0144348144531,308.5,309.5249938964844,303.875,304.375,9343404
2017-01-12,286.24627685546875,308.75,310.92498779296875,306.375,308.75,2916316
2017-01-13,285.66680908203125,308.125,309.92498779296875,307.1499938964844,309.75,3850412
2017-01-16,289.17822265625,311.9125061035156,312.36248779296875,308.20001220703125,308.375,3765864
2017-01-17,287.0574951171875,309.625,313.1000061035156,309.0625,311.75,3559612
2017-01-18,288.00775146484375,310.6499938964844,314.0,310.2124938964844,310.2250061035156,4612888
2017-01-19,286.547607421875,309.07501220703125,311.2250061035156,308.75,311.2250061035156,3512412
2017-01-20,286.5591125488281,309.0874938964844,311.25,307.5,309.0,13942068
2017-01-23,288.4829406738281,311.1625061035156,312.5,308.95001220703125,309.0,4793848
2017-01-24,293.7906188964844,316.88751220703125,317.875,312.3125,312.5,10261864
2017-01-25,299.1331481933594,322.6499938964844,323.8999938964844,317.5249938964844,318.1499938964844,15636984
2017-01-27,299.4344482421875,322.9750061035156,325.0,322.0,324.75,6852236
2017-01-30,297.82354736328125,321.23748779296875,323.23748779296875,320.13751220703125,323.23748779296875,5319628
2017-01-31,298.2176208496094,321.6625061035156,323.17498779296875,319.25,320.6000061035156,6101040
2017-02-01,302.6329650878906,326.42498779296875,327.5,320.125,321.54998779296875,10910664
2017-02-02,301.010498046875,324.67498779296875,326.42498779296875,323.1499938964844,326.42498779296875,5971636
2017-02-03,303.8730163574219,327.76251220703125,329.0,324.125,324.75,8005104
2017-02-06,304.5798645019531,328.5249938964844,330.0,327.86248779296875,328.07501220703125,4310220
2017-02-07,302.96905517578125,326.7875061035156,329.5,325.73748779296875,329.0,3411920
2017-02-08,302.6213684082031,326.4125061035156,329.67498779296875,324.5375061035156,326.88751220703125,4940960
2017-02-09,300.7671813964844,324.4125061035156,329.9750061035156,323.13751220703125,327.3500061035156,4465376
2017-02-10,302.14617919921875,325.8999938964844,327.1875,324.5,324.5874938964844,3296736
2017-02-13,303.67596435546875,327.54998779296875,328.75,324.79998779296875,326.88751220703125,2795792
2017-02-14,303.884521484375,327.7749938964844,328.5,326.0,328.5,2446060
2017-02-15,306.4573059082031,330.54998779296875,331.0,326.86248779296875,328.0,6126940
2017-02-16,307.7784423828125,331.9750061035156,333.25,330.0625,330.75,5043700
2017-02-17,319.1703186035156,344.26251220703125,363.5,340.11248779296875,361.25,402259960
2017-02-20,326.5988464355469,352.2749938964844,353.86248779296875,339.7875061035156,340.29998779296875,10566716
2017-02-21,328.09381103515625,353.88751220703125,355.45001220703125,349.3500061035156,351.51251220703125,6260028
2017-02-22,324.2926330566406,349.7875061035156,354.70001220703125,348.7124938964844,353.75,5296776
2017-02-23,323.16851806640625,348.57501220703125,355.3374938964844,346.76251220703125,350.95001220703125,34494980
2017-02-27,323.0062561035156,348.3999938964844,349.5874938964844,344.6499938964844,347.7250061035156,4681376
2017-02-28,322.195068359375,347.5249938964844,349.0625,346.125,348.2250061035156,2928008
2017-03-01,322.5543518066406,347.9125061035156,349.125,346.6000061035156,349.11248779296875,3481736
2017-03-02,319.87725830078125,345.0249938964844,349.0,344.0625,348.63751220703125,4601988
2017-03-03,319.15875244140625,344.25,346.125,342.25,346.125,2492824
2017-03-06,320.02789306640625,345.1875,347.4750061035156,343.2749938964844,344.20001220703125,3679124
2017-03-07,321.2911376953125,346.54998779296875,346.875,344.04998779296875,345.5625,3112876
2017-03-08,322.6817626953125,348.04998779296875,349.79998779296875,345.26251220703125,346.9750061035156,3782144
2017-03-09,323.14532470703125,348.54998779296875,349.67498779296875,345.4125061035156,345.4125061035156,3509316
2017-03-10,324.5128479003906,350.0249938964844,352.0,348.2875061035156,348.75,5860704
2017-03-14,326.9696960449219,352.67498779296875,356.0375061035156,351.6625061035156,355.5249938964844,7155020
2017-03-15,328.337158203125,354.1499938964844,355.0,352.63751220703125,352.73748779296875,4271860
2017-03-16,328.5109558105469,354.3374938964844,355.7124938964844,353.4125061035156,354.5249938964844,4980108
2017-03-17,330.4811706542969,356.4624938964844,356.875,353.2124938964844,354.63751220703125,3390464
2017-03-20,332.8568420410156,359.0249938964844,359.9624938964844,356.48748779296875,356.6625061035156,8142344
2017-03-21,333.9809875488281,360.23748779296875,361.25,358.5,358.5,5557280
2017-03-22,331.651611328125,357.7250061035156,359.25,356.45001220703125,356.92498779296875,5636544
2017-03-23,331.651611328125,357.7250061035156,358.75,355.7250061035156,358.6000061035156,4922472
2017-03-24,330.1334533691406,356.0874938964844,358.61248779296875,355.5,358.25,3810364
2017-03-27,326.7726745605469,352.4624938964844,356.0,351.01251220703125,356.0,5864084
2017-03-28,329.1715393066406,355.04998779296875,356.17498779296875,353.2749938964844,354.57501220703125,8061400
2017-03-29,331.1184997558594,357.1499938964844,358.70001220703125,355.0,355.20001220703125,8575772
2017-03-30,339.8333740234375,366.54998779296875,369.98748779296875,356.26251220703125,357.0,34321092
2017-03-31,334.351806640625,360.63751220703125,363.5,359.13751220703125,363.45001220703125,9651392
2017-04-03,332.1846923828125,358.29998779296875,362.5249938964844,356.5,361.5,4149052
2017-04-05,331.9876708984375,358.0874938964844,361.625,356.88751220703125,358.8125,5744080
2017-04-06,333.4130859375,359.625,360.75,356.26251220703125,357.875,6124416
2017-04-07,333.4942626953125,359.7124938964844,361.25,357.1499938964844,357.76251220703125,4648360
2017-04-10,332.4048767089844,358.5375061035156,360.75,358.1625061035156,360.75,3393876
2017-04-11,333.6448974609375,359.875,360.29998779296875,357.875,358.5,4356260
2017-04-12,334.6183776855469,360.92498779296875,362.48748779296875,358.875,359.75,3565092
2017-04-13,333.8303527832031,360.07501220703125,362.2250061035156,359.26251220703125,360.75,4804236
2017-04-17,333.0191345214844,359.20001220703125,360.95001220703125,357.0625,360.07501220703125,7137056
2017-04-18,335.45281982421875,361.82501220703125,363.75,359.5,360.0,3638860
2017-04-19,335.8467712402344,362.25,364.1875,359.5,361.75,4338144
2017-04-20,338.8946228027344,365.5375061035156,366.51251220703125,363.23748779296875,363.25,5781372
2017-04-21,346.87945556640625,374.1499938964844,374.75,363.32501220703125,366.5,17258032
2017-04-24,355.3277587890625,383.26251220703125,384.75,374.25,374.5249938964844,20206952
2017-04-25,356.2548828125,384.26251220703125,386.375,382.3999938964844,383.76251220703125,9057780
2017-04-26,359.4070739746094,387.6625061035156,388.25,367.11248779296875,385.73748779296875,7795852
2017-04-27,363.5674743652344,392.1499938964844,393.48748779296875,386.5249938964844,386.5249938964844,16180420
2017-04-28,358.4451599121094,386.625,389.9750061035156,384.2749938964844,389.9750061035156,5437728
2017-05-02,357.07763671875,385.1499938964844,387.7250061035156,382.5874938964844,386.75,4007040
2017-05-03,357.935302734375,386.07501220703125,388.5625,384.8374938964844,388.5625,2507964
2017-05-04,355.7333679199219,383.70001220703125,385.7250061035156,380.6499938964844,384.8125,5131028
2017-05-05,355.1307678222656,383.04998779296875,385.7250061035156,381.57501220703125,385.5249938964844,2757896
2017-05-08,355.7333679199219,383.70001220703125,385.0,382.13751220703125,384.5,3747252
2017-05-09,355.95361328125,383.9375,386.3999938964844,383.1625061035156,383.70001220703125,3345836
2017-05-10,359.6736145019531,387.95001220703125,388.75,384.26251220703125,385.0,2342244
2017-05-11,358.4219970703125,386.6000061035156,390.0,385.25,387.75,3875744
2017-05-12,359.6388244628906,387.9125061035156,389.2250061035156,384.04998779296875,386.4750061035156,6147604
2017-05-15,360.04443359375,388.3500061035156,389.29998779296875,385.5625,387.5,2804780
2017-05-16,361.4930419921875,389.9125061035156,390.5,387.0625,388.75,3590376
2017-05-17,360.9136047363281,389.2875061035156,391.3500061035156,387.875,389.70001220703125,3472472
2017-05-18,360.90203857421875,389.2749938964844,390.375,387.0249938964844,387.25,3107280
2017-05-19,361.8639221191406,390.3125,392.4750061035156,386.3125,389.875,2854136
2017-05-22,365.2825927734375,394.0,395.0,390.7749938964844,391.2749938964844,2860052
2017-05-23,363.683349609375,392.2749938964844,395.88751220703125,391.25,395.0,3080172
2017-05-24,363.138671875,391.6875,393.86248779296875,390.5,392.26251220703125,3467388
2017-05-25,374.8203430175781,404.2875061035156,407.3500061035156,391.7749938964844,391.7749938964844,20090804
2017-05-26,376.8715515136719,406.5,408.0,400.2749938964844,401.6625061035156,5443156
2017-05-29,378.2390441894531,407.9750061035156,412.0,404.4125061035156,404.95001220703125,5916340
2017-05-30,377.57855224609375,407.26251220703125,408.375,404.0375061035156,407.5,4434184
2017-05-31,379.23565673828125,409.04998779296875,410.75,405.7875061035156,406.25,5318912
2017-06-01,377.4741516113281,407.1499938964844,409.9624938964844,405.13751220703125,409.75,3359540
2017-06-02,378.78375244140625,408.5625,411.5249938964844,406.54998779296875,408.5,3213544
2017-06-05,379.0850524902344,408.88751220703125,409.73748779296875,406.25,408.42498779296875,2899900
2017-06-06,379.8730773925781,409.73748779296875,410.95001220703125,407.5,408.75,5002632
2017-06-07,380.3018798828125,410.20001220703125,411.2250061035156,407.5874938964844,410.1000061035156,2554276
2017-06-08,381.2174377441406,411.1875,414.8500061035156,410.4125061035156,410.9750061035156,4248768
2017-06-09,386.3280944824219,416.70001220703125,417.5,410.0249938964844,410.0249938964844,5305272
2017-06-12,386.78009033203125,417.1875,419.0,415.0,416.0,3971412
2017-06-13,388.6226806640625,419.17498779296875,422.9750061035156,415.25,415.4375,5051620
2017-06-14,387.3478698730469,417.79998779296875,419.98748779296875,416.75,418.75,3858360
2017-06-15,385.76025390625,416.0874938964844,418.8999938964844,413.3999938964844,417.0,3526692
2017-06-16,386.8959655761719,417.3125,418.67498779296875,414.5249938964844,416.25,3755104
2017-06-19,392.3775634765625,423.2250061035156,424.0,417.1000061035156,417.75,3825532
2017-06-20,390.90570068359375,421.63751220703125,423.5,419.9624938964844,422.5,3660264
2017-06-21,393.7218017578125,424.67498779296875,425.3125,419.8999938964844,420.6499938964844,3410932
2017-06-22,393.5596008300781,424.5,429.0,422.79998779296875,423.73748779296875,6675460
2017-06-23,389.0746765136719,419.6625061035156,425.6875,418.79998779296875,425.5,5217468
2017-06-27,386.5251159667969,416.9125061035156,423.75,414.0625,422.25,6000432
2017-06-28,386.24700927734375,416.61248779296875,418.75,414.45001220703125,416.25,4449036
2017-06-29,388.0202331542969,415.76251220703125,420.4750061035156,412.7749938964844,416.75,9187708
2017-06-30,385.4537048339844,413.01251220703125,415.0,410.75,413.45001220703125,4330432
2017-07-03,386.9819641113281,414.6499938964844,416.875,411.8125,413.1499938964844,3504332
2017-07-04,385.7569885253906,413.3374938964844,416.67498779296875,413.0,415.0625,3766080
2017-07-05,384.68377685546875,412.1875,414.875,411.25,413.2749938964844,4014200
2017-07-06,386.876953125,414.5375061035156,415.75,412.8374938964844,413.13751220703125,4571676
2017-07-07,388.98846435546875,416.79998779296875,417.3999938964844,414.5,415.2124938964844,5517396
2017-07-10,391.1233215332031,419.0874938964844,437.0,415.26251220703125,417.0,1309252
2017-07-11,392.0683288574219,420.1000061035156,422.70001220703125,416.7749938964844,419.38751220703125,4410280
2017-07-12,392.2666320800781,420.3125,421.25,414.63751220703125,420.0,5738892
2017-07-13,392.8032531738281,420.88751220703125,423.32501220703125,419.9125061035156,422.0,4481004
2017-07-14,391.9632568359375,419.98748779296875,421.51251220703125,418.0,420.9750061035156,2443252
2017-07-17,392.52325439453125,420.5874938964844,421.9125061035156,419.25,420.63751220703125,2399340
2017-07-18,392.8032531738281,420.88751220703125,421.9624938964844,419.3374938964844,419.92498779296875,2322188
2017-07-19,394.84478759765625,423.07501220703125,424.04998779296875,420.4624938964844,421.25,3987244
2017-07-20,399.18450927734375,427.7250061035156,428.75,422.0375061035156,423.4750061035156,3698476
2017-07-21,397.3529968261719,425.76251220703125,428.8125,425.0,428.5249938964844,3873508
2017-07-24,404.830810546875,433.7749938964844,435.0,423.75,427.5,19678176
2017-07-25,405.8924255371094,434.9125061035156,439.75,433.26251220703125,439.75,11160468
2017-07-26,407.73565673828125,436.88751220703125,438.75,433.125,435.5,3895344
2017-07-27,417.5583801269531,447.4125061035156,449.70001220703125,437.88751220703125,439.0,17961712
2017-07-28,414.9568176269531,444.625,446.625,440.2749938964844,443.0,9255396
2017-07-31,416.3334045410156,446.1000061035156,447.75,441.63751220703125,444.38751220703125,7369140
2017-08-01,419.3198547363281,449.29998779296875,452.2875061035156,443.04998779296875,445.4624938964844,8516860
2017-08-02,418.02496337890625,447.9125061035156,451.75,445.51251220703125,451.75,7397916
2017-08-03,415.29510498046875,444.98748779296875,448.0,443.6000061035156,447.0,4256784
2017-08-04,417.6982727050781,447.5625,449.1875,441.5375061035156,444.25,3545068
2017-08-07,417.3016662597656,447.13751220703125,449.11248779296875,446.25,446.5,1918660
2017-08-08,414.81683349609375,444.4750061035156,449.3125,441.5249938964844,448.0249938964844,4035372
2017-08-09,411.6786804199219,441.11248779296875,444.26251220703125,439.5874938964844,442.75,3270056
2017-08-10,410.7453918457031,440.11248779296875,441.5,438.2124938964844,440.0,7788444
2017-08-11,408.0856628417969,437.26251220703125,439.5,432.7875061035156,436.25,6359836
2017-08-14,409.98712158203125,439.29998779296875,443.73748779296875,437.0,438.25,3577084
2017-08-16,415.59844970703125,445.3125,447.45001220703125,437.13751220703125,440.5874938964844,4426832
2017-08-17,411.9003601074219,441.3500061035156,445.23748779296875,438.4375,444.0625,5454868
2017-08-18,408.80889892578125,438.0375061035156,440.25,435.75,440.0,3707464
2017-08-21,406.7206726074219,435.79998779296875,439.75,434.54998779296875,438.5,4009724
2017-08-22,407.6072692871094,436.75,438.5,434.20001220703125,437.82501220703125,6609556
2017-08-23,413.5452575683594,443.11248779296875,444.48748779296875,437.5,437.5,3360524
2017-08-24,411.2237548828125,440.625,443.73748779296875,439.7875061035156,443.7250061035156,7878276
2017-08-28,411.1654052734375,440.5625,442.7875061035156,439.5874938964844,440.6000061035156,1507784
2017-08-29,407.40899658203125,436.5375061035156,439.75,434.5,439.75,4918596
2017-08-30,412.6352844238281,442.13751220703125,442.5,437.51251220703125,437.98748779296875,2694320
2017-08-31,414.478515625,444.11248779296875,444.9624938964844,439.1000061035156,443.0,7303436
2017-09-01,412.41363525390625,441.8999938964844,445.36248779296875,440.2749938964844,445.25,2295172
2017-09-04,408.5172119140625,437.7250061035156,441.25,436.5249938964844,441.25,3642524
2017-09-05,409.5555114746094,438.8374938964844,441.2250061035156,437.75,439.25,3682436
2017-09-06,410.6170959472656,439.9750061035156,440.70001220703125,434.5,435.9375,5751632
2017-09-07,412.16864013671875,441.63751220703125,444.1875,440.0249938964844,440.0249938964844,6946420
2017-09-08,417.0916748046875,446.9125061035156,447.5,442.75,443.3500061035156,8311664
2017-09-11,425.4211730957031,455.8374938964844,457.25,447.54998779296875,448.25,11477676
2017-09-12,428.1860046386719,458.79998779296875,459.9750061035156,454.57501220703125,456.92498779296875,6687680
2017-09-13,429.737548828125,460.4624938964844,462.25,456.0,458.75,4995376
2017-09-14,429.1659240722656,459.8500061035156,463.125,457.875,460.0375061035156,8154016
2017-09-15,431.3941345214844,462.23748779296875,462.95001220703125,458.36248779296875,459.0,3767332
2017-09-18,434.0772705078125,465.11248779296875,466.11248779296875,463.125,463.38751220703125,4084928
2017-09-19,431.569091796875,462.42498779296875,467.0,461.88751220703125,466.2250061035156,4241468
2017-09-20,431.3707580566406,462.2124938964844,465.36248779296875,461.3125,462.0,3446128
2017-09-21,429.09588623046875,459.7749938964844,462.125,457.67498779296875,462.0,7712496
2017-09-22,425.59613037109375,456.0249938964844,459.73748779296875,455.0,458.70001220703125,8243524
2017-09-25,419.914794921875,449.9375,455.61248779296875,448.1499938964844,455.61248779296875,10149228
2017-09-26,418.1766357421875,448.07501220703125,449.1499938964844,446.25,447.26251220703125,11438732
2017-09-27,414.4902038574219,444.125,451.3999938964844,442.5,449.0,7337220
2017-09-28,418.8766174316406,448.82501220703125,449.75,440.82501220703125,443.5,27646464
2017-09-29,421.3030700683594,451.42498779296875,455.5,449.0625,450.0249938964844,6213632
2017-10-03,422.0380554199219,452.2124938964844,455.25,449.2749938964844,452.0,4394424
2017-10-04,419.2732238769531,449.25,452.9750061035156,448.3374938964844,451.9750061035156,6625104
2017-10-05,419.6465148925781,449.6499938964844,451.25,448.2749938964844,448.75,3336196
2017-10-06,419.9965515136719,450.0249938964844,451.11248779296875,448.5,449.5,3030660
2017-10-09,418.9232177734375,448.875,450.75,447.625,449.70001220703125,3062492
2017-10-10,420.6031188964844,450.67498779296875,453.73748779296875,448.1625061035156,449.75,3798180
2017-10-11,417.67498779296875,447.5375061035156,453.8125,446.8999938964844,450.8125,5267440
2017-10-12,424.3595275878906,454.70001220703125,455.36248779296875,447.0,448.7749938964844,5381560
2017-10-13,431.82574462890625,462.70001220703125,464.13751220703125,455.5,456.67498779296875,6433464
2017-10-16,433.3073425292969,464.2875061035156,468.3125,460.5,465.0,3274544
2017-10-17,431.93072509765625,462.8125,463.42498779296875,459.7749938964844,462.5,2613288
2017-10-18,435.95550537109375,467.125,468.75,459.75,460.25,3926720
2017-10-19,431.2657775878906,462.1000061035156,466.25,460.1625061035156,465.45001220703125,570008
2017-10-23,434.7422180175781,465.82501220703125,467.42498779296875,459.01251220703125,464.9750061035156,4162892
2017-10-24,435.6288757324219,466.7749938964844,469.8999938964844,463.25,465.75,11328872
2017-10-25,418.82989501953125,448.7749938964844,465.75,446.25,465.0,21367208
2017-10-26,418.8882141113281,448.8374938964844,452.5,439.4624938964844,442.0,28571464
2017-10-27,417.8849792480469,447.76251220703125,451.875,444.75,451.1000061035156,7472088
2017-10-30,423.4729309082031,453.75,454.0,448.1000061035156,449.5625,5422352
2017-10-31,421.95635986328125,452.125,452.875,449.8125,452.875,4682460
2017-11-01,424.9195556640625,455.29998779296875,456.25,453.0,453.7749938964844,4190612
2017-11-02,425.1295166015625,455.5249938964844,457.45001220703125,454.23748779296875,455.75,4737944
2017-11-03,427.13604736328125,457.67498779296875,460.0,455.3999938964844,456.42498779296875,3810488
2017-11-06,426.6460876464844,457.1499938964844,460.0,455.6499938964844,456.25,6148244
2017-11-07,425.5028076171875,455.92498779296875,461.23748779296875,455.1875,459.5,7446376
2017-11-08,426.02777099609375,456.48748779296875,458.3999938964844,454.75,456.29998779296875,3283144
2017-11-09,426.47113037109375,456.9624938964844,458.75,455.2749938964844,456.75,3113308
2017-11-10,425.106201171875,455.5,458.70001220703125,453.0874938964844,455.42498779296875,7744360
2017-11-13,423.1346435546875,453.38751220703125,455.7875061035156,448.75,455.5,3335872
2017-11-14,420.52142333984375,450.5874938964844,454.75,450.0,453.9750061035156,4712468
2017-11-15,420.0314636230469,450.0625,450.9125061035156,447.0,449.5,6148368
2017-11-16,421.7696533203125,451.92498779296875,454.0,448.79998779296875,451.0,4012972
2017-11-17,425.9344482421875,456.38751220703125,459.57501220703125,453.2875061035156,457.17498779296875,6358772
2017-11-20,428.8742980957031,459.5375061035156,459.92498779296875,457.25,457.25,2392424
2017-11-21,430.7641296386719,461.5625,462.5,459.0249938964844,459.36248779296875,2275532
2017-11-22,432.864013671875,463.8125,465.0,461.13751220703125,462.42498779296875,5660796
2017-11-23,429.97088623046875,460.7124938964844,465.0,459.5,464.75,3232580
2017-11-24,431.96575927734375,462.8500061035156,464.45001220703125,460.25,460.75,5203684
2017-11-27,433.400634765625,464.38751220703125,465.5,461.3999938964844,462.25,3870472
2017-11-28,435.22052001953125,466.3374938964844,467.75,463.9624938964844,464.0,5090540
2017-11-29,437.0754089355469,468.32501220703125,468.875,463.95001220703125,466.25,3274584
2017-11-30,432.5023498535156,463.42498779296875,468.48748779296875,460.0,467.17498779296875,5796312
2017-12-01,431.2190856933594,462.04998779296875,465.0,461.0249938964844,463.7250061035156,3858148
2017-12-04,427.9293212890625,458.5249938964844,463.7250061035156,457.5249938964844,463.7250061035156,3641932
2017-12-05,424.7445068359375,455.11248779296875,457.13751220703125,451.75,456.5,3893360
2017-12-06,420.7431640625,450.82501220703125,455.3374938964844,449.75,454.98748779296875,6395120
2017-12-07,422.22467041015625,452.4125061035156,454.1499938964844,450.7749938964844,451.6625061035156,4231304
2017-12-08,429.3992004394531,460.1000061035156,463.25,453.5,453.5,8956400
2017-12-11,430.7991638183594,461.6000061035156,462.9375,460.0,462.0,3198232
2017-12-12,424.6161804199219,454.9750061035156,462.4750061035156,453.98748779296875,462.2749938964844,2410588
2017-12-13,424.9544982910156,455.3374938964844,461.25,453.7749938964844,455.01251220703125,2907460
2017-12-14,428.8509521484375,459.51251220703125,460.0,453.0,456.0,3683092
2017-12-15,437.11041259765625,468.36248779296875,472.0,463.875,464.0,12450124
2017-12-18,438.39361572265625,469.73748779296875,474.75,452.32501220703125,463.75,12297988
2017-12-19,439.6885986328125,471.125,473.4125061035156,469.0375061035156,469.95001220703125,4952112
2017-12-20,435.87384033203125,467.0375061035156,475.7749938964844,465.9125061035156,474.7250061035156,9343504
2017-12-21,435.9088134765625,467.07501220703125,471.25,466.29998779296875,469.9750061035156,6854544
2017-12-22,437.8570251464844,469.1625061035156,470.0,465.4375,469.75,4470904
2017-12-26,435.9205017089844,467.0874938964844,470.70001220703125,464.17498779296875,470.25,6785696
2017-12-27,433.2139587402344,464.1875,467.57501220703125,462.7875061035156,467.5249938964844,3489384
2017-12-28,438.1836853027344,469.51251220703125,470.2250061035156,464.5,464.7250061035156,8700520
2017-12-29,436.86541748046875,468.1000061035156,469.79998779296875,467.0375061035156,469.20001220703125,6345872
2018-01-01,432.6890563964844,463.625,470.1875,462.625,468.17498779296875,6580516
2018-01-02,436.8537902832031,468.0874938964844,468.75,464.63751220703125,464.63751220703125,4776316
2018-01-03,432.2574157714844,463.1625061035156,469.5625,462.79998779296875,468.75,4531288
2018-01-04,433.948974609375,464.9750061035156,466.375,463.25,463.25,2373776
2018-01-05,434.81219482421875,465.8999938964844,467.01251220703125,463.88751220703125,465.75,2870868
2018-01-08,434.11224365234375,465.1499938964844,467.67498779296875,464.4375,466.25,4570308
2018-01-09,434.83551025390625,465.92498779296875,467.4624938964844,463.75,465.5,5305528
2018-01-10,434.95220947265625,466.04998779296875,466.9750061035156,464.32501220703125,466.29998779296875,4615888
2018-01-11,436.9004821777344,468.13751220703125,469.0,464.0625,466.04998779296875,4059096
2018-01-12,435.2088623046875,466.32501220703125,469.5375061035156,465.0,468.25,4336708
2018-01-15,442.780029296875,474.4375,476.1000061035156,464.9624938964844,467.48748779296875,12576444
2018-01-16,443.3400573730469,475.0375061035156,477.5,471.3125,475.86248779296875,6445384
2018-01-17,441.0885009765625,472.625,475.63751220703125,471.75,474.25,2905496
2018-01-18,451.307861328125,483.57501220703125,488.5,479.51251220703125,481.0,16649540
2018-01-19,455.4842224121094,488.04998779296875,489.9750061035156,479.8125,483.7875061035156,11455988
2018-01-22,458.08575439453125,490.8374938964844,497.0,488.2875061035156,490.0,8849768
2018-01-23,455.2742614746094,487.82501220703125,491.67498779296875,485.82501220703125,491.25,5047796
2018-01-24,456.755859375,489.4125061035156,492.25,487.6499938964844,488.13751220703125,4790568
2018-01-25,460.792236328125,493.73748779296875,495.0,487.625,488.4750061035156,8723668
2018-01-29,466.55523681640625,499.9125061035156,501.73748779296875,494.5,494.5,8235892
2018-01-30,465.5869445800781,498.875,500.4750061035156,496.0375061035156,499.45001220703125,6397560
2018-01-31,467.96673583984375,501.42498779296875,503.375,496.75,497.3500061035156,6943348
2018-02-01,464.5719909667969,497.7875061035156,503.75,496.32501220703125,501.5,6521420
2018-02-02,454.5043029785156,487.0,497.4750061035156,485.375,496.5,7346124
2018-02-05,446.5364685058594,478.4624938964844,483.8125,476.4624938964844,479.5,7926784
2018-02-06,442.558349609375,474.20001220703125,478.0,459.07501220703125,465.0,10749804
2018-02-07,436.9587707519531,468.20001220703125,476.75,465.6000061035156,476.75,8364972
2018-02-08,438.86029052734375,470.23748779296875,474.6499938964844,466.625,471.0,5171444
2018-02-09,431.5223693847656,462.375,466.17498779296875,461.0249938964844,461.9750061035156,6408952
2018-02-12,437.8570251464844,469.1625061035156,471.5,463.7875061035156,465.0,4381108
2018-02-14,439.37359619140625,470.7875061035156,474.4750061035156,468.6625061035156,472.45001220703125,3577188
2018-02-15,439.08197021484375,470.4750061035156,473.6875,468.75,472.42498779296875,4915224
2018-02-16,438.31195068359375,469.6499938964844,473.7124938964844,468.9125061035156,470.9750061035156,3583520
2018-02-19,438.2186584472656,469.54998779296875,471.8999938964844,464.76251220703125,470.6499938964844,3654552
2018-02-20,434.7188720703125,465.79998779296875,471.4624938964844,464.70001220703125,471.1875,4084068
2018-02-21,433.3656921386719,464.3500061035156,467.13751220703125,463.04998779296875,466.98748779296875,2753072
2018-02-22,432.3857116699219,463.29998779296875,465.0,460.38751220703125,462.5,13253596
2018-02-23,438.7669677734375,470.13751220703125,471.2124938964844,462.6000061035156,464.2250061035156,4076748
2018-02-26,445.9998474121094,477.88751220703125,478.70001220703125,470.88751220703125,472.0249938964844,4788884
2018-02-27,443.8999938964844,475.63751220703125,480.4375,475.0,478.6875,4787328
2018-02-28,439.61859130859375,471.04998779296875,473.86248779296875,469.5,472.38751220703125,4066364
2018-03-01,437.3204345703125,468.5874938964844,473.32501220703125,467.0,469.82501220703125,3909840
2018-03-05,436.29376220703125,467.48748779296875,469.5,464.5625,468.5375061035156,3781464
2018-03-06,430.7641296386719,461.5625,469.9750061035156,459.875,467.5,4576828
2018-03-07,427.5793762207031,458.1499938964844,463.3500061035156,457.125,460.0,5628164
2018-03-08,432.3040466308594,463.2124938964844,464.625,458.0,459.95001220703125,5518724
2018-03-09,431.88409423828125,462.76251220703125,466.3125,461.0,463.73748779296875,4108108
2018-03-12,435.663818359375,466.8125,467.36248779296875,463.3500061035156,465.04998779296875,6557116
2018-03-13,434.0306091308594,465.0625,471.1875,463.75,466.86248779296875,5124200
2018-03-14,435.022216796875,466.125,466.9750061035156,462.0,464.0,3680392
2018-03-15,438.8253173828125,470.20001220703125,471.875,466.29998779296875,466.29998779296875,5870924
2018-03-16,432.3390197753906,463.25,470.2749938964844,461.63751220703125,470.0,7896336
2018-03-19,430.99749755859375,461.8125,465.0,460.7875061035156,463.25,7838740
2018-03-20,429.1892395019531,459.875,463.9750061035156,458.8125,461.2749938964844,3657372
2018-03-21,433.7156066894531,464.7250061035156,465.79998779296875,460.82501220703125,462.0,5921140
2018-03-22,435.7804870605469,466.9375,470.0,463.7749938964844,464.7250061035156,6673224
2018-03-23,429.6675720214844,460.38751220703125,463.2749938964844,459.3125,461.6625061035156,7190152
2018-03-26,441.7767028808594,473.36248779296875,475.0,458.375,459.9750061035156,10501768
2018-03-27,441.57843017578125,473.1499938964844,474.75,469.0,473.45001220703125,6136836
2018-03-28,440.0618896484375,471.5249938964844,474.92498779296875,469.01251220703125,470.73748779296875,8837508
2018-04-02,450.58453369140625,482.79998779296875,483.9375,472.625,472.625,4596368
2018-04-03,447.01483154296875,478.9750061035156,481.42498779296875,477.75,480.98748779296875,4079884
2018-04-04,439.39691162109375,470.8125,481.23748779296875,469.61248779296875,478.23748779296875,3714108
2018-04-05,445.38153076171875,477.2250061035156,478.5,472.54998779296875,475.32501220703125,4858892
2018-04-06,448.76470947265625,480.8500061035156,481.61248779296875,476.45001220703125,478.04998779296875,3720008
2018-04-09,452.4161071777344,484.76251220703125,485.5,479.1000061035156,479.70001220703125,4003536
2018-04-10,448.16973876953125,480.2124938964844,485.75,478.375,485.75,6067236
2018-04-11,447.70306396484375,479.7124938964844,480.0,476.3500061035156,478.9750061035156,2870812
2018-04-12,450.02459716796875,482.20001220703125,483.2250061035156,476.4750061035156,479.0,4712516
2018-04-13,449.137939453125,481.25,485.0,479.7749938964844,482.0,3297172
2018-04-16,453.1277160644531,485.5249938964844,487.5,479.9624938964844,480.0,2847744
2018-04-17,454.6209716796875,487.125,487.75,483.5249938964844,485.875,2667832
2018-04-18,450.9111328125,483.1499938964844,488.375,482.51251220703125,487.75,2712720
2018-04-19,452.4043884277344,484.75,486.20001220703125,483.25,485.0,3169032
2018-04-20,456.3475341796875,488.9750061035156,490.25,483.0375061035156,485.25,9361380
2018-04-23,451.6461486816406,483.9375,494.75,465.07501220703125,494.75,15304620
2018-04-24,451.47119140625,483.75,487.01251220703125,481.5,483.75,5037416
2018-04-25,448.1463928222656,480.1875,484.5,478.0,481.9750061035156,4020592
2018-04-26,450.3629150390625,482.5625,484.79998779296875,477.8125,479.20001220703125,7847480
2018-04-27,448.76470947265625,480.8500061035156,483.875,478.125,483.25,5777008
2018-04-30,453.6410217285156,486.07501220703125,488.70001220703125,482.20001220703125,482.5,4609552
2018-05-02,459.5206298828125,492.375,494.5,486.5,487.5,7100048
2018-05-03,459.1473388671875,491.9750061035156,493.7250061035156,486.5,492.01251220703125,4152772
2018-05-04,463.95367431640625,497.125,497.5,491.57501220703125,492.5,6881436
2018-05-07,461.3638916015625,494.3500061035156,496.82501220703125,493.75,495.4125061035156,5264128
2018-05-08,458.9490051269531,491.76251220703125,494.9750061035156,488.6499938964844,494.8125,7100564
2018-05-09,461.59716796875,494.6000061035156,495.125,489.0375061035156,489.0375061035156,4327332
2018-05-10,464.9336242675781,498.17498779296875,499.75,495.5,497.1499938964844,7171672
2018-05-11,469.37835693359375,502.9375,504.25,496.5,498.17498779296875,6057068
2018-05-14,471.7115478515625,505.4375,506.8500061035156,503.1000061035156,504.29998779296875,4742916
2018-05-15,475.4563293457031,509.45001220703125,516.25,506.67498779296875,506.76251220703125,9826684
2018-05-16,472.0848388671875,505.8374938964844,512.25,504.2875061035156,507.63751220703125,6841604
2018-05-17,473.1114196777344,506.9375,511.11248779296875,503.125,505.9624938964844,6615476
2018-05-18,469.4716796875,503.0375061035156,506.17498779296875,500.875,506.17498779296875,5217460
2018-05-21,465.01531982421875,498.26251220703125,505.25,496.51251220703125,504.0249938964844,4848108
2018-05-22,464.2803649902344,497.4750061035156,503.48748779296875,496.375,499.67498779296875,3960372
2018-05-23,459.0539855957031,491.875,498.5,490.8500061035156,496.95001220703125,5726292
2018-05-24,463.3703918457031,496.5,497.5625,489.0874938964844,491.7749938964844,4520744
2018-05-25,468.66668701171875,502.17498779296875,504.0,497.4750061035156,497.5,4759588
2018-05-28,476.4828796386719,510.54998779296875,513.0,501.5,501.95001220703125,5103940
2018-05-29,474.2430419921875,508.1499938964844,513.1749877929688,507.20001220703125,509.5,3351244
2018-05-30,477.9178466796875,512.0875244140625,513.25,504.07501220703125,504.92498779296875,4866996
2018-05-31,502.3613586425781,534.8624877929688,540.0,520.0,525.0,39639192
2018-06-01,495.587158203125,527.6500244140625,534.5,525.25,529.0,21151356
2018-06-04,480.46551513671875,511.54998779296875,539.25,509.48748779296875,537.5,88796324
2018-06-05,484.55120849609375,515.9000244140625,516.7374877929688,505.75,512.5,17105460
2018-06-06,483.08355712890625,514.3375244140625,516.2000122070312,511.25,515.0499877929688,9782000
2018-06-07,484.2223815917969,515.5499877929688,519.9500122070312,513.2999877929688,518.2999877929688,10563896
2018-06-08,481.20513916015625,512.3375244140625,515.3125,508.75,514.75,6180888
2018-06-11,479.5497131347656,510.57501220703125,515.7374877929688,509.70001220703125,512.9749755859375,7091188
2018-06-12,479.9136657714844,510.9624938964844,513.1749877929688,509.6000061035156,512.9749755859375,5234256
2018-06-13,477.0020751953125,507.86248779296875,513.7000122070312,506.0249938964844,513.0,7897960
2018-06-14,478.3991394042969,509.3500061035156,511.25,506.25,507.5,16927576
2018-06-15,476.5676574707031,507.3999938964844,509.7250061035156,505.57501220703125,506.5,10880816
2018-06-18,474.1139221191406,504.7875061035156,509.70001220703125,502.2749938964844,507.5249938964844,7487404
2018-06-19,475.13531494140625,505.875,510.17498779296875,504.82501220703125,506.23748779296875,10981152
2018-06-20,482.80181884765625,514.0374755859375,514.5,506.25,506.5,9051712
2018-06-21,483.1423034667969,514.4000244140625,517.7000122070312,511.76251220703125,515.0,13510704
2018-06-22,489.18865966796875,520.8375244140625,522.2000122070312,512.4625244140625,514.2374877929688,7848980
2018-06-25,491.9123840332031,523.7374877929688,524.4500122070312,518.2625122070312,520.7625122070312,6992336
2018-06-26,491.618896484375,523.4249877929688,525.75,519.9625244140625,521.5125122070312,9161932
2018-06-27,496.0567932128906,528.1500244140625,529.875,522.5,523.25,19126804
2018-06-28,500.3420715332031,532.7125244140625,535.0,527.7999877929688,528.75,37533540
2018-06-29,495.08233642578125,527.1124877929688,535.0,526.2750244140625,530.4249877929688,19458120
2018-07-02,486.81707763671875,518.3125,527.0999755859375,515.8125,527.0875244140625,9864876
2018-07-03,486.1009216308594,517.5499877929688,521.25,516.4000244140625,518.3125,6863100
2018-07-04,493.93170166015625,525.8875122070312,527.0125122070312,517.25,519.0625,6097992
2018-07-05,498.6748962402344,530.9375,532.25,523.1375122070312,526.25,9735968
2018-07-06,496.655517578125,528.7874755859375,533.8875122070312,527.8375244140625,528.3250122070312,8121344
2018-07-09,499.1209411621094,531.4124755859375,532.5,526.9375,530.4625244140625,6182296
2018-07-10,503.99334716796875,536.5999755859375,537.4000244140625,531.25,532.4749755859375,10950736
2018-07-11,504.427734375,537.0625,538.9249877929688,533.7000122070312,536.2625122070312,5857920
2018-07-12,508.583740234375,541.4874877929688,544.9625244140625,538.0,538.2249755859375,8020668
2018-07-13,512.09423828125,545.2249755859375,547.7000122070312,540.7750244140625,542.0999755859375,7161188
2018-07-16,509.2647705078125,542.2125244140625,547.5125122070312,540.9375,544.8499755859375,9017336
2018-07-17,511.1197204589844,544.1875,545.25,540.8125,540.8125,6361924
2018-07-18,510.99053955078125,544.0499877929688,555.0,543.4124755859375,546.75,17460272
2018-07-19,513.3153076171875,546.5250244140625,548.375,542.75,545.75,5304776
2018-07-20,514.0079956054688,547.2625122070312,550.7125244140625,542.7750244140625,546.5250244140625,10006964
2018-07-23,506.3531188964844,539.1124877929688,544.5,534.5125122070312,537.5,16880132
2018-07-24,507.1279602050781,539.9375,542.25,536.75,536.75,5208792
2018-07-25,509.61700439453125,542.5875244140625,544.2000122070312,540.0,541.1624755859375,7038616
2018-07-26,514.8413696289062,548.1500244140625,550.8624877929688,541.25,541.25,21281092
2018-07-27,517.0838623046875,550.5374755859375,552.9874877929688,546.1749877929688,550.4874877929688,10554596
2018-07-30,509.5113525390625,542.4749755859375,549.75,539.8499755859375,549.75,7169120
2018-07-31,511.7654724121094,544.875,546.4749755859375,537.5125122070312,540.0,8860944
2018-08-01,506.88140869140625,539.6749877929688,543.75,537.9249877929688,540.7000122070312,6071560
2018-08-02,500.1894226074219,532.5499877929688,538.4249877929688,530.3375244140625,538.375,8905704
2018-08-03,498.1817626953125,530.4124755859375,536.7625122070312,528.5,533.3875122070312,13604008
2018-08-06,496.4559326171875,528.5750122070312,534.3499755859375,526.5250244140625,530.25,5744632
2018-08-07,500.35369873046875,532.7249755859375,533.625,527.0,531.25,7428456
2018-08-08,501.6335144042969,534.0875244140625,537.9500122070312,533.2625122070312,533.9625244140625,9945380
2018-08-09,497.442138671875,529.625,535.5,523.6624755859375,535.5,8944408
2018-08-10,496.4911193847656,528.6124877929688,530.9500122070312,524.5,530.875,5442940
2018-08-13,491.1374816894531,522.9124755859375,525.9874877929688,520.0,521.0,10054252
2018-08-14,490.5387878417969,522.2750244140625,526.25,521.7999877929688,524.5,4935964
2018-08-16,487.3923645019531,518.9249877929688,521.6749877929688,516.5999755859375,520.75,10625160
2018-08-17,487.77984619140625,519.3375244140625,523.2625122070312,517.9124755859375,520.7249755859375,6065328
2018-08-20,492.20587158203125,524.0499877929688,526.9000244140625,518.75,518.75,7811136
2018-08-21,492.1706848144531,524.0125122070312,528.0,523.1624755859375,524.5,7776320
2018-08-23,488.3785095214844,519.9749755859375,526.75,519.2125244140625,526.25,12574552
2018-08-24,486.01873779296875,517.4625244140625,523.4000244140625,516.5125122070312,517.75,9714628
2018-08-27,488.5076599121094,520.1124877929688,522.125,517.5625,519.25,12574788
2018-08-28,491.8889465332031,523.7125244140625,524.5625,519.7000122070312,522.0,9973532
2018-08-29,488.0498046875,519.625,523.5125122070312,518.1875,523.0374755859375,9873692
2018-08-30,485.1382141113281,516.5250244140625,521.9749755859375,515.4625244140625,520.9000244140625,21827460
2018-08-31,483.9875793457031,515.2999877929688,519.6875,514.5625,517.2999877929688,15771500
2018-09-03,487.2397155761719,518.7625122070312,519.7374877929688,515.875,517.3499755859375,7661608
2018-09-04,481.7804260253906,512.9500122070312,519.4874877929688,512.25,519.2249755859375,7130536
2018-09-05,480.3833312988281,511.4624938964844,515.0499877929688,508.88751220703125,513.4500122070312,5641508
2018-09-06,481.8742980957031,513.0499877929688,514.75,508.1499938964844,512.25,10402412
2018-09-07,482.9896240234375,514.2374877929688,515.0,510.1875,512.75,5919300
2018-09-10,479.27972412109375,510.2875061035156,513.75,506.2749938964844,513.75,8598592
2018-09-11,469.71124267578125,500.1000061035156,512.0,498.5375061035156,511.57501220703125,18186536
2018-09-12,472.39984130859375,502.9624938964844,505.3374938964844,497.38751220703125,500.4750061035156,12246008
2018-09-14,476.5676574707031,507.3999938964844,509.3500061035156,504.73748779296875,504.9624938964844,10334672
2018-09-17,467.7857971191406,498.04998779296875,505.73748779296875,497.0,505.32501220703125,9338220
2018-09-18,467.0813903808594,497.29998779296875,502.4624938964844,495.23748779296875,498.7250061035156,9325736
2018-09-19,460.5419616699219,490.3374938964844,499.5,489.125,498.7124938964844,16712264
2018-09-21,462.6317443847656,492.5625,499.9624938964844,477.54998779296875,493.4750061035156,22610148
2018-09-24,452.1710205078125,481.42498779296875,493.04998779296875,478.75,491.8125,13390792
2018-09-25,458.4404296875,488.1000061035156,490.5,478.75,481.42498779296875,16682552
2018-09-26,462.1503601074219,492.04998779296875,494.5,488.82501220703125,490.73748779296875,14726724
2018-09-27,464.01715087890625,494.0375061035156,496.5,488.7875061035156,492.3500061035156,18352208
2018-09-28,471.0378723144531,501.51251220703125,503.86248779296875,494.2875061035156,495.1625061035156,14460716
2018-10-01,477.9412536621094,508.86248779296875,510.5,499.45001220703125,502.45001220703125,12449588
2018-10-03,476.9316711425781,507.7875061035156,513.0499877929688,501.75,507.61248779296875,15332148
2018-10-04,459.6966857910156,489.4375,504.45001220703125,485.75,502.0,17970584
2018-10-05,461.469482421875,491.32501220703125,497.5,485.0375061035156,488.48748779296875,15729180
2018-10-08,456.7028503417969,486.25,492.25,482.5,491.25,20128020
2018-10-09,455.66973876953125,485.1499938964844,491.25,482.5,486.1000061035156,12459364
2018-10-10,461.90386962890625,491.7875061035156,495.5625,483.875,486.25,15939932
2018-10-11,454.95355224609375,484.38751220703125,487.07501220703125,479.3999938964844,481.25,14359904
2018-10-12,465.3555603027344,495.4624938964844,499.2749938964844,485.5,486.25,9600320
2018-10-15,471.507568359375,502.01251220703125,502.70001220703125,492.57501220703125,497.5,12585968
2018-10-16,467.91497802734375,498.1875,504.54998779296875,496.875,500.75,9406004
2018-10-17,463.6531982421875,493.6499938964844,503.25,490.875,501.5249938964844,7940796
2018-10-19,462.04473876953125,491.9375,495.2124938964844,489.5,489.7250061035156,9867348
2018-10-22,469.3590393066406,499.7250061035156,505.0,497.1499938964844,503.5,20331160
2018-10-23,466.05999755859375,496.2124938964844,499.7250061035156,493.25,493.25,19428564
2018-10-24,467.79754638671875,498.0625,502.20001220703125,493.1499938964844,501.0,18072336
2018-10-25,462.2912902832031,492.20001220703125,500.8999938964844,490.61248779296875,493.3999938964844,29847056
2018-10-26,460.5067443847656,490.29998779296875,494.29998779296875,487.25,492.20001220703125,15155712
2018-10-29,452.31195068359375,481.57501220703125,491.23748779296875,473.79998779296875,491.0249938964844,17044280
2018-10-30,449.1302795410156,478.1875,483.0,474.82501220703125,481.25,13828704
2018-10-31,448.89544677734375,477.9375,479.4750061035156,471.25,475.51251220703125,23449404
2018-11-01,449.0010986328125,478.04998779296875,482.5,474.0,482.5,19629052
2018-11-02,457.74774169921875,487.36248779296875,490.0,478.0,481.5,30092868
2018-11-05,459.2857666015625,489.0,489.9125061035156,484.5,487.4750061035156,5705296
2018-11-06,457.0668029785156,486.63751220703125,494.0,485.73748779296875,488.75,8485588
2018-11-07,459.7436218261719,489.48748779296875,491.23748779296875,487.5,490.25,958760
2018-11-09,456.7967834472656,486.3500061035156,489.9750061035156,484.07501220703125,489.54998779296875,10101620
2018-11-12,451.0791931152344,480.26251220703125,490.5,479.2875061035156,487.875,7907764
2018-11-13,452.65234375,481.9375,484.42498779296875,477.04998779296875,479.75,13350420
2018-11-14,459.6966857910156,489.4375,490.0,484.1499938964844,484.63751220703125,26110636
2018-11-15,463.7823486328125,493.7875061035156,494.32501220703125,482.79998779296875,490.4750061035156,10392524
2018-11-16,470.6270446777344,501.07501220703125,503.25,495.0,495.25,15813216
2018-11-19,472.8811950683594,503.4750061035156,505.25,500.4750061035156,502.75,12286428
2018-11-20,472.54071044921875,503.11248779296875,504.8999938964844,499.76251220703125,503.25,5705168
2018-11-21,474.0199890136719,504.6875,505.98748779296875,501.0,503.1875,6545604
2018-11-22,470.90875244140625,501.375,508.75,500.0375061035156,503.3125,12974552
2018-11-26,481.310791015625,512.4500122070312,513.0,503.01251220703125,503.4750061035156,18184436
2018-11-27,484.6450500488281,516.0,516.9749755859375,510.1875,510.26251220703125,12895440
2018-11-28,490.5739440917969,522.3125,524.6500244140625,515.0250244140625,516.25,13021108
2018-11-29,500.38897705078125,532.7625122070312,534.3499755859375,523.5,525.25,31908636
2018-11-30,499.7784423828125,532.1124877929688,534.3875122070312,527.5,532.5,13040924
2018-12-03,496.22119140625,528.3250122070312,535.5,526.7249755859375,532.75,10799856
2018-12-04,489.7052307128906,521.3875122070312,527.75,519.6500244140625,526.3499755859375,8157420
2018-12-05,492.9103698730469,524.7999877929688,526.3250122070312,518.9874877929688,519.5,11798844
2018-12-06,492.4054870605469,524.2625122070312,525.4124755859375,521.25,522.4249877929688,11730252
2018-12-07,494.88275146484375,526.9000244140625,529.5,520.0750122070312,526.6749877929688,9903920
2018-12-10,490.4565734863281,522.1875,526.2000122070312,516.4749755859375,516.4749755859375,10915056
2018-12-11,483.60015869140625,514.8875122070312,517.8250122070312,508.0,514.0,18905780
2018-12-12,489.6465148925781,521.3250122070312,522.4500122070312,515.0250244140625,516.7374877929688,11370488
2018-12-13,493.4034423828125,525.3250122070312,531.25,522.8250122070312,523.75,7064236
2018-12-14,492.08856201171875,523.9249877929688,529.5,522.0125122070312,526.2249755859375,6158284
2018-12-17,500.1894226074219,532.5499877929688,533.1500244140625,524.75,526.0,8437324
2018-12-18,501.422119140625,533.8624877929688,534.75,525.6500244140625,531.0,7413968
2018-12-19,498.60443115234375,530.8624877929688,539.8499755859375,528.3875122070312,533.2750244140625,9009896
2018-12-20,501.8917236328125,534.3624877929688,535.1124877929688,525.6624755859375,528.1375122070312,7980476
2018-12-21,495.71624755859375,527.7874755859375,537.2750244140625,527.2625122070312,533.5,10220308
2018-12-24,488.5546875,520.1624755859375,526.0,519.3375244140625,526.0,5601488
2018-12-26,498.34613037109375,530.5875244140625,531.75,517.25,519.25,7601916
2018-12-27,494.2840270996094,526.2625122070312,534.5499877929688,524.6124877929688,533.25,11639868
2018-12-28,498.4752502441406,530.7249755859375,534.4375,528.875,529.3375244140625,9415612
2018-12-31,498.1935119628906,530.4249877929688,534.25,529.1749877929688,534.25,5866528
2019-01-01,504.3924865722656,537.0250244140625,537.75,526.4000244140625,531.9124755859375,6373440
2019-01-02,499.7901611328125,532.125,536.875,529.9249877929688,535.7000122070312,8134232
2019-01-03,495.8689270019531,527.9500122070312,532.0625,525.75,531.0499877929688,12771664
2019-01-04,497.19561767578125,529.3624877929688,532.125,527.5875244140625,528.8125,7287120
2019-01-07,497.9469299316406,530.1624755859375,533.8375244140625,529.5,531.9249877929688,5387012
2019-01-08,493.8025817871094,525.75,530.875,524.1624755859375,530.5,8343460
2019-01-09,497.0429992675781,529.2000122070312,530.3375244140625,525.6500244140625,529.5,8568628
2019-01-10,495.0940246582031,527.125,530.9500122070312,523.1624755859375,529.25,7691540
2019-01-11,495.8923645019531,527.9749755859375,531.0,527.0,528.4500122070312,6408040
2019-01-14,493.48565673828125,525.4124755859375,527.4749755859375,524.6124877929688,527.4749755859375,4855160
2019-01-15,498.2403869628906,530.4749755859375,531.625,525.5,526.2625122070312,5087556
2019-01-16,497.8412780761719,530.0499877929688,531.25,527.0625,530.0125122070312,5252452
2019-01-17,500.68255615234375,533.0750122070312,533.9749755859375,528.3375244140625,531.3125,8240228
2019-01-18,500.2011413574219,532.5625,534.75,528.6375122070312,533.75,5207976
2019-01-21,504.404296875,537.0374755859375,541.625,531.625,534.9874877929688,17561512
2019-01-22,501.51605224609375,533.9625244140625,536.7000122070312,532.2625122070312,536.5,8796976
2019-01-23,494.3660888671875,526.3499755859375,533.9625244140625,525.3624877929688,533.5,7624288
2019-01-24,493.62652587890625,525.5625,530.4124755859375,524.4749755859375,527.5,10111572
2019-01-25,492.1589050292969,524.0,527.5,522.5,523.25,11262236
2019-01-28,489.3764343261719,521.0374755859375,525.5125122070312,519.1875,522.5,15360436
2019-01-29,483.1423034667969,514.4000244140625,520.75,513.25,519.5625,14762788
2019-01-30,477.76513671875,508.67498779296875,514.3125,507.0,514.3125,18514160
2019-01-31,488.3902587890625,519.9874877929688,522.4375,505.5,507.75,16579404
2019-02-01,490.855712890625,522.6124877929688,529.25,519.1500244140625,519.9874877929688,15654188
2019-02-04,494.2487487792969,526.2249755859375,528.25,520.6624755859375,523.75,7938288
2019-02-05,496.39727783203125,528.5125122070312,529.75,524.25,527.0,8690288
2019-02-06,498.4166259765625,530.6624755859375,531.75,528.4000244140625,529.0625,10875684
2019-02-07,497.14862060546875,529.3125,532.5,526.4625244140625,531.2625122070312,7217308
2019-02-08,498.4166259765625,530.6624755859375,536.2374877929688,526.6624755859375,528.0,12235644
2019-02-11,502.4083557128906,534.9124755859375,535.7249755859375,528.3250122070312,528.3250122070312,7036364
2019-02-12,500.0719909667969,532.4249877929688,537.0,531.2000122070312,534.5,9772388
2019-02-14,495.4931945800781,527.5499877929688,535.0,526.4000244140625,535.0,7441388
2019-02-15,493.2508239746094,525.1624755859375,527.0250244140625,519.5499877929688,526.8375244140625,8416524
2019-02-18,490.7265930175781,522.4749755859375,529.5,521.5,526.7000122070312,7138744
2019-02-19,489.35302734375,521.0125122070312,527.0374755859375,519.5499877929688,522.4249877929688,5268636
2019-02-20,495.0588684082031,527.0875244140625,527.75,520.4749755859375,522.125,4892500
2019-02-21,496.83160400390625,528.9749755859375,529.9874877929688,523.4000244140625,525.4249877929688,5261544
2019-02-22,491.090576171875,522.8624877929688,532.0250244140625,522.2750244140625,529.8499755859375,8890708
2019-02-25,499.06231689453125,531.3499755859375,532.4874877929688,523.7874755859375,523.7874755859375,8140596
2019-02-26,495.5989074707031,527.6624755859375,531.25,525.2750244140625,527.8125,9607428
2019-02-27,491.27838134765625,523.0625,531.1124877929688,522.0374755859375,529.0250244140625,7030092
2019-02-28,487.82672119140625,519.3875122070312,526.4625244140625,518.2999877929688,523.2750244140625,11645376
2019-03-01,489.18865966796875,520.8375244140625,525.2249755859375,519.25,521.5625,9352928
2019-03-05,494.765380859375,526.7750244140625,527.7750244140625,517.5,522.2249755859375,11837276
2019-03-06,494.0960998535156,526.0625,527.5750122070312,522.6375122070312,527.5,8458044
2019-03-07,499.3206481933594,531.625,532.5,523.75,527.4000244140625,10204852
2019-03-08,499.7197570800781,532.0499877929688,532.5,527.3624877929688,528.7625122070312,7053460
2019-03-11,499.7784423828125,532.1124877929688,535.9249877929688,530.5499877929688,533.0,9224108
2019-03-12,509.7696228027344,542.75,543.75,534.25,536.75,15097292
2019-03-13,522.8132934570312,556.6375122070312,558.5,543.0250244140625,543.75,57166348
2019-03-14,522.3905639648438,556.1875,561.875,552.6500244140625,561.2125244140625,15379864
2019-03-15,529.02392578125,563.25,564.9749755859375,557.0125122070312,557.75,12763088
2019-03-18,531.008056640625,565.3624877929688,572.9124755859375,561.75,565.4749755859375,14358720
2019-03-19,532.4873657226562,566.9375,568.9749755859375,562.75,567.375,11957992
2019-03-20,539.8251953125,574.75,575.0,565.2625122070312,567.25,11711992
2019-03-22,534.4596557617188,569.0374755859375,576.75,567.7000122070312,575.0,30403880
2019-03-25,535.6689453125,570.3250122070312,571.9625244140625,563.25,565.0,9199260
2019-03-26,542.7250366210938,577.8375244140625,578.75,568.1500244140625,568.9749755859375,11786848
2019-03-27,539.9307250976562,574.8624877929688,582.0125122070312,569.7625122070312,579.6375122070312,13885300
2019-03-28,540.7174682617188,575.7000122070312,581.25,571.9625244140625,574.7000122070312,19554328
2019-04-01,542.8307495117188,577.9500122070312,583.0,576.1500244140625,581.3125,9647076
2019-04-02,538.8505859375,573.7125244140625,580.0,571.3624877929688,580.0,10910496
2019-04-03,538.357421875,573.1875,579.0,572.0625,573.0250244140625,7659452
2019-04-04,536.2911987304688,570.9874877929688,578.25,570.0,573.1875,9211552
2019-04-05,541.3748779296875,576.4000244140625,578.4375,570.5,571.9500122070312,8351180
2019-04-08,537.5709838867188,572.3499755859375,580.7374877929688,570.0250244140625,579.75,6398132
2019-04-09,537.0661010742188,571.8125,575.75,566.75,574.1500244140625,10777600
2019-04-10,525.3491821289062,559.3375244140625,571.0,557.75,562.5,108128700
2019-04-11,530.0805053710938,564.375,565.75,559.2374877929688,561.2249755859375,8793300
2019-04-12,531.900390625,566.3125,568.0499877929688,563.0250244140625,563.0250244140625,9170444
2019-04-15,537.4300537109375,572.2000122070312,573.2249755859375,566.0875244140625,567.5,10219780
2019-04-16,541.245849609375,576.2625122070312,577.4749755859375,570.0750122070312,572.7374877929688,8273776
2019-04-18,538.5687866210938,573.4124755859375,578.7625122070312,572.0,578.25,10614856
2019-04-22,532.7103271484375,567.1749877929688,581.25,565.25,581.25,20980420
2019-04-23,527.2158203125,561.3250122070312,572.5,560.4000244140625,569.3875122070312,15282400
2019-04-24,535.3051147460938,569.9375,570.9749755859375,561.7625122070312,562.5,12354128
2019-04-25,531.4776611328125,565.8624877929688,574.7000122070312,564.4874877929688,571.7249755859375,18086636
2019-04-26,535.5868530273438,570.2374877929688,571.25,564.2249755859375,566.4749755859375,11707568
2019-04-30,544.1572875976562,579.3624877929688,580.0,569.5999755859375,571.25,12536836
2019-05-02,553.1622924804688,588.9500122070312,589.9124755859375,579.375,580.875,17169300
2019-05-03,556.01513671875,591.9874877929688,594.5,589.125,591.0499877929688,12351520
2019-05-06,546.740234375,582.1124877929688,587.9749755859375,579.2625122070312,587.0,13748092
2019-05-07,545.307861328125,580.5875244140625,589.5,579.5,587.9749755859375,9924204
2019-05-08,541.7622680664062,576.8125,580.9500122070312,572.0,580.6375122070312,12064208
2019-05-09,537.923095703125,572.7249755859375,575.0,567.9000244140625,575.0,9027724
2019-05-10,539.238037109375,574.125,581.2249755859375,572.8375244140625,572.8375244140625,10594200
2019-05-13,537.0543212890625,571.7999877929688,578.3375244140625,570.0,574.0125122070312,11071632
2019-05-14,537.2188110351562,571.9749755859375,577.75,568.8875122070312,574.1749877929688,10494744
2019-05-15,536.9368896484375,571.6749877929688,576.7999877929688,570.5499877929688,574.0,8956348
2019-05-16,542.5606689453125,577.6624755859375,579.75,570.0,570.1375122070312,8050136
2019-05-17,554.6415405273438,590.5250244140625,592.3250122070312,577.9000244140625,578.25,14758780
2019-05-20,571.136962890625,608.0875244140625,609.6749877929688,595.0,602.0,17699632
2019-05-21,564.4095458984375,600.9249877929688,612.3499755859375,599.8624877929688,609.5,10325176
2019-05-22,564.8909912109375,601.4375,606.5,598.5625,602.9625244140625,11386660
2019-05-23,547.5972900390625,583.0250244140625,609.9749755859375,579.7750244140625,602.25,33081996
2019-05-24,557.2831420898438,593.3375244140625,596.5374755859375,585.0374755859375,589.9249877929688,13692800
2019-05-27,565.50146484375,602.0875244140625,605.4749755859375,593.0625,594.7249755859375,12049024
2019-05-28,567.3447265625,604.0499877929688,605.0,596.7625122070312,604.125,7364840
2019-05-29,567.509033203125,604.2249755859375,607.7000122070312,602.5499877929688,602.5499877929688,7475216
2019-05-30,572.8275146484375,609.8875122070312,611.9749755859375,603.2625122070312,604.0,9359200
2019-05-31,569.4932250976562,606.3375244140625,616.25,589.2000122070312,614.2000122070312,19785080
2019-06-03,576.9484252929688,614.2750244140625,614.9500122070312,606.2374877929688,606.75,8480860
2019-06-04,575.8212890625,613.0750122070312,616.4375,610.2625122070312,613.75,6442988
2019-06-06,569.0236206054688,605.8375244140625,617.5,603.3375244140625,613.2999877929688,15634924
2019-06-07,574.7293701171875,611.9124755859375,613.5625,602.25,606.4124755859375,7970932
2019-06-10,572.9800415039062,610.0499877929688,617.4874877929688,608.0250244140625,617.4874877929688,7077140
2019-06-11,574.905517578125,612.0999755859375,614.9749755859375,610.0875244140625,612.875,7103292
2019-06-12,569.8923950195312,606.7625122070312,612.0999755859375,605.9124755859375,611.25,7308620
2019-06-13,574.0367431640625,611.1749877929688,613.0,603.9874877929688,608.9874877929688,11107948
2019-06-14,571.7825927734375,608.7750244140625,614.7374877929688,606.25,610.7374877929688,11956920
2019-06-17,568.7066040039062,605.5,609.9749755859375,604.3250122070312,608.75,12810020
2019-06-18,567.5912475585938,604.3125,608.0,601.0,604.5,12419652
2019-06-19,570.1976318359375,607.0875244140625,611.2249755859375,604.1749877929688,606.75,10744276
2019-06-20,573.2691040039062,606.5875244140625,609.25,603.6500244140625,607.0875244140625,11171492
2019-06-21,570.3984375,603.5499877929688,607.4249877929688,601.4124755859375,606.5,13250260
2019-06-24,571.2843627929688,604.4874877929688,607.6500244140625,602.5,602.9874877929688,6915000
2019-06-25,573.8243408203125,607.1749877929688,610.375,600.75,604.9625244140625,8899800
2019-06-26,583.0859985351562,616.9749755859375,617.5,605.5,606.1749877929688,10533636
2019-06-27,581.762939453125,615.5750122070312,623.625,614.0374755859375,617.1875,19879236
2019-06-28,577.380126953125,610.9375,618.75,609.2625122070312,616.0,12756844
2019-07-01,587.256103515625,621.3875122070312,622.25,612.5125122070312,614.0,8524160
2019-07-02,589.4888916015625,623.75,624.375,616.7999877929688,622.0,7246828
2019-07-03,588.2247924804688,622.4124755859375,625.8250122070312,620.75,624.75,7463256
2019-07-04,586.8426513671875,620.9500122070312,624.4749755859375,618.0,623.7000122070312,7993964
2019-07-05,584.1491088867188,618.0999755859375,623.7374877929688,615.0,621.2750244140625,7583060
2019-07-08,569.3115844726562,602.4000244140625,618.6500244140625,599.2625122070312,618.6375122070312,14607140
2019-07-09,562.1173095703125,594.7874755859375,602.7000122070312,593.25,600.9625244140625,16482688
2019-07-10,564.3853759765625,597.1875,599.5,591.5625,594.6875,11569148
2019-07-11,568.7327270507812,601.7874755859375,603.5,598.9124755859375,600.75,9097596
2019-07-12,565.6021728515625,598.4749755859375,604.5,596.2625122070312,604.5,8976272
2019-07-15,565.8030395507812,598.6875,600.75,594.3375244140625,599.0,8233184
2019-07-16,564.9642333984375,597.7999877929688,604.5,595.5,604.5,12770568
2019-07-17,566.4408569335938,599.3624877929688,602.9000244140625,597.8250122070312,598.2374877929688,7759736
2019-07-18,569.85498046875,602.9749755859375,607.25,600.4749755859375,600.75,10802584
2019-07-19,561.2902221679688,593.9124755859375,605.1749877929688,591.75,603.75,8939228
2019-07-22,542.766845703125,574.3125,587.4625244140625,570.3125,586.25,22171296
2019-07-23,534.792724609375,565.875,573.625,560.5125122070312,573.625,27802864
2019-07-24,538.90380859375,570.2249755859375,573.25,562.75,564.1875,17363740
2019-07-25,540.1207275390625,571.5125122070312,578.8624877929688,570.0625,571.25,19462008
2019-07-26,538.0532836914062,569.3250122070312,573.4124755859375,568.2125244140625,569.5499877929688,12829828
2019-07-29,530.2565307617188,561.0750122070312,568.3875122070312,555.7625122070312,568.3875122070312,9976492
2019-07-30,532.1348266601562,563.0625,567.7999877929688,559.9749755859375,563.75,10394136
2019-07-31,531.9930419921875,562.9124755859375,566.75,558.5625,560.0,13891840
2019-08-01,526.108642578125,555.4500122070312,560.0,549.25,557.2750244140625,18241676
2019-08-02,524.3446044921875,553.5875244140625,556.0,545.5,552.75,27825536
2019-08-05,516.033203125,544.8125,550.0,540.625,549.2625122070312,19822440
2019-08-06,518.365478515625,547.2750244140625,552.5625,541.75,541.75,24890940
2019-08-07,517.1578979492188,546.0,550.5,541.25,547.5,18750136
2019-08-08,528.7962646484375,558.2874755859375,560.75,545.75,549.5,19711600
2019-08-09,540.3636474609375,570.5,572.25,559.9500122070312,561.75,30436112
2019-08-13,525.765380859375,555.0875244140625,568.3250122070312,550.6500244140625,568.3250122070312,15440068
2019-08-14,527.920166015625,557.3624877929688,558.8499755859375,550.7625122070312,558.8499755859375,14254052
2019-08-16,527.5057983398438,556.9249877929688,558.25,551.0250244140625,553.5,15247560
2019-08-19,522.5687255859375,551.7125244140625,560.5,550.4249877929688,559.625,8498200
2019-08-20,525.8245849609375,555.1500244140625,556.9500122070312,551.7125244140625,552.3125,10270592
2019-08-21,527.0676879882812,556.4625244140625,560.2999877929688,553.5499877929688,556.2249755859375,10472712
2019-08-22,514.813720703125,543.5250244140625,555.2125244140625,541.7625122070312,555.2125244140625,13992044
2019-08-23,512.1141967773438,540.6749877929688,544.25,534.9000244140625,540.25,20099616
2019-08-26,534.2425537109375,564.0374755859375,566.5374755859375,541.75,548.7249755859375,25280244
2019-08-27,535.142333984375,564.9874877929688,568.2249755859375,560.0250244140625,564.0,20660832
2019-08-28,532.1942749023438,561.875,564.3375244140625,556.5875244140625,562.5,13662588
2019-08-29,527.3281860351562,556.7374877929688,563.4249877929688,555.0750122070312,561.5,14783716
2019-08-30,527.56494140625,556.9874877929688,565.0,555.5,558.375,19233320
2019-09-03,523.5394287109375,552.7374877929688,555.25,549.0374755859375,555.0,11428676
2019-09-04,532.2535400390625,561.9375,568.5,549.75,551.75,15060704
2019-09-05,529.2698364257812,558.7874755859375,568.0999755859375,556.25,562.25,17296252
2019-09-06,531.8153686523438,561.4749755859375,564.1500244140625,555.3250122070312,557.0,12870004
2019-09-09,532.691650390625,562.4000244140625,565.2249755859375,554.0250244140625,561.5,10643404
2019-09-11,533.0941772460938,562.8250122070312,568.5,560.2874755859375,568.5,15209116
2019-09-12,537.7235107421875,567.7125244140625,572.2000122070312,562.0374755859375,562.6749877929688,18132300
2019-09-13,534.5503540039062,564.3624877929688,566.8624877929688,559.5,562.75,15371340
2019-09-16,531.4010009765625,561.0374755859375,565.6624755859375,560.25,562.9749755859375,11030184
2019-09-17,523.6341552734375,552.8375244140625,562.125,549.5250244140625,561.9749755859375,10656556
2019-09-18,518.0458984375,546.9375,556.0374755859375,545.0,554.3250122070312,12959884
2019-09-19,521.44384765625,550.5250244140625,553.5250244140625,542.0,549.9500122070312,10623310
2019-09-20,568.1159057617188,599.7999877929688,604.9500122070312,552.7000122070312,554.0,46150034
2019-09-23,595.4183349609375,628.625,641.3499755859375,614.5,629.7750244140625,41920410
2019-09-24,593.7844848632812,626.9000244140625,630.9749755859375,613.7750244140625,625.0,23379048
2019-09-25,587.1067504882812,619.8499755859375,624.9500122070312,615.0499877929688,624.9500122070312,15608976
2019-09-26,588.432861328125,621.25,637.5,618.1749877929688,619.9000244140625,30671560
2019-09-27,589.2379150390625,622.0999755859375,626.75,618.7999877929688,624.125,14873170
2019-09-30,581.3052978515625,613.7249755859375,620.0,608.25,614.4000244140625,18218458
2019-10-01,591.41650390625,624.4000244140625,627.5,610.5499877929688,615.75,18768352
2019-10-03,579.4584350585938,611.7750244140625,621.9000244140625,608.1749877929688,619.9749755859375,16298876
2019-10-04,563.4274291992188,594.8499755859375,619.7999877929688,592.6500244140625,618.3250122070312,18403632
2019-10-07,562.1013793945312,593.4500122070312,609.9249877929688,590.5750122070312,600.5999755859375,22513220
2019-10-09,581.6369018554688,614.0750122070312,614.9500122070312,595.0,598.5499877929688,17427270
2019-10-10,568.56591796875,600.2750244140625,612.9749755859375,598.5999755859375,610.9000244140625,11556858
2019-10-11,567.737060546875,599.4000244140625,612.0,594.4749755859375,606.7000122070312,17186318
2019-10-14,570.38916015625,602.2000122070312,609.9500122070312,598.7000122070312,604.5,12267802
2019-10-15,579.2216186523438,611.5250244140625,612.5,603.4249877929688,603.5,8400374
2019-10-16,578.298095703125,610.5499877929688,617.5,605.0499877929688,615.8250122070312,10586816
2019-10-17,577.7771606445312,610.0,614.9249877929688,606.5499877929688,613.75,12243614
2019-10-18,582.0394897460938,614.5,616.9249877929688,610.1749877929688,612.7249755859375,11233806
2019-10-22,586.9174194335938,619.6500244140625,628.5,616.2999877929688,628.5,20006228
2019-10-23,588.0066528320312,620.7999877929688,624.875,616.5,623.4249877929688,10190214
2019-10-24,585.4019775390625,618.0499877929688,627.0750122070312,613.1749877929688,624.0,13107494
2019-10-25,582.0394897460938,614.5,623.4249877929688,610.0,620.0,12993542
2019-10-27,586.1596069335938,618.8499755859375,620.9500122070312,617.5,619.9749755859375,1750082
2019-10-29,588.432861328125,621.25,628.6749877929688,618.8499755859375,619.0,14232568
2019-10-30,591.2032470703125,624.1749877929688,631.3499755859375,621.5,623.4500122070312,12011366
2019-10-31,582.6787109375,615.1749877929688,631.9500122070312,613.5499877929688,628.8499755859375,13217706
2019-11-01,587.2725219726562,620.0250244140625,621.875,613.7999877929688,619.5,11512260
2019-11-04,585.7570190429688,618.4249877929688,625.0,614.5250244140625,623.2249755859375,9935176
2019-11-05,587.0120849609375,619.75,622.4000244140625,614.5250244140625,620.5,12367810
2019-11-06,595.1340942382812,628.3250122070312,629.5,614.0250244140625,621.2249755859375,12130336
2019-11-07,598.472900390625,631.8499755859375,634.8499755859375,625.0,630.5,16963034
2019-11-08,594.6368408203125,627.7999877929688,633.5,625.7249755859375,629.5,13251496
2019-11-11,598.9700927734375,632.375,634.25,625.25,626.2750244140625,14286610
2019-11-13,595.5603637695312,628.7750244140625,635.0,626.7999877929688,630.9749755859375,9293496
2019-11-14,603.303466796875,636.9500122070312,638.5,628.5999755859375,631.9000244140625,11055218
2019-11-15,605.1978759765625,638.9500122070312,642.5,635.5499877929688,641.9249877929688,9279012
2019-11-18,597.6915283203125,631.0250244140625,639.7249755859375,629.3499755859375,638.5,9130292
2019-11-19,602.3563232421875,635.9500122070312,637.5,630.5499877929688,632.6500244140625,10570578
2019-11-20,603.0430908203125,636.6749877929688,641.4749755859375,633.5,636.5,11054258
2019-11-21,607.7788696289062,641.6749877929688,643.5,634.1749877929688,635.125,12019526
2019-11-22,598.9700927734375,632.375,641.8250122070312,631.0,641.8250122070312,7688010
2019-11-25,601.9774169921875,635.5499877929688,639.75,632.0750122070312,632.0750122070312,7893556
2019-11-26,603.8482055664062,637.5250244140625,639.875,633.4749755859375,639.2249755859375,8716002
2019-11-27,605.4346923828125,639.2000122070312,642.875,635.5999755859375,638.0,9580666
2019-11-28,599.230712890625,632.6500244140625,641.5250244140625,631.0,640.0999755859375,12366040
2019-11-29,603.80078125,637.4749755859375,639.9500122070312,626.0,633.8499755859375,15567626
2019-12-02,599.4437255859375,632.875,636.9749755859375,629.2999877929688,636.9749755859375,8946204
2019-12-03,594.5421752929688,627.7000122070312,634.5,626.9000244140625,634.0999755859375,6991906
2019-12-04,592.7662353515625,625.8250122070312,628.4500122070312,617.0999755859375,626.25,11395614
2019-12-05,589.9010009765625,622.7999877929688,629.375,620.375,627.7999877929688,12772494
2019-12-06,590.1141357421875,623.0250244140625,630.0,619.0999755859375,624.4749755859375,13774650
2019-12-09,588.6459350585938,621.4749755859375,624.9249877929688,618.7750244140625,624.75,8265350
2019-12-10,591.7479248046875,624.75,626.8250122070312,622.5499877929688,625.5,9788900
2019-12-11,591.3927612304688,624.375,627.0,621.25,625.0499877929688,11054642
2019-12-12,598.425537109375,631.7999877929688,634.7249755859375,626.5,626.5,12913148
2019-12-13,598.5440063476562,631.9249877929688,636.1749877929688,629.625,632.5,11775186
2019-12-16,595.4656982421875,628.6749877929688,635.0,624.0999755859375,634.625,11327576
2019-12-17,601.9774169921875,635.5499877929688,637.4000244140625,627.6749877929688,630.0,12427354
2019-12-18,612.0411987304688,646.1749877929688,649.5,636.8250122070312,641.5,17447172
2019-12-19,610.3599243164062,644.4000244140625,652.75,643.0499877929688,652.5,13018376
2019-12-20,614.1012573242188,648.3499755859375,649.7999877929688,640.0250244140625,644.375,15026044
2019-12-23,616.80078125,651.2000122070312,652.0,644.4000244140625,649.5,10195782
2019-12-24,610.5256958007812,644.5750122070312,650.5499877929688,643.4749755859375,649.2999877929688,7179208
2019-12-26,601.6695556640625,635.2249755859375,645.9249877929688,632.3250122070312,644.8499755859375,14949758
2019-12-27,603.824462890625,637.5,639.5,635.0,636.0,7092992
2019-12-30,607.2106323242188,641.0750122070312,644.375,637.0250244140625,641.0,9334190
2019-12-31,602.4509887695312,636.0499877929688,640.9749755859375,634.3250122070312,640.9749755859375,8357056
2020-01-01,605.5294799804688,639.2999877929688,640.0,635.2999877929688,638.0499877929688,3673698
2020-01-02,609.38916015625,643.375,644.0,639.5,639.5,6137166
2020-01-03,600.6987915039062,634.2000122070312,642.5,631.7999877929688,641.0999755859375,10855550
2020-01-06,587.6987915039062,620.4749755859375,630.9000244140625,618.0,630.0,10890186
2020-01-07,597.0047607421875,630.2999877929688,635.7249755859375,626.125,629.4500122070312,14724494
2020-01-08,595.4419555664062,628.6500244140625,631.0750122070312,620.0250244140625,623.4749755859375,11332110
2020-01-09,602.11962890625,635.7000122070312,637.9000244140625,631.5499877929688,632.5,9546316
2020-01-10,607.4710693359375,641.3499755859375,643.4500122070312,637.5499877929688,642.0499877929688,9214580
2020-01-13,609.033935546875,643.0,648.25,638.0,641.3499755859375,7451568
2020-01-14,610.6914672851562,644.75,646.2750244140625,638.75,644.5,7886290
2020-01-15,608.2051391601562,642.125,643.9749755859375,637.0499877929688,643.2000122070312,11787448
2020-01-16,609.8153686523438,643.8250122070312,645.5,639.6749877929688,641.0250244140625,7150400
2020-01-17,605.3163452148438,639.0750122070312,642.4500122070312,635.9500122070312,640.875,16918814
2020-01-20,594.3052978515625,627.4500122070312,652.4249877929688,626.25,652.4249877929688,22178450
2020-01-21,589.3090209960938,622.1749877929688,625.0,619.2000122070312,625.0,14984804
2020-01-22,587.6514282226562,620.4249877929688,627.5,617.2000122070312,624.0250244140625,18368310
2020-01-23,589.5457763671875,622.4249877929688,623.4249877929688,615.5,620.0,11508920
2020-01-24,589.40380859375,622.2750244140625,627.0,619.5499877929688,623.0,11831756
2020-01-27,574.5567016601562,606.5999755859375,617.5,605.875,617.5,18888552
2020-01-28,579.2926025390625,611.5999755859375,613.9000244140625,606.625,609.4000244140625,13412158
2020-01-29,585.2835083007812,617.9249877929688,621.0,611.125,612.6500244140625,13788350
2020-01-30,580.6423950195312,613.0250244140625,619.4749755859375,608.5999755859375,619.4749755859375,12111984
2020-01-31,580.7608032226562,613.1500244140625,618.9000244140625,610.125,615.7249755859375,11178268
2020-02-03,564.8955688476562,596.4000244140625,598.9749755859375,588.8499755859375,598.5,13077010
2020-02-04,582.4183349609375,614.9000244140625,617.0,599.0,599.0,20897704
2020-02-05,589.451171875,622.3250122070312,624.0,613.6500244140625,617.4500122070312,18020682
2020-02-06,587.1541748046875,619.9000244140625,624.3499755859375,618.5999755859375,622.3250122070312,11827550
2020-02-07,588.290771484375,621.0999755859375,623.5,615.7999877929688,623.0,6815448
2020-02-10,587.3910522460938,620.1500244140625,621.4749755859375,613.0250244140625,621.4749755859375,9219834
2020-02-11,587.5330200195312,620.2999877929688,627.5,619.0250244140625,621.6500244140625,11613520
2020-02-12,591.51123046875,624.5,626.4500122070312,622.0250244140625,622.5999755859375,6297930
2020-02-13,587.9119262695312,620.7000122070312,629.9500122070312,616.7999877929688,629.9500122070312,9112140
2020-02-14,577.4691772460938,609.6749877929688,624.2000122070312,607.5,621.5999755859375,14688858
2020-02-17,576.4274291992188,608.5750122070312,616.5,607.2249755859375,612.5,10152690
2020-02-18,574.5804443359375,606.625,609.25,601.75,608.4500122070312,10529116
2020-02-19,581.1869506835938,613.5999755859375,615.0,606.9500122070312,611.25,10012268
2020-02-20,576.4037475585938,608.5499877929688,615.0,607.0499877929688,615.0,11123414
2020-02-24,573.017578125,604.9749755859375,607.375,600.0,604.4749755859375,16568084
2020-02-25,568.447509765625,600.1500244140625,604.5,599.0,602.0,13886680
2020-02-26,567.9501953125,599.625,602.3499755859375,592.8250122070312,598.75,13814786
2020-02-27,568.044921875,599.7249755859375,601.25,590.5,597.5,20655098
2020-02-28,557.7206420898438,588.8250122070312,592.5,585.0499877929688,587.75,24313056
2020-03-02,558.6441650390625,589.7999877929688,600.5750122070312,583.0750122070312,600.0999755859375,14664898
2020-03-03,559.6861572265625,590.9000244140625,592.6749877929688,584.0,587.5,22369550
2020-03-04,544.0813598632812,574.4249877929688,590.0,566.5499877929688,589.1749877929688,34288870
2020-03-05,545.2653198242188,575.6749877929688,582.5,571.375,576.5,19549708
2020-03-06,537.4747924804688,567.4500122070312,570.4500122070312,550.5,562.5,23053566
2020-03-09,524.40380859375,553.6500244140625,559.2000122070312,532.5,555.0,34420590
2020-03-11,527.4821166992188,556.9000244140625,560.0,546.0,552.5,35538240
2020-03-12,483.67523193359375,510.6499938964844,540.0,501.7250061035156,537.5,59000770
2020-03-13,506.6442565917969,534.9000244140625,540.7249755859375,459.6000061035156,490.0249938964844,66342364
2020-03-16,473.35101318359375,499.75,518.5,497.5,517.5,31986322
2020-03-17,461.79547119140625,487.54998779296875,505.0,477.3500061035156,504.0,42676838
2020-03-18,415.2891845703125,438.45001220703125,496.5,432.5,492.5,61181406
2020-03-19,424.1215515136719,447.7749938964844,459.9750061035156,397.5,423.5,67220048
2020-03-20,418.1070251464844,441.42498779296875,457.29998779296875,412.2749938964844,437.5,88637464
2020-03-23,365.3966979980469,385.7749938964844,419.375,382.5,397.29998779296875,50276954
2020-03-24,363.5733642578125,383.8500061035156,405.0,369.375,397.625,61057272
2020-03-25,405.74639892578125,428.375,433.7250061035156,377.625,385.2250061035156,47228042
2020-03-26,426.7499694824219,450.54998779296875,468.8500061035156,420.5,435.04998779296875,57043156
2020-03-27,428.3365173339844,452.2250061035156,494.32501220703125,436.04998779296875,472.4750061035156,55235936
2020-03-30,393.8593444824219,415.82501220703125,443.5,414.0,440.0,39268444
2020-03-31,408.1853332519531,430.95001220703125,436.79998779296875,419.0,426.8999938964844,35211092
2020-04-01,392.912109375,414.82501220703125,431.92498779296875,410.0,431.92498779296875,29103504
2020-04-03,385.429443359375,406.92498779296875,422.0,405.0,421.5,34996280
2020-04-07,424.3820495605469,448.04998779296875,453.6499938964844,422.67498779296875,437.0,60412638
2020-04-08,420.9722595214844,444.45001220703125,472.5,433.04998779296875,439.9750061035156,56219352
2020-04-09,438.0924072265625,462.5249938964844,465.45001220703125,445.0,456.5,44457146
2020-04-13,424.02685546875,447.67498779296875,473.3500061035156,443.1000061035156,467.0,34158056
2020-04-15,408.8483581542969,431.6499938964844,465.25,421.5,465.25,57978752
2020-04-16,416.6388854980469,439.875,445.3500061035156,428.125,432.5,53854396
2020-04-17,431.10699462890625,455.1499938964844,460.0,443.625,457.5,55883462
2020-04-20,447.4694519042969,472.42498779296875,480.4750061035156,467.5,475.5,66232986
2020-04-21,436.48223876953125,460.82501220703125,467.0,454.0,462.5,33178006
2020-04-22,439.77362060546875,464.29998779296875,466.5,453.6499938964844,459.57501220703125,38289354
2020-04-23,452.2526550292969,477.4750061035156,479.25,456.2749938964844,467.5,40901222
2020-04-24,444.2490539550781,469.0249938964844,479.20001220703125,463.0,466.5,33284568
2020-04-27,440.29461669921875,464.8500061035156,478.70001220703125,463.1499938964844,472.57501220703125,27421072
2020-04-28,441.0997009277344,465.70001220703125,471.8999938964844,461.0,471.8999938964844,29441436
2020-04-29,462.74267578125,488.54998779296875,496.3500061035156,467.04998779296875,467.5,55877778
2020-04-30,474.4402160644531,500.8999938964844,509.5,496.04998779296875,500.70001220703125,43793134
2020-05-04,437.12152099609375,461.5,480.0,458.75,478.75,26722324
2020-05-05,431.6516418457031,455.7250061035156,472.0,454.0249938964844,469.0,29672858
2020-05-06,448.20355224609375,473.20001220703125,475.0,452.82501220703125,459.5,33785846
2020-05-07,438.0687255859375,462.5,471.6499938964844,460.67498779296875,470.25,21831730
2020-05-08,439.9867248535156,464.5249938964844,471.9750061035156,462.6000061035156,471.0,20807484
2020-05-11,433.71173095703125,457.8999938964844,477.0,457.0,468.5,28550784
2020-05-12,426.9631042480469,450.7749938964844,454.70001220703125,435.54998779296875,450.5,49568418
2020-05-13,439.32379150390625,463.82501220703125,480.0,461.04998779296875,475.5,44346966
2020-05-14,423.2454833984375,446.8500061035156,455.5,445.0,449.0,39554890
2020-05-15,420.6170349121094,444.07501220703125,446.20001220703125,437.5,445.25,24349628
2020-05-18,396.227294921875,418.32501220703125,444.0,415.6499938964844,444.0,46649964
2020-05-19,393.3857421875,415.32501220703125,433.6499938964844,413.04998779296875,430.42498779296875,47460692
2020-05-20,405.91204833984375,428.54998779296875,432.0,416.1000061035156,418.2250061035156,40014306
2020-05-21,407.0724182128906,429.7749938964844,442.0,426.1499938964844,430.7250061035156,48478908
2020-05-22,397.2691345214844,419.42498779296875,435.1499938964844,416.5249938964844,425.0,42047432
2020-05-26,403.686279296875,426.20001220703125,435.875,424.375,428.5,38005152
2020-05-27,427.9576416015625,451.82501220703125,454.8999938964844,428.57501220703125,429.95001220703125,56025754
2020-05-28,447.6589050292969,472.625,475.0,456.9750061035156,460.0,75488806
2020-05-29,450.68988037109375,475.82501220703125,477.5,461.7250061035156,472.0,53025166
2020-06-01,467.739013671875,493.82501220703125,497.5,483.04998779296875,487.5,39190230
2020-06-02,474.0613708496094,500.5,502.5,487.6000061035156,493.3500061035156,41623594
2020-06-03,484.1251220703125,511.125,523.125,507.7250061035156,510.0,50546088
2020-06-04,474.39288330078125,500.8500061035156,519.4749755859375,495.54998779296875,514.0250244140625,54275882
2020-06-05,489.3819274902344,516.6749877929688,521.2000122070312,501.3999938964844,501.54998779296875,35195984
2020-06-08,481.11785888671875,507.95001220703125,533.3250122070312,503.20001220703125,530.0,49812664
2020-06-09,467.57318115234375,493.6499938964844,513.375,489.7749938964844,510.0,61844146
2020-06-10,469.72808837890625,495.92498779296875,499.92498779296875,489.1000061035156,495.0,36497730
2020-06-11,458.71710205078125,484.29998779296875,494.20001220703125,482.5,492.5,30897714
2020-06-12,465.41839599609375,491.375,493.32501220703125,464.0,464.0,42644876
2020-06-15,449.83734130859375,474.92498779296875,487.0,471.5,484.0,32009936
2020-06-16,469.0413818359375,495.20001220703125,496.9750061035156,476.0,487.5,45399970
2020-06-17,463.7608947753906,489.625,499.45001220703125,486.625,494.5,36957838
2020-06-18,483.0359191894531,509.9750061035156,512.4500122070312,486.0,490.0,40870126
2020-06-19,489.3819274902344,516.6749877929688,521.5,506.07501220703125,508.9750061035156,47877752
2020-06-22,487.2035217285156,514.375,522.9749755859375,511.8999938964844,519.7249755859375,29694474
2020-06-23,493.62060546875,521.1500244140625,522.5,508.2749938964844,519.5,28830512
2020-06-24,488.9793701171875,516.25,528.75,515.0250244140625,524.25,39429246
2020-06-25,487.2035217285156,514.375,524.5,503.5,510.95001220703125,70646790
2020-06-26,500.3218078613281,528.2249755859375,531.5,514.0,520.5,39969138
2020-06-29,509.6042175292969,538.0250244140625,541.2999877929688,518.5,518.5,46005956
2020-06-30,504.7735290527344,532.9249877929688,539.2750244140625,528.1500244140625,537.0,35746130
2020-07-01,513.6533203125,542.2999877929688,548.0,530.6500244140625,532.9249877929688,34846718
2020-07-02,515.9265747070312,544.7000122070312,555.625,542.5999755859375,545.1500244140625,36954496
2020-07-03,508.6095275878906,536.9749755859375,547.9000244140625,535.0,546.5,27597254
2020-07-06,522.3673095703125,551.5,559.9500122070312,550.0,553.9749755859375,35558216
2020-07-07,523.3855590820312,552.5750122070312,555.8499755859375,546.5250244140625,554.7000122070312,24349850
2020-07-08,525.8482055664062,555.1749877929688,562.4500122070312,552.5,553.5,30056350
2020-07-09,532.7625732421875,562.4749755859375,564.8499755859375,553.625,559.0,20114484
2020-07-10,523.3619384765625,552.5499877929688,560.0,549.7750244140625,558.9500122070312,17562978
2020-07-13,511.5932312011719,540.125,556.5,535.6500244140625,554.9500122070312,29922114
2020-07-14,501.45849609375,529.4249877929688,534.4500122070312,525.0,531.2999877929688,26612674
2020-07-15,498.7590026855469,526.5750122070312,539.5,525.0499877929688,535.0999755859375,20974394
2020-07-16,503.210693359375,531.2750244140625,532.75,517.0499877929688,526.8250122070312,23662456
2020-07-17,520.2125244140625,549.2249755859375,552.0,529.1500244140625,529.5250244140625,28405738
2020-07-20,536.5986938476562,566.5250244140625,576.4500122070312,562.0750122070312,567.5,65124096
2020-07-21,539.2034301757812,569.2750244140625,578.9749755859375,567.0,576.0250244140625,47512422
2020-07-22,533.4256591796875,563.1749877929688,572.25,558.7750244140625,569.25,24718012
2020-07-23,535.3436279296875,565.2000122070312,571.9500122070312,558.125,562.5,20149122
2020-07-24,529.9920654296875,559.5499877929688,561.4500122070312,550.625,561.4500122070312,19598440
2020-07-27,511.2380676269531,539.75,551.5,537.6749877929688,549.9249877929688,37970094
2020-07-28,514.6241455078125,543.3250122070312,547.2000122070312,529.75,539.5,35596450
2020-07-29,504.18157958984375,532.2999877929688,544.25,527.7750244140625,540.5,33592086
2020-07-30,497.5751037597656,525.3250122070312,541.8250122070312,523.3499755859375,537.0,26956266
2020-07-31,489.1215515136719,516.4000244140625,528.8499755859375,510.0249938964844,528.8499755859375,37726696
2020-08-03,474.5350036621094,501.0,513.4749755859375,496.5,512.9749755859375,31783542
2020-08-04,493.3127136230469,520.8250122070312,530.5250244140625,501.5,504.0,60306168
2020-08-05,486.63519287109375,513.7750244140625,527.9000244140625,510.0,523.9749755859375,33221360
2020-08-06,492.86285400390625,520.3499755859375,527.5,513.125,518.5,33646888
2020-08-07,494.3546447753906,521.9249877929688,523.5999755859375,510.29998779296875,517.4249877929688,24836784
2020-08-10,497.5751037597656,525.3250122070312,532.0,521.9000244140625,522.0,22172854
2020-08-11,505.1524353027344,533.3250122070312,535.5,524.25,524.25,20136148
2020-08-12,503.75531005859375,531.8499755859375,533.0,524.0,532.5,20666432
2020-08-13,501.55322265625,529.5250244140625,535.6749877929688,528.25,533.9749755859375,19892740
2020-08-14,489.90289306640625,517.2249755859375,532.9500122070312,513.6500244140625,532.9500122070312,20924512
2020-08-17,489.09783935546875,516.375,523.5,510.1000061035156,523.5,19561012
2020-08-18,500.3454895019531,528.25,530.8250122070312,511.0,514.0,24040824
2020-08-19,505.1287536621094,533.2999877929688,534.9000244140625,528.125,532.5,17715624
2020-08-20,501.52947998046875,529.5,534.4749755859375,526.0,527.4749755859375,19216734
2020-08-21,514.150634765625,542.8250122070312,544.4000244140625,532.2999877929688,532.7000122070312,28924302
2020-08-24,529.0213012695312,558.5250244140625,561.4749755859375,542.8250122070312,543.0,36779740
2020-08-25,530.2761840820312,559.8499755859375,563.5,553.0999755859375,559.5,27601738
2020-08-26,529.684326171875,559.2249755859375,565.875,554.75,560.5,25190062
2020-08-27,526.6769409179688,556.0499877929688,564.9500122070312,553.125,562.9000244140625,20645996
2020-08-28,527.8135986328125,557.25,562.5,547.5,555.9749755859375,38696610
2020-08-31,528.4529418945312,557.9249877929688,574.4000244140625,550.3499755859375,564.75,38501166
2020-09-01,533.8755493164062,563.6500244140625,571.7999877929688,554.0,564.0,28877884
2020-09-02,537.11962890625,567.0750122070312,569.5,560.3499755859375,562.0499877929688,19761682
2020-09-03,535.5805053710938,565.4500122070312,572.9749755859375,564.0,568.625,19833362
2020-09-04,530.0867919921875,559.6500244140625,562.7000122070312,552.2000122070312,555.0,23661370
2020-09-07,525.9192504882812,555.25,559.75,549.5,558.1500244140625,17615466
2020-09-08,526.8427124023438,556.2249755859375,559.4000244140625,551.5,557.0,14624918
2020-09-09,519.2891235351562,548.25,555.0,545.625,550.5,15728872
2020-09-10,516.4711303710938,545.2750244140625,552.4249877929688,542.0,551.5,15188088
2020-09-11,510.83544921875,539.3250122070312,552.4249877929688,535.5,548.2249755859375,20794730
2020-09-14,501.0321960449219,528.9749755859375,547.0,526.1749877929688,544.0,21650590
2020-09-15,506.9757385253906,535.25,538.0750122070312,529.0499877929688,534.0,16505110
2020-09-16,517.9393310546875,546.8250122070312,548.0,534.1749877929688,535.0999755859375,18710112
2020-09-17,513.1798095703125,541.7999877929688,547.0,539.0,542.0,18318686
2020-09-18,500.7243957519531,528.6500244140625,546.0999755859375,523.5999755859375,546.0,23481778
2020-09-21,496.9356689453125,524.6500244140625,535.6749877929688,520.75,527.5,19842878
2020-09-22,490.35284423828125,517.7000122070312,529.0750122070312,514.75,527.0250244140625,18620678
2020-09-23,495.96484375,523.625,527.5,517.1749877929688,523.0,16079828
2020-09-24,487.98492431640625,515.2000122070312,523.5,512.5,519.0,19809510
2020-09-25,494.4256591796875,522.0,525.9749755859375,512.8250122070312,525.0,20321544
2020-09-28,499.2561950683594,527.0999755859375,529.5,521.3250122070312,524.4749755859375,16152422
2020-09-29,503.210693359375,531.2750244140625,534.9500122070312,525.5,529.0,12644446
2020-09-30,510.8117980957031,539.2999877929688,543.4500122070312,526.0,530.0,18813842
2020-10-01,524.238037109375,553.4749755859375,555.0,545.0499877929688,545.0499877929688,21203080
2020-10-05,527.7425537109375,557.1749877929688,566.0,555.5,556.0,16940126
2020-10-06,541.831787109375,572.0499877929688,574.0,563.0999755859375,567.5250244140625,19371990
2020-10-07,550.4274291992188,581.125,582.4249877929688,568.7999877929688,572.4500122070312,21248778
2020-10-08,564.4220581054688,595.9000244140625,601.5,581.6749877929688,590.0,35060674
2020-10-09,584.1942749023438,616.7750244140625,618.5,595.8250122070312,600.5,44972388
2020-10-12,574.769775390625,606.8250122070312,621.375,602.7999877929688,615.7750244140625,19220546
2020-10-13,567.5712280273438,599.2249755859375,611.2249755859375,597.5,606.7000122070312,18353952
2020-10-14,573.751708984375,605.75,607.1500244140625,587.75,597.7750244140625,22582918
2020-10-15,553.7425537109375,584.625,608.5,582.0,607.0999755859375,28246896
2020-10-16,567.9974975585938,599.6749877929688,601.75,586.5,590.0,25822848
2020-10-19,569.9866943359375,601.7750244140625,617.5,596.2999877929688,617.5,42359556
2020-10-20,579.6477661132812,611.9749755859375,613.7000122070312,602.9500122070312,603.75,27411978
2020-10-21,590.4219970703125,623.3499755859375,625.5,610.8499755859375,615.2999877929688,35640752
2020-10-22,584.0758666992188,616.6500244140625,625.0,611.5,619.9749755859375,21913060
2020-10-23,585.259765625,617.9000244140625,624.2249755859375,615.5999755859375,621.75,15866230
2020-10-26,573.4674682617188,605.4500122070312,621.0,602.2999877929688,614.9000244140625,19571976
2020-10-27,583.981201171875,616.5499877929688,618.0,598.9249877929688,613.0,24317780
2020-10-28,572.851806640625,604.7999877929688,616.0,600.75,614.0,16571186
2020-10-29,562.2434692382812,593.5999755859375,602.2249755859375,589.25,600.2999877929688,23060024
2020-10-30,560.514892578125,591.7750244140625,599.6500244140625,588.1749877929688,591.2750244140625,11522716
2020-11-02,575.5275268554688,607.625,612.5,588.75,597.1749877929688,21926080
2020-11-03,591.0138549804688,623.9749755859375,625.375,612.75,613.2249755859375,28164230
2020-11-04,595.4893188476562,628.7000122070312,632.4000244140625,615.0,626.0,23404822
2020-11-05,601.07763671875,634.5999755859375,638.0,626.1749877929688,633.0,21433928
2020-11-06,619.287109375,653.8250122070312,655.0,632.75,633.125,35705724
2020-11-09,634.8682250976562,670.2750244140625,672.9749755859375,657.5999755859375,657.5999755859375,26288440
2020-11-10,660.0156860351562,696.8250122070312,697.5,675.7750244140625,678.5,41517356
2020-11-11,658.263427734375,694.9749755859375,707.4000244140625,685.25,699.9500122070312,36116194
2020-11-12,649.620361328125,685.8499755859375,694.2750244140625,680.0,688.7000122070312,27053948
2020-11-13,643.5111083984375,679.4000244140625,684.4000244140625,673.5,684.4000244140625,22472480
2020-11-14,648.6732788085938,684.8499755859375,687.4749755859375,682.5999755859375,683.9000244140625,1835066
2020-11-17,667.0248413085938,704.2249755859375,706.2999877929688,690.2999877929688,692.9000244140625,31059900
2020-11-18,667.14306640625,704.3499755859375,709.5,699.5250244140625,701.5,18862776
2020-11-19,650.8753662109375,687.1749877929688,699.7249755859375,684.0,694.8499755859375,20266882
2020-11-20,664.7515869140625,701.8250122070312,704.2000122070312,682.5250244140625,686.3250122070312,20405362
2020-11-23,660.4655151367188,697.2999877929688,711.8250122070312,687.6749877929688,707.5,25246636
2020-11-24,681.1138916015625,719.0999755859375,722.5,701.0250244140625,704.0,40154400
2020-11-25,664.3489990234375,701.4000244140625,732.2000122070312,698.5,725.6500244140625,24152602
2020-11-26,675.64404296875,713.3250122070312,716.0,693.5,707.5,27943126
2020-11-27,682.3690185546875,720.4249877929688,723.0,707.7750244140625,715.9000244140625,17994580
2020-12-01,678.7933959960938,716.6500244140625,724.5,712.75,720.4249877929688,17147574
2020-12-02,666.3143920898438,703.4749755859375,715.9000244140625,697.4000244140625,715.5,17892150
2020-12-03,652.22509765625,688.5999755859375,716.0,687.0250244140625,714.5,37933222
2020-12-04,656.2033081054688,692.7999877929688,700.7249755859375,686.6500244140625,690.5,26912322
2020-12-07,649.8809204101562,686.125,689.9749755859375,679.0499877929688,687.5,24316318
2020-12-08,651.7988891601562,688.1500244140625,694.4000244140625,682.5750122070312,687.5,19457896
2020-12-09,666.4328002929688,703.5999755859375,705.0250244140625,687.5250244140625,688.5,22069074
2020-12-10,656.3217163085938,692.9249877929688,701.0,687.875,699.0,19727966
2020-12-11,654.877197265625,691.4000244140625,697.5,686.5,695.0250244140625,21356384
2020-12-14,649.83349609375,686.0750122070312,694.0,684.0,691.5,17222050
2020-12-15,658.90283203125,695.6500244140625,697.4749755859375,683.0,690.4000244140625,21561436
2020-12-16,668.0902709960938,705.3499755859375,708.4000244140625,697.25,702.0,16832092
2020-12-17,682.8189086914062,720.9000244140625,722.5,702.25,709.2999877929688,21924478
2020-12-18,668.3981323242188,705.6749877929688,719.8499755859375,703.1500244140625,717.5,22995918
2020-12-21,650.0703125,686.3250122070312,711.9249877929688,683.3499755859375,708.75,23761824
2020-12-22,650.2833862304688,686.5499877929688,692.4000244140625,672.5,692.4000244140625,22851558
2020-12-23,651.4910888671875,687.8250122070312,690.4749755859375,680.5250244140625,683.75,15467394
2020-12-24,661.6495361328125,698.5499877929688,702.0,688.5,694.7000122070312,14952188
2020-12-28,669.1084594726562,706.4249877929688,710.5,702.0,702.5,11699194
2020-12-29,675.904541015625,713.5999755859375,717.375,710.0,710.5250244140625,14495346
2020-12-30,678.4146118164062,716.25,719.9500122070312,706.5,719.9500122070312,16216726
2020-12-31,680.2142333984375,718.1500244140625,722.0,712.5250244140625,717.5,22145750
2021-01-01,674.8863525390625,712.5250244140625,721.5,710.2999877929688,720.0,8810938
2021-01-04,670.6004028320312,708.0,719.0,699.5,719.0,15740192
2021-01-05,675.667724609375,713.3499755859375,715.375,704.5,709.5999755859375,14386824
2021-01-06,672.755126953125,710.2750244140625,720.0,706.5499877929688,717.5,22134050
2021-01-07,670.71875,708.125,716.2999877929688,706.2750244140625,716.25,19894842
2021-01-08,678.0120239257812,715.8250122070312,721.0,711.5499877929688,716.0,13768764
2021-01-11,687.3890380859375,725.7249755859375,732.4500122070312,718.1500244140625,725.0,17331392
2021-01-12,701.3834838867188,740.5,743.8499755859375,724.5499877929688,726.2249755859375,20388156
2021-01-13,696.48193359375,735.3250122070312,748.4500122070312,731.0499877929688,746.4500122070312,16934650
2021-01-14,695.5821533203125,734.375,744.0,728.0,735.5750122070312,12297166
2021-01-15,694.5875854492188,733.3250122070312,735.8250122070312,722.5,734.5499877929688,14165236
2021-01-18,702.3780517578125,741.5499877929688,751.4249877929688,733.5,734.9500122070312,42825632
2021-01-19,712.2050170898438,751.9249877929688,755.8250122070312,733.5,745.9000244140625,17360254
2021-01-20,706.593017578125,746.0,750.5,743.0,750.5,13346052
2021-01-21,698.4473266601562,737.4000244140625,747.1749877929688,734.0750122070312,746.0,26333054
2021-01-22,683.647705078125,721.7750244140625,733.9500122070312,720.0750122070312,733.9500122070312,15392364
2021-01-25,692.787841796875,731.4249877929688,740.5,727.5750122070312,732.5499877929688,20344718
2021-01-27,667.5694580078125,704.7999877929688,735.9500122070312,703.0750122070312,734.0,23556276
2021-01-28,649.5020141601562,685.7249755859375,700.6500244140625,671.0,694.9500122070312,42704446
2021-01-29,658.52392578125,695.25,704.375,682.25,695.6749877929688,28704502
2021-02-01,699.3707885742188,738.375,741.25,700.5,705.125,26370544
2021-02-02,739.0574340820312,780.2750244140625,789.25,748.7000122070312,750.5,42420206
2021-02-03,745.8060913085938,787.4000244140625,790.8499755859375,771.0,789.5,20237254
2021-02-04,747.8424682617188,789.5499877929688,794.0,771.7249755859375,783.0,24484684
2021-02-05,756.6038208007812,798.7999877929688,809.125,774.0,774.0,27054716
2021-02-08,760.226806640625,802.625,815.8250122070312,797.8499755859375,810.0,17447580
2021-02-09,763.3526000976562,805.9249877929688,814.0,793.3499755859375,805.0,18421366
2021-02-10,749.0975341796875,790.875,807.4249877929688,783.5,804.1749877929688,19788006
2021-02-11,744.6458129882812,786.1749877929688,798.9000244140625,782.0999755859375,791.0,13648618
2021-02-12,749.192138671875,790.9749755859375,796.25,786.5,786.9500122070312,9910106
2021-02-15,765.60205078125,808.2999877929688,812.5,798.3499755859375,800.0499877929688,10355244
2021-02-16,770.3616333007812,813.3250122070312,820.5,804.2249755859375,810.5999755859375,13897358
2021-02-17,751.3470458984375,793.25,810.9000244140625,791.5,810.0,12794426
2021-02-18,736.09765625,777.1500244140625,802.9749755859375,774.0,802.9749755859375,14720560
2021-02-19,728.8990478515625,769.5499877929688,782.0999755859375,766.5,772.5,17139508
2021-02-22,733.1138916015625,774.0,786.9500122070312,769.7249755859375,772.5250244140625,29451838
2021-02-23,724.1868896484375,764.5750122070312,778.8499755859375,761.3250122070312,776.875,18239906
2021-02-24,760.795166015625,803.2249755859375,806.9749755859375,758.125,763.25,14314332
2021-02-25,760.7714233398438,803.2000122070312,818.125,801.0,804.875,20109570
2021-02-26,726.673095703125,767.2000122070312,794.4500122070312,760.5,793.5250244140625,27912846
2021-03-01,738.2760620117188,779.4500122070312,786.2750244140625,770.3499755859375,782.0,13536018
2021-03-02,742.680419921875,784.0999755859375,793.75,775.5,787.8499755859375,16110038
2021-03-03,751.5128784179688,793.4249877929688,798.0,782.5,792.0,11222410
2021-03-04,735.031982421875,776.0250244140625,785.5,769.5499877929688,774.2750244140625,16291438
2021-03-05,724.5894165039062,765.0,772.7999877929688,760.5499877929688,765.5,17445822
2021-03-08,719.6166381835938,759.75,777.5,756.25,771.0,15117050
2021-03-09,739.98095703125,781.25,782.8499755859375,769.125,772.5,15066696
2021-03-10,736.7843017578125,777.875,787.5,776.0750122070312,786.0,11055016
2021-03-12,734.984619140625,775.9749755859375,800.0,767.5250244140625,800.0,15631204
2021-03-15,723.949951171875,764.3250122070312,774.2000122070312,757.6500244140625,774.2000122070312,12230386
2021-03-16,716.1358642578125,756.0750122070312,770.2000122070312,755.0,765.4500122070312,13722366
2021-03-17,708.1795654296875,747.6749877929688,769.5,745.0999755859375,762.125,21064428
2021-03-18,706.119384765625,745.5,761.0250244140625,740.5750122070312,755.875,18065540
2021-03-19,709.1978149414062,748.75,755.5999755859375,737.0250244140625,742.5,21235020
2021-03-22,695.7715454101562,734.5750122070312,747.4500122070312,730.2000122070312,747.4500122070312,14015632
2021-03-23,710.4527587890625,750.0750122070312,753.7249755859375,734.5499877929688,735.0,19761428
2021-03-24,700.3416748046875,739.4000244140625,753.2249755859375,735.5,745.4500122070312,16368900
2021-03-25,693.0247802734375,731.6749877929688,747.7750244140625,725.125,745.0999755859375,23964356
2021-03-26,706.261474609375,745.6500244140625,749.5,737.0,747.0,12021258
2021-03-30,735.8133544921875,776.8499755859375,781.2750244140625,750.7750244140625,753.3250122070312,25607644
2021-03-31,707.3744506835938,746.8250122070312,774.0,744.0,774.0,30774506
2021-04-01,704.1066284179688,743.375,749.7000122070312,732.5,749.7000122070312,35763762
2021-04-05,686.5128784179688,724.7999877929688,742.5,715.5,740.0,16006586
2021-04-06,682.0848388671875,720.125,731.3250122070312,716.3250122070312,730.0,15075734
2021-04-07,685.3763427734375,723.5999755859375,728.3499755859375,710.7750244140625,719.6500244140625,25088180
2021-04-08,678.556640625,716.4000244140625,730.4500122070312,715.25,726.5,17613592
2021-04-09,673.323486328125,710.875,716.4000244140625,707.5499877929688,713.0,28157816
2021-04-12,647.418212890625,683.5250244140625,699.5,676.5,696.5,22549128
2021-04-13,663.188720703125,700.1749877929688,703.2249755859375,680.5,684.0,18600682
2021-04-15,677.2779541015625,715.0499877929688,718.3499755859375,695.5,702.5,34444984
2021-04-16,676.5911865234375,714.3250122070312,722.5,711.75,717.4749755859375,15606526
2021-04-19,668.8953857421875,706.2000122070312,708.8499755859375,686.1500244140625,695.0,24069242
2021-04-20,658.9500732421875,695.7000122070312,713.2000122070312,691.9749755859375,712.5,23186270
2021-04-22,673.6787109375,711.25,713.4000244140625,685.5250244140625,690.0,38485312
2021-04-23,669.7241821289062,707.0750122070312,717.2999877929688,700.0999755859375,704.5,22713528
2021-04-26,665.296142578125,702.4000244140625,714.5,701.375,706.5,30170952
2021-04-27,681.350830078125,719.3499755859375,721.0,702.4000244140625,703.625,20592906
2021-04-28,699.39453125,738.4000244140625,739.5,715.5,718.125,24103940
2021-04-29,697.3580322265625,736.25,751.8250122070312,730.5,743.0999755859375,24078552
2021-04-30,668.8480834960938,706.1500244140625,726.9000244140625,703.75,722.5,35232902
2021-05-03,669.8662719726562,707.2249755859375,710.9500122070312,688.6500244140625,696.5,22473700
2021-05-04,657.505615234375,694.1749877929688,711.5,691.6500244140625,704.9749755859375,21486328
2021-05-05,664.2542114257812,701.2999877929688,704.7999877929688,690.8499755859375,700.5,14421612
2021-05-06,663.44921875,700.4500122070312,705.4000244140625,697.5,703.7999877929688,11477044
2021-05-07,670.0083618164062,707.375,712.4749755859375,705.125,706.4749755859375,12048334
2021-05-10,672.4236450195312,709.9249877929688,715.0,706.4000244140625,713.5,11060050
2021-05-11,664.7042846679688,701.7750244140625,712.0999755859375,697.5250244140625,698.0,14519034
2021-05-12,662.7861328125,699.75,704.2999877929688,694.4249877929688,699.875,13774926
2021-05-14,656.7952880859375,693.4249877929688,699.4500122070312,691.1749877929688,697.1749877929688,10604142
2021-05-17,682.0848388671875,720.125,721.2999877929688,690.6500244140625,697.5750122070312,15120692
2021-05-18,699.34716796875,738.3499755859375,741.375,727.5,729.4749755859375,22165280
2021-05-19,690.585693359375,729.0999755859375,739.4249877929688,726.2750244140625,735.0999755859375,10130916
2021-05-20,678.556640625,716.4000244140625,732.9500122070312,714.25,729.1749877929688,10684184
2021-05-21,709.1031494140625,748.6500244140625,750.9500122070312,721.5,721.5,19341646
2021-05-24,715.0939331054688,754.9749755859375,760.2249755859375,749.25,751.625,22146102
2021-05-25,700.41259765625,739.4749755859375,756.875,735.25,755.25,19236974
2021-05-26,699.512939453125,738.5250244140625,743.5,735.0,740.0,12283990
2021-05-27,702.1649780273438,741.3250122070312,744.5,731.2249755859375,736.5499877929688,20439496
2021-05-28,712.0155639648438,751.7249755859375,756.5,739.375,745.4500122070312,17750020
2021-05-31,717.8880615234375,757.9249877929688,759.75,743.75,750.0,15661054
2021-06-01,715.9227294921875,755.8499755859375,763.5,753.625,760.1500244140625,11030162
2021-06-02,712.2760009765625,752.0,755.0999755859375,746.5,755.0,10624016
2021-06-03,720.1139526367188,760.2750244140625,762.4749755859375,743.875,754.0,10287260
2021-06-04,710.8316650390625,750.4749755859375,760.3250122070312,749.5999755859375,758.0,9424476
2021-06-07,710.3106689453125,749.9249877929688,757.0,748.0,755.0,8091668
2021-06-08,702.3544311523438,741.5250244140625,750.6500244140625,740.75,748.2750244140625,9872540
2021-06-09,701.052001953125,740.1500244140625,751.0,736.0250244140625,741.9500122070312,10223442
2021-06-10,701.4073486328125,740.5250244140625,744.5,736.8250122070312,741.0499877929688,11483540
2021-06-11,703.9172973632812,743.1749877929688,748.2750244140625,740.5250244140625,745.5,7205974
2021-06-14,700.6494750976562,739.7249755859375,743.0,731.2750244140625,739.125,8881964
2021-06-15,705.7642211914062,745.125,748.0,737.4000244140625,743.0,7569602
2021-06-16,703.0885009765625,742.2999877929688,747.0,739.0499877929688,744.0,7702098
2021-06-17,694.3270874023438,733.0499877929688,739.375,730.0,733.0,9283802
2021-06-18,700.8153686523438,739.9000244140625,745.0,727.5,734.75,11938060
2021-06-21,705.0302124023438,744.3499755859375,745.9000244140625,729.5,730.6749877929688,7260472
2021-06-22,702.709716796875,741.9000244140625,754.0,740.0,748.5,14366824
2021-06-23,703.5147705078125,742.75,748.9000244140625,739.2999877929688,745.0,7844868
2021-06-24,713.3416137695312,753.125,756.7249755859375,744.0,745.0,14785024
2021-06-25,717.532958984375,757.5499877929688,761.0,753.5,755.5499877929688,10383176
2021-06-28,714.336181640625,754.1749877929688,761.5,752.5,760.0,9356786
2021-06-29,714.4313354492188,751.0250244140625,754.0999755859375,746.0750122070312,753.5,10971692
2021-06-30,712.4574584960938,748.9500122070312,754.5,747.0499877929688,749.0,9679022
2021-07-01,707.154052734375,743.375,751.0,741.5,751.0,16911442
2021-07-02,704.1337280273438,740.2000122070312,744.625,738.5,742.5,14827036
2021-07-05,711.2919921875,747.7249755859375,752.25,742.2750244140625,744.9749755859375,7373882
2021-07-06,729.9609375,767.3499755859375,770.0,748.0,748.5,17669032
2021-07-07,732.2439575195312,769.75,772.6749877929688,763.8499755859375,767.0,9629190
2021-07-08,723.1829833984375,760.2249755859375,768.8499755859375,756.7249755859375,762.5,8420922
2021-07-09,714.4075927734375,751.0,758.0,748.75,756.2750244140625,10695842
2021-07-12,707.27294921875,743.5,751.0,742.0,751.0,14458978
2021-07-13,714.336181640625,750.9249877929688,753.0499877929688,742.0499877929688,748.0499877929688,18178142
2021-07-14,713.052001953125,749.5750122070312,753.6749877929688,745.5499877929688,748.75,9788494
2021-07-15,723.3019409179688,760.3499755859375,763.375,749.8250122070312,752.5,10438802
2021-07-16,724.0867919921875,761.1749877929688,764.9749755859375,759.4000244140625,763.9749755859375,5170628
2021-07-19,699.6627807617188,735.5,744.4249877929688,733.0,743.5,25111600
2021-07-20,686.4161987304688,721.5750122070312,727.0,718.0750122070312,721.0,24174250
2021-07-22,689.0560302734375,724.3499755859375,734.25,722.5,728.0499877929688,13207114
2021-07-23,686.2260131835938,721.375,728.7249755859375,717.6500244140625,725.75,13126684
2021-07-26,682.3258056640625,717.2750244140625,722.0,714.0499877929688,715.0,13167166
2021-07-27,684.799072265625,719.875,724.9500122070312,718.0499877929688,718.0499877929688,22401430
2021-07-28,674.1210327148438,708.6500244140625,719.3499755859375,702.0,717.5250244140625,20670342
2021-07-29,674.5728149414062,709.125,714.9749755859375,706.6500244140625,714.125,13702230
2021-07-30,678.47314453125,713.2249755859375,715.875,703.9749755859375,709.5,11655488
2021-08-02,676.6657104492188,711.3250122070312,717.5,708.125,717.5,13258786
2021-08-03,682.3971557617188,717.3499755859375,719.9500122070312,705.0,705.0,12033120
2021-08-04,696.95166015625,732.6500244140625,737.25,720.0,720.5,22053948
2021-08-05,706.2503662109375,742.4249877929688,753.5250244140625,728.7000122070312,733.5499877929688,18822408
2021-08-06,709.9603881835938,746.3250122070312,750.0,737.0,741.7750244140625,13339270
2021-08-09,715.311279296875,751.9500122070312,753.6749877929688,738.0,746.0,10998048
2021-08-10,717.0949096679688,753.8250122070312,759.875,744.5,744.5,14838346
2021-08-11,711.0542602539062,747.4749755859375,759.4249877929688,745.5250244140625,757.4500122070312,12585786
2021-08-12,714.1221923828125,750.7000122070312,753.7999877929688,744.6500244140625,748.5,8597674
2021-08-13,725.9179077148438,763.0999755859375,765.5,750.5,750.5999755859375,16658428
2021-08-16,728.0107421875,765.2999877929688,767.5,760.7249755859375,763.0750122070312,6252778
2021-08-17,720.42431640625,757.3250122070312,762.0,752.6500244140625,758.5999755859375,8282666
2021-08-18,719.6395874023438,756.5,782.6749877929688,754.1749877929688,778.3499755859375,22985932
2021-08-20,720.471923828125,757.375,759.9000244140625,743.0250244140625,743.0250244140625,13150406
2021-08-23,725.1569213867188,762.2999877929688,766.5750122070312,754.3250122070312,764.9249877929688,10843054
2021-08-24,741.447509765625,779.4249877929688,782.25,763.7249755859375,765.0,18381314
2021-08-25,740.7578735351562,778.7000122070312,782.4000244140625,774.0,776.0499877929688,7727974
2021-08-26,739.521240234375,777.4000244140625,785.5,771.7249755859375,775.0,11119002
2021-08-27,736.5009155273438,774.2249755859375,779.3250122070312,772.625,776.0,6382138
2021-08-30,745.9185180664062,784.125,785.0,775.7999877929688,777.7999877929688,9049166
2021-08-31,752.1731567382812,790.7000122070312,791.6749877929688,781.0999755859375,781.75,12062576
2021-09-01,751.0792236328125,789.5499877929688,799.0,787.25,787.5,12422558
2021-09-02,755.7880249023438,794.5,796.0,785.625,787.0499877929688,9618524
2021-09-03,749.6284790039062,788.0250244140625,799.0,784.1500244140625,793.0499877929688,10735334
2021-09-06,744.70556640625,782.8499755859375,790.4749755859375,780.9749755859375,789.9749755859375,7876896
2021-09-07,746.3942260742188,784.625,791.0,777.5999755859375,781.25,7245496
2021-09-08,749.794921875,788.2000122070312,790.25,782.7999877929688,785.9749755859375,6724080
2021-09-09,746.0849609375,784.2999877929688,789.7249755859375,780.5,787.0,8250948
2021-09-13,739.8779296875,777.7750244140625,792.0,776.8250122070312,781.0,8959164
2021-09-14,736.5485229492188,774.2750244140625,782.25,773.2999877929688,780.0,9758506
2021-09-15,735.7161254882812,773.4000244140625,777.4000244140625,767.5,767.5,14822998
2021-09-16,741.9707641601562,779.9749755859375,782.1500244140625,768.1500244140625,768.875,10260550
2021-09-17,752.5298461914062,791.0750122070312,794.5,779.5999755859375,784.5,20498102
2021-09-20,741.9232177734375,779.9249877929688,790.8499755859375,779.0,782.0,8781610
2021-09-21,738.1655883789062,775.9749755859375,784.3250122070312,764.4749755859375,781.0,14774996
2021-09-22,729.4852294921875,766.8499755859375,775.0750122070312,765.0,774.5,10582202
2021-09-23,746.7509155273438,785.0,786.0,771.0,771.0,13664304
2021-09-24,761.7572631835938,800.7750244140625,803.9749755859375,787.5,789.5,20806702
2021-09-27,772.95849609375,812.5499877929688,817.75,804.0,807.8499755859375,16415462
2021-09-28,768.1783447265625,807.5250244140625,816.0,791.0,816.0,12773790
2021-09-29,758.0948486328125,796.9249877929688,803.2999877929688,792.5750122070312,798.5,16263036
2021-09-30,758.6179809570312,797.4749755859375,803.1749877929688,791.5499877929688,793.0,15975348
2021-10-01,752.7914428710938,791.3499755859375,794.5,782.625,791.5,11128596
2021-10-04,754.2421264648438,792.875,800.6749877929688,791.7999877929688,794.5,7051028
2021-10-05,758.8558349609375,797.7249755859375,798.75,788.125,796.0,10257178
2021-10-06,768.1069946289062,807.4500122070312,813.4249877929688,793.5,798.0,18600830
2021-10-07,766.0142822265625,805.25,813.8499755859375,803.5,813.2999877929688,11265724
2021-10-08,762.280517578125,801.3250122070312,811.0,800.0750122070312,806.0,7245562
2021-10-11,777.0965576171875,816.9000244140625,822.5,799.5,799.9500122070312,13080848
2021-10-12,775.0989379882812,814.7999877929688,820.7750244140625,812.5,812.5,8176946
2021-10-13,779.7601928710938,819.7000122070312,824.0,815.0,818.5,6225644
2021-10-14,802.5907592773438,843.7000122070312,845.0,819.0,819.0,14757288
2021-10-18,794.4573364257812,835.1500244140625,862.5,833.5250244140625,852.5,28856456
2021-10-19,803.2090454101562,844.3499755859375,846.2249755859375,835.5,837.7249755859375,8987540
2021-10-20,796.1458129882812,836.9249877929688,849.375,832.2249755859375,844.5499877929688,10908568
2021-10-21,797.3111572265625,838.1500244140625,840.9749755859375,830.4249877929688,835.9000244140625,9738190
2021-10-22,799.427734375,840.375,854.0,835.375,840.0499877929688,12175554
2021-10-25,788.1314086914062,828.5,845.0,806.9000244140625,845.0,16426766
2021-10-26,786.1099243164062,826.375,836.9249877929688,823.1749877929688,825.0,12090656
2021-10-27,781.3773803710938,821.4000244140625,832.5250244140625,818.6500244140625,826.375,13249642
2021-10-28,757.9759521484375,796.7999877929688,825.0,793.5750122070312,825.0,17797750
2021-10-29,752.8628540039062,791.4249877929688,801.0,780.0,795.0,12406874
2021-11-01,763.5408935546875,802.6500244140625,805.5,791.7750244140625,792.5,8122320
2021-11-02,764.2305908203125,803.375,811.0,800.0250244140625,803.0,13237722
2021-11-03,752.1968994140625,790.7249755859375,804.9500122070312,787.7750244140625,802.5499877929688,10207338
2021-11-04,758.1423950195312,796.9749755859375,798.9249877929688,795.0499877929688,797.5,1096808
2021-11-08,761.138916015625,800.125,802.3499755859375,785.2249755859375,796.0499877929688,18943580
2021-11-09,747.8211059570312,786.125,797.2999877929688,784.5250244140625,797.2999877929688,12695476
2021-11-10,739.7352905273438,777.625,784.5,775.0,784.0,13714126
2021-11-11,736.4295654296875,774.1500244140625,777.4500122070312,767.7999877929688,775.0250244140625,7999404
2021-11-12,738.6650390625,776.5,779.5250244140625,772.5250244140625,775.0,14914092
2021-11-15,740.6864624023438,778.625,785.9249877929688,777.2000122070312,781.0499877929688,9533594
2021-11-16,736.286865234375,774.0,778.5999755859375,770.7999877929688,777.5,8245406
2021-11-17,728.1058959960938,765.4000244140625,772.0,764.25,768.4500122070312,7598878
2021-11-18,732.1964111328125,769.7000122070312,771.75,762.625,763.0250244140625,9152874
2021-11-22,720.7572631835938,757.6749877929688,776.3499755859375,749.5250244140625,773.0,15261272
2021-11-23,720.8524780273438,757.7750244140625,763.9000244140625,748.1749877929688,751.0,11235214
2021-11-24,722.0415649414062,759.0250244140625,768.1749877929688,757.0250244140625,762.0,30802286
2021-11-25,725.799072265625,762.9749755859375,766.6500244140625,753.5,757.4000244140625,10251652
2021-11-26,708.65234375,744.9500122070312,753.3499755859375,742.5,750.0,18624936
2021-11-29,714.05078125,750.625,753.8250122070312,731.0,747.4000244140625,12990996
2021-11-30,710.388427734375,746.7750244140625,764.5,743.2750244140625,747.5,25221542
2021-12-01,715.66796875,752.3250122070312,753.5250244140625,744.5499877929688,747.5,8677634
2021-12-02,725.703857421875,762.875,764.4000244140625,750.0,752.25,11203110
2021-12-03,719.9011840820312,756.7750244140625,767.9749755859375,753.5250244140625,762.9000244140625,8124694
2021-12-06,715.2637329101562,751.9000244140625,759.4000244140625,748.6749877929688,756.5,7029532
2021-12-07,725.6801147460938,762.8499755859375,766.0,754.9500122070312,756.9749755859375,12427534
2021-12-08,739.0455932617188,776.9000244140625,777.5250244140625,767.0,768.0,15295534
2021-12-09,726.22705078125,763.4249877929688,777.3499755859375,761.0,772.5999755859375,11747744
2021-12-10,724.181884765625,761.2750244140625,764.0,754.2249755859375,762.4500122070312,7779384
2021-12-13,718.7596435546875,755.5750122070312,768.8250122070312,753.5999755859375,763.0,10322142
2021-12-14,714.62158203125,751.2249755859375,758.0,748.5250244140625,751.25,9191100
2021-12-15,713.456298828125,750.0,761.6749877929688,747.8250122070312,751.5,10115148
2021-12-16,713.5038452148438,750.0499877929688,758.5,747.0,756.4000244140625,13210432
2021-12-17,700.6378173828125,736.5250244140625,753.0,733.8499755859375,748.5,14994768
2021-12-20,678.0926513671875,712.8250122070312,729.0,707.0499877929688,726.0,21156668
2021-12-21,685.7742309570312,720.9000244140625,725.375,715.0,719.75,9118750
2021-12-22,687.391357421875,722.5999755859375,728.0,717.8499755859375,726.1500244140625,8577484
2021-12-23,686.8681030273438,722.0499877929688,728.9000244140625,718.4249877929688,726.625,9779166
2021-12-24,684.3948364257812,719.4500122070312,726.0,714.0,722.75,5561024
2021-12-27,690.0548706054688,725.4000244140625,727.0,711.0750122070312,714.4500122070312,4705098
2021-12-28,694.8113403320312,730.4000244140625,733.4500122070312,726.7000122070312,730.3499755859375,5450678
2021-12-29,691.505615234375,726.9249877929688,730.5,723.7000122070312,728.0250244140625,7668702
2021-12-30,695.1441650390625,730.75,733.4249877929688,722.5,729.25,7215918
2021-12-31,703.6581420898438,739.7000122070312,742.4000244140625,730.75,730.75,6325736
2022-01-03,722.8025512695312,759.8250122070312,761.5,740.25,742.5,9069184
2022-01-04,727.0357666015625,764.2750244140625,766.4500122070312,753.9000244140625,760.0,8857352
2022-01-05,744.3013305664062,782.4249877929688,786.0,764.0499877929688,768.4000244140625,14332638
2022-01-06,732.36279296875,769.875,777.375,765.0250244140625,771.5,9628930
2022-01-07,737.499755859375,775.2750244140625,783.375,767.9500122070312,772.0,11179384
2022-01-10,741.5902099609375,779.5750122070312,786.0,772.75,779.0,8856496
2022-01-11,744.80078125,782.9500122070312,784.3499755859375,773.9000244140625,780.7750244140625,8389198
2022-01-12,740.401123046875,778.3250122070312,788.3250122070312,776.0,784.0,21085530
2022-01-13,726.7741088867188,764.0,777.5,760.2000122070312,777.5,41963896
2022-01-14,734.9312744140625,772.5750122070312,774.3499755859375,759.5,765.0,11208968
2022-01-17,723.6824951171875,760.75,778.0,759.5750122070312,765.0,22989372
2022-01-18,727.36865234375,764.625,775.4500122070312,761.5,766.5,12341152
2022-01-19,722.2317504882812,759.2249755859375,769.875,756.6749877929688,767.0,14317626
2022-01-20,717.7369995117188,754.5,764.25,750.0499877929688,764.2249755859375,15197846
2022-01-21,723.72998046875,760.7999877929688,764.9000244140625,742.7999877929688,750.0,11537694
2022-01-24,707.1065673828125,743.3250122070312,760.625,733.7750244140625,754.9749755859375,11868508
2022-01-25,707.7723999023438,744.0250244140625,747.5,722.0,729.3250122070312,13594248
2022-01-27,701.54150390625,737.4749755859375,742.5,717.5,725.0,28617838
2022-01-28,695.9765625,731.625,743.3499755859375,730.0,738.75,24925208
2022-01-31,706.6547241210938,742.8499755859375,745.7750244140625,733.4000244140625,736.375,12842546
2022-02-01,712.0293579101562,748.5,758.5,736.7249755859375,754.25,14739484
2022-02-02,728.296142578125,765.5999755859375,767.5,752.7999877929688,755.9749755859375,13969290
2022-02-03,720.7572631835938,757.6749877929688,769.9749755859375,754.5,764.375,10564762
2022-02-04,724.87158203125,762.0,766.4249877929688,757.0499877929688,764.2000122070312,11579958
2022-02-07,698.3071899414062,734.0750122070312,759.5,730.0,756.0499877929688,12268042
2022-02-08,695.3106079101562,730.9249877929688,739.2249755859375,722.2750244140625,738.2000122070312,13981130
2022-02-09,712.3147583007812,748.7999877929688,749.8499755859375,733.5,737.0,11308342
2022-02-10,725.394775390625,762.5499877929688,767.75,750.8250122070312,757.0,14314530
2022-02-11,722.4220581054688,759.4249877929688,762.5,749.75,750.125,10711104
2022-02-14,700.9469604492188,736.8499755859375,749.7249755859375,734.6500244140625,745.0,14656620
2022-02-15,721.9226684570312,758.9000244140625,762.4500122070312,736.5250244140625,738.0,13135066
2022-02-16,720.9475708007812,757.875,767.375,753.5,767.1749877929688,10032264
2022-02-17,716.5478515625,753.25,761.0,751.0,756.5499877929688,7351208
2022-02-18,719.3303833007812,756.1749877929688,758.5,745.2249755859375,749.1500244140625,7796128
2022-02-21,723.9678955078125,761.0499877929688,765.3499755859375,747.7750244140625,752.0,7468066
2022-02-22,718.5455322265625,755.3499755859375,761.0499877929688,743.9749755859375,744.9000244140625,9536196
2022-02-23,713.8843383789062,750.4500122070312,762.8499755859375,747.8250122070312,762.5499877929688,9029562
2022-02-24,675.1199340820312,709.7000122070312,737.4749755859375,703.5750122070312,724.9500122070312,23630766
2022-02-25,692.5757446289062,728.0499877929688,732.9500122070312,716.4249877929688,719.9749755859375,18318654
2022-02-28,678.3780517578125,713.125,719.2750244140625,707.0250244140625,713.0,24880832
2022-03-02,653.6448364257812,687.125,699.2000122070312,677.2000122070312,693.25,38505560
2022-03-03,652.0989990234375,685.5,696.0,681.4500122070312,690.5,17527922
2022-03-04,649.9586181640625,683.25,693.0,668.4500122070312,680.0,21219364
2022-03-07,630.1246337890625,662.4000244140625,666.1749877929688,648.5250244140625,659.25,27054458
2022-03-08,631.5515747070312,663.9000244140625,667.0,646.0,651.0999755859375,39212492
2022-03-09,652.17041015625,685.5750122070312,687.3499755859375,659.4249877929688,665.0,23134694
2022-03-10,662.4203491210938,696.3499755859375,713.5,690.125,713.5,22273206
2022-03-11,664.3704833984375,698.4000244140625,704.4749755859375,686.3499755859375,694.0,15150780
2022-03-14,686.1309204101562,721.2750244140625,725.0,707.5,707.5,25018126
2022-03-15,677.3078002929688,712.0,724.75,705.875,721.75,18867928
2022-03-16,688.79443359375,724.0750122070312,727.5,718.0999755859375,723.5,13364108
2022-03-17,703.96728515625,740.0250244140625,744.9000244140625,735.2750244140625,736.0,14823954
2022-03-21,707.0350952148438,743.25,746.8250122070312,736.4000244140625,743.5,12257876
2022-03-22,710.6737060546875,747.0750122070312,749.0,728.5999755859375,740.6500244140625,10461814
2022-03-23,703.5867919921875,739.625,759.4000244140625,736.7999877929688,753.5,31188256
2022-03-24,686.178466796875,721.3250122070312,734.8250122070312,717.2750244140625,733.0,20160044
2022-03-25,680.5896606445312,715.4500122070312,726.0,709.5,725.5,16366462
2022-03-28,681.4934692382812,716.4000244140625,719.0,700.7999877929688,715.4500122070312,15754886
2022-03-29,690.530517578125,725.9000244140625,730.125,715.0,720.5,12377448
2022-03-30,702.4928588867188,738.4749755859375,741.375,727.0250244140625,736.0,20109742
2022-03-31,699.3535766601562,735.1749877929688,742.3499755859375,732.9500122070312,735.5,14295714
2022-04-01,716.31005859375,753.0,755.0,735.1500244140625,738.2000122070312,14568556
2022-04-04,788.0363159179688,828.4000244140625,861.0499877929688,781.2750244140625,790.0,97450970
2022-04-05,764.9439697265625,804.125,833.3499755859375,801.0,833.3499755859375,30922582
2022-04-06,737.6423950195312,775.4249877929688,794.9000244140625,773.6749877929688,793.8499755859375,27027860
2022-04-07,721.4232177734375,758.375,770.6749877929688,756.8499755859375,770.6500244140625,40781732
2022-04-08,720.42431640625,757.3250122070312,762.875,748.6500244140625,756.0499877929688,41256322
2022-04-11,711.6251220703125,748.0750122070312,755.0,746.625,753.0,20799066
2022-04-12,710.3646240234375,746.75,753.4249877929688,740.0750122070312,742.0,27435402
2022-04-13,696.78515625,732.4749755859375,751.1500244140625,731.3250122070312,745.0,28892520
2022-04-18,663.7283325195312,697.7249755859375,715.8250122070312,695.0250244140625,709.4249877929688,45620376
2022-04-19,638.400634765625,671.0999755859375,694.7750244140625,663.5,690.4500122070312,74096022
2022-04-20,644.1559448242188,677.1500244140625,679.9500122070312,667.6749877929688,677.2249755859375,49325736
2022-04-21,653.6923217773438,687.1749877929688,689.9000244140625,676.6500244140625,682.5,52446270
2022-04-22,644.7742309570312,677.7999877929688,687.6749877929688,674.5750122070312,680.0,20659148
2022-04-25,649.6019287109375,682.875,685.3250122070312,661.125,675.0,20935488
2022-04-26,652.598388671875,686.0250244140625,690.9749755859375,678.5750122070312,686.0,17016842
2022-04-27,652.8363037109375,686.2750244140625,689.5,678.0499877929688,680.0,18054334
2022-04-28,652.2655029296875,685.6749877929688,689.5,681.0499877929688,686.0,20773722
2022-04-29,658.5676879882812,692.2999877929688,702.375,685.7750244140625,690.1749877929688,28401476
2022-05-02,667.6524047851562,701.8499755859375,703.2249755859375,681.0250244140625,681.0250244140625,19494316
2022-05-04,644.9644775390625,678.0,701.7999877929688,675.0,700.0,29055916
2022-05-05,643.5137329101562,676.4749755859375,687.5,673.25,687.5,17862912
2022-05-06,626.699951171875,658.7999877929688,667.5,656.5,665.0,26731268
2022-05-09,627.7700805664062,659.9249877929688,663.25,647.75,650.0,32762434
2022-05-10,637.8536987304688,670.5250244140625,676.5,657.5250244140625,657.5250244140625,20113812
2022-05-11,641.4447021484375,674.2999877929688,677.5,664.3250122070312,676.5,17102924
2022-05-12,626.9856567382812,651.5250244140625,663.4000244140625,646.5,660.5499877929688,22382290
2022-05-13,621.3558959960938,645.6749877929688,659.0,643.5,655.0250244140625,16768238
2022-05-16,627.9719848632812,652.5499877929688,656.0,642.6500244140625,649.5,9804356
2022-05-17,632.2544555664062,657.0,658.5,649.0999755859375,656.2999877929688,16641444
2022-05-18,632.2063598632812,656.9500122070312,666.6500244140625,655.0,662.0250244140625,15732384
2022-05-19,619.2869873046875,643.5250244140625,648.2000122070312,639.1500244140625,643.0999755859375,20537506
2022-05-20,635.5984497070312,660.4749755859375,662.0999755859375,646.1749877929688,651.5,13919350
2022-05-23,627.4427490234375,652.0,664.9749755859375,649.5499877929688,657.0,19486320
2022-05-24,634.63623046875,659.4749755859375,662.5,648.4500122070312,650.0,12870796
2022-05-25,639.375732421875,664.4000244140625,667.9749755859375,661.5999755859375,665.0,12887112
2022-05-26,657.6118774414062,683.3499755859375,685.5,670.0,671.0750122070312,26992428
2022-05-27,669.8095092773438,696.0250244140625,697.3499755859375,685.375,685.9000244140625,24031718
2022-05-30,674.3807373046875,700.7750244140625,710.25,699.2249755859375,705.125,12624674
2022-05-31,668.3179931640625,694.4749755859375,702.4000244140625,690.0,697.9500122070312,13485388
2022-06-01,671.1568603515625,697.4249877929688,700.2249755859375,689.5750122070312,690.0,12091896
2022-06-02,666.4654541015625,692.5499877929688,694.0,689.2999877929688,693.625,11475020
2022-06-03,664.1558837890625,690.1500244140625,700.375,688.1500244140625,699.1500244140625,6957244
2022-06-06,663.2656860351562,689.2249755859375,693.5,680.3250122070312,688.1500244140625,6173266
2022-06-07,655.6392211914062,681.2999877929688,687.1500244140625,677.0499877929688,681.0,10253966
2022-06-08,657.9487915039062,683.7000122070312,690.5,678.5,686.6500244140625,5986588
2022-06-09,662.9048461914062,688.8499755859375,691.0250244140625,678.5750122070312,681.125,7311816
2022-06-10,650.1057739257812,675.5499877929688,683.9749755859375,671.7999877929688,680.0499877929688,9155430
2022-06-13,638.3171997070312,663.2999877929688,665.0,654.1500244140625,661.7999877929688,10892572
2022-06-14,631.2921142578125,656.0,663.0,652.5,655.625,11870356
2022-06-15,629.102783203125,653.7249755859375,657.9000244140625,649.2000122070312,650.8250122070312,11810470
2022-06-16,616.520263671875,640.6500244140625,660.2750244140625,639.0,655.0,12169192
2022-06-17,620.5861206054688,644.875,649.5,635.7999877929688,637.5,14723922
2022-06-20,636.1759033203125,661.0750122070312,662.5,647.0750122070312,652.3499755859375,15936840
2022-06-21,643.1047973632812,668.2750244140625,677.0,662.0250244140625,668.4500122070312,13220684
2022-06-22,640.0734252929688,665.125,668.4749755859375,661.5999755859375,666.125,8159698
2022-06-23,642.43115234375,667.5750122070312,674.0,659.25,665.25,15372244
2022-06-24,651.4049682617188,676.9000244140625,680.8250122070312,669.2750244140625,669.2750244140625,8013432
2022-06-27,652.5838012695312,678.125,688.0,676.0,685.0,9804164
2022-06-28,647.6036987304688,672.9500122070312,675.5,669.2000122070312,672.0,9770574
2022-06-29,646.6654052734375,671.9749755859375,675.375,665.625,665.625,9994046
2022-06-30,648.6141357421875,674.0,677.0,668.0,668.0,12475822
2022-07-01,651.380859375,676.875,680.0,665.0250244140625,671.9749755859375,11472452
2022-07-04,652.2951049804688,677.8250122070312,680.0999755859375,671.125,676.8499755859375,8487480
2022-07-05,650.8275146484375,676.2999877929688,689.6749877929688,674.1500244140625,682.0,14325718
2022-07-06,659.8013305664062,685.625,686.7000122070312,673.5499877929688,674.0,15049078
2022-07-07,671.6139526367188,697.9000244140625,699.0,687.2249755859375,690.0,17743142
2022-07-08,672.2394409179688,698.5499877929688,705.0,697.375,705.0,12474030
2022-07-11,676.5940551757812,703.0750122070312,704.9500122070312,696.625,697.0,7462880
2022-07-12,669.6893310546875,695.9000244140625,702.625,694.7000122070312,702.625,9876974
2022-07-13,653.3535766601562,678.9249877929688,697.0999755859375,677.125,695.0,15945610
2022-07-14,650.0817260742188,675.5250244140625,686.3250122070312,674.625,681.0,10372410
2022-07-15,655.3746337890625,681.0250244140625,682.4500122070312,673.4000244140625,676.5,13595646
2022-07-18,648.3976440429688,673.7750244140625,683.0499877929688,671.0250244140625,674.0,20332220
2022-07-19,648.63818359375,674.0250244140625,679.2750244140625,668.5,668.5,15792538
2022-07-20,656.8179931640625,682.5250244140625,685.5499877929688,677.625,679.9500122070312,20347862
2022-07-21,654.7490234375,680.375,684.75,679.0499877929688,680.2750244140625,12640278
2022-07-22,670.0260620117188,696.25,698.5,681.2000122070312,683.0,12729592
2022-07-25,671.9989013671875,698.2999877929688,702.2999877929688,691.6500244140625,697.5,10143126
2022-07-26,670.6276245117188,696.875,701.0,693.1500244140625,698.0,8527964
2022-07-27,675.7520141601562,702.2000122070312,703.0,692.125,694.4500122070312,9212778
2022-07-28,681.7424926757812,708.4249877929688,712.0,705.5,707.5250244140625,17420406
2022-07-29,690.0907592773438,717.0999755859375,719.2999877929688,707.6500244140625,719.0,20019736
2022-08-01,695.8407592773438,723.0750122070312,724.2249755859375,715.0250244140625,719.5,13193036
2022-08-02,688.1901245117188,715.125,722.2999877929688,711.5250244140625,721.0,15036510
2022-08-03,689.8021240234375,716.7999877929688,717.875,708.5,712.4749755859375,10975498
2022-08-04,688.984130859375,715.9500122070312,723.3499755859375,706.4749755859375,720.0,12012206
2022-08-05,686.6505126953125,713.5250244140625,718.4749755859375,710.5750122070312,716.5,9268982
2022-08-08,703.4913330078125,731.0250244140625,732.25,713.5499877929688,714.0,15357736
2022-08-10,705.5363159179688,733.1500244140625,735.75,724.5250244140625,730.6749877929688,17353102
2022-08-11,714.8709716796875,742.8499755859375,745.5,737.2750244140625,743.25,18301766
2022-08-12,714.6063842773438,742.5750122070312,744.6500244140625,737.9749755859375,742.5,8850370
2022-08-16,722.7861938476562,751.0750122070312,754.25,744.0250244140625,747.4000244140625,12563756
2022-08-17,726.5151977539062,754.9500122070312,756.375,742.875,750.0,12384350
2022-08-18,727.3812866210938,755.8499755859375,756.9500122070312,749.8250122070312,750.0,8342138
2022-08-19,718.407470703125,746.5250244140625,756.0,745.0,755.0,8063702
2022-08-22,707.4850463867188,735.1749877929688,744.1749877929688,733.8499755859375,742.4000244140625,8234066
2022-08-23,705.2957153320312,732.9000244140625,737.9749755859375,725.2000122070312,726.6500244140625,14966884
2022-08-24,708.6879272460938,736.4249877929688,737.75,729.5999755859375,730.9500122070312,13455520
2022-08-25,704.838623046875,732.4249877929688,743.4000244140625,728.5,739.9500122070312,11823040
2022-08-26,704.9588623046875,732.5499877929688,740.9000244140625,730.5999755859375,736.0250244140625,7706176
2022-08-29,692.5929565429688,719.7000122070312,723.0,714.2999877929688,718.5,8653178
2022-08-30,715.0634155273438,743.0499877929688,744.9749755859375,721.5499877929688,723.2249755859375,10135400
2022-09-01,708.3511352539062,736.0750122070312,744.7249755859375,729.5,732.375,22403136
2022-09-02,714.774658203125,742.75,745.25,732.5999755859375,736.0750122070312,12038086
2022-09-05,719.369873046875,747.5250244140625,749.5,742.0499877929688,743.0499877929688,12131932
2022-09-06,716.627197265625,744.6749877929688,753.3250122070312,743.2249755859375,749.4500122070312,12238696
2022-09-07,713.2349853515625,741.1500244140625,745.0,735.6500244140625,735.6500244140625,9776206
2022-09-08,720.5968627929688,748.7999877929688,750.0,741.0750122070312,745.0499877929688,11164690
2022-09-09,721.0780029296875,749.2999877929688,754.5,747.0250244140625,748.0999755859375,15128888
2022-09-12,718.6481323242188,746.7750244140625,752.0,745.0,750.0,11080492
2022-09-13,728.054931640625,756.5499877929688,757.9500122070312,749.2750244140625,749.4500122070312,13001966
2022-09-14,735.537109375,764.3250122070312,769.4500122070312,746.1749877929688,747.0250244140625,20219760
2022-09-15,731.7117919921875,760.3499755859375,770.4749755859375,756.0,765.0,13539372
2022-09-16,718.26318359375,746.375,757.3499755859375,741.5,751.5499877929688,20560046
2022-09-19,723.002685546875,751.2999877929688,757.0,740.0,744.5,12076038
2022-09-20,731.7117919921875,760.3499755859375,762.0,754.9500122070312,757.0,10781668
2022-09-21,730.5810546875,759.1749877929688,760.75,752.5,754.0,9072304
2022-09-22,715.0153198242188,743.0,755.0750122070312,741.375,751.0,12048144
2022-09-23,695.8407592773438,723.0750122070312,737.5,718.5,736.1749877929688,15806252
2022-09-26,686.4579467773438,713.3250122070312,718.2249755859375,709.0,712.6749877929688,8923486
2022-09-27,680.299072265625,706.9249877929688,720.0,703.5,716.2000122070312,12639700
2022-09-28,668.6066284179688,694.7750244140625,705.2999877929688,692.9500122070312,703.0,11816132
2022-09-29,665.1422119140625,691.1749877929688,701.0999755859375,689.4000244140625,698.1500244140625,14410388
2022-09-30,683.9078369140625,710.6749877929688,715.7249755859375,682.5,689.4000244140625,15781756
2022-10-03,679.9862670898438,706.5999755859375,708.9249877929688,700.5499877929688,704.9749755859375,11541112
2022-10-04,699.13671875,726.5,729.0,713.0750122070312,714.75,11538526
2022-10-06,691.4381103515625,718.5,731.2999877929688,717.0999755859375,729.9749755859375,12549198
2022-10-07,688.4547729492188,715.4000244140625,717.4749755859375,710.1749877929688,715.125,13297994
2022-10-10,680.8524169921875,707.5,713.0,699.0999755859375,704.0,13109302
2022-10-11,673.9476318359375,700.3250122070312,708.5,699.7249755859375,700.5499877929688,14521620
2022-10-12,678.350341796875,704.9000244140625,707.4249877929688,698.6500244140625,701.5999755859375,9225050
2022-10-13,670.5553588867188,696.7999877929688,703.125,692.0,701.0250244140625,14714234
2022-10-14,692.400390625,719.5,723.5,707.625,708.5,12849920
2022-10-17,696.033203125,723.2750244140625,728.7999877929688,713.5,717.5,18410500
2022-10-18,694.7340087890625,721.9249877929688,731.4500122070312,720.0,729.0250244140625,10561108
2022-10-19,701.8553466796875,729.3250122070312,738.7000122070312,726.7000122070312,732.0,12967040
2022-10-20,697.1159057617188,724.4000244140625,726.4500122070312,721.25,722.0,7898078
2022-10-21,692.2079467773438,719.2999877929688,728.8250122070312,717.0,726.0,10492606
2022-10-24,703.0101318359375,730.5250244140625,731.5,727.1500244140625,727.1500244140625,2167794
2022-10-25,698.1262817382812,725.4500122070312,733.9000244140625,722.5,730.5499877929688,13773394
2022-10-27,699.8104248046875,727.2000122070312,733.6749877929688,725.625,732.25,15937276
2022-10-28,701.87939453125,729.3499755859375,733.5,723.7000122070312,725.0,10474278
2022-10-31,720.1637573242188,748.3499755859375,749.0,733.625,736.0,12830528
2022-11-01,728.1270751953125,756.625,764.5,749.4500122070312,751.75,19073756
2022-11-02,728.5841674804688,757.0999755859375,764.125,755.7999877929688,758.5,12720406
2022-11-03,725.3844604492188,753.7750244140625,760.125,748.5,748.8499755859375,10332352
2022-11-04,720.38037109375,748.5750122070312,758.0499877929688,744.7999877929688,751.5999755859375,10818060
2022-11-07,725.9859008789062,754.4000244140625,756.0,746.0499877929688,755.0,9835834
2022-11-09,725.7693481445312,754.1749877929688,758.9749755859375,752.0,757.5250244140625,9269790
2022-11-10,733.6605224609375,762.375,763.5,747.5250244140625,748.5499877929688,12774182
2022-11-11,775.2334594726562,805.5750122070312,818.5,769.0,772.5,56722338
2022-11-14,777.1099853515625,807.5250244140625,814.0,799.0,806.0,19195390
2022-11-15,779.0106201171875,809.5,811.5750122070312,802.625,811.5750122070312,11030202
2022-11-16,785.6988525390625,816.4500122070312,821.0,806.0,809.3250122070312,13578150
2022-11-17,778.6016845703125,809.0750122070312,815.7750244140625,806.9500122070312,809.0499877929688,12100930
2022-11-18,776.5567016601562,806.9500122070312,811.5,802.625,810.5,10459232
2022-11-21,768.59326171875,798.6749877929688,806.0,795.0999755859375,803.8250122070312,8344816
2022-11-22,767.4625244140625,797.5,802.1749877929688,795.5,800.0,8546314
2022-11-23,769.45947265625,799.5750122070312,802.5,797.0,802.5,10185738
2022-11-24,781.9698486328125,812.5750122070312,816.0,799.5750122070312,802.9749755859375,17197960
2022-11-25,778.3610229492188,808.8250122070312,815.8499755859375,807.0499877929688,814.8499755859375,8410496
2022-11-28,769.9887084960938,800.125,803.7249755859375,797.0250244140625,801.4500122070312,16105980
2022-11-29,768.8339233398438,798.9249877929688,806.1749877929688,796.4249877929688,798.625,12638236
2022-11-30,773.9342651367188,804.2249755859375,806.4500122070312,798.5499877929688,798.5499877929688,15184806
2022-12-01,779.2511596679688,809.75,818.5,807.5,811.0,20446366
2022-12-02,773.2847290039062,803.5499877929688,809.2999877929688,802.5750122070312,805.0,7811078
2022-12-05,776.0994873046875,806.4749755859375,807.2999877929688,798.0999755859375,804.9749755859375,11592622
2022-12-06,775.2334594726562,805.5750122070312,806.8499755859375,800.0,800.5,12353092
2022-12-07,774.8966064453125,805.2249755859375,809.2999877929688,802.2249755859375,807.0750122070312,11674720
2022-12-08,779.2511596679688,809.75,813.0,802.5,805.0,14803634
2022-12-09,784.8087158203125,815.5250244140625,817.4249877929688,810.0,813.0,11963384
2022-12-12,790.9194946289062,821.875,826.7999877929688,810.7000122070312,812.5,14434808
2022-12-13,793.1088256835938,824.1500244140625,828.5,822.5,825.0,17031702
2022-12-14,799.8211669921875,831.125,832.75,825.0,826.5,14227640
2022-12-15,785.1695556640625,815.9000244140625,834.7000122070312,813.5250244140625,828.5250244140625,18182648
2022-12-16,788.9467163085938,819.8250122070312,822.5499877929688,804.5,810.0250244140625,14647958
2022-12-19,791.4006958007812,822.375,823.3250122070312,813.0999755859375,822.0,9604542
2022-12-20,785.9393920898438,816.7000122070312,818.2000122070312,810.0999755859375,810.0999755859375,7174698
2022-12-21,778.3369750976562,808.7999877929688,822.4000244140625,803.2750244140625,820.5,9269198
2022-12-22,775.6665649414062,806.0250244140625,813.75,804.5,811.0999755859375,9747096
2022-12-23,768.7376708984375,798.8250122070312,802.0750122070312,792.7249755859375,793.5,10693152
2022-12-26,784.0387573242188,814.7249755859375,819.5,795.0,799.75,9907322
2022-12-27,784.832763671875,815.5499877929688,817.9749755859375,806.75,816.5,7926772
2022-12-28,784.2072143554688,814.9000244140625,816.5,811.5499877929688,811.5499877929688,8691870
2022-12-29,789.7406616210938,820.6500244140625,821.75,805.5,810.0499877929688,11012896
2022-12-30,783.4132080078125,814.0750122070312,822.5,810.0,822.5,7122640
2023-01-02,783.6778564453125,814.3499755859375,819.875,809.2750244140625,813.5,4381378
2023-01-03,788.8023681640625,819.6749877929688,821.5,811.0999755859375,811.0999755859375,8378030
2023-01-04,774.7041625976562,805.0250244140625,822.875,803.5,817.5,10351600
2023-01-05,769.72412109375,799.8499755859375,809.0250244140625,794.7000122070312,807.5,10941436
2023-01-06,767.1738891601562,797.2000122070312,804.5499877929688,789.0999755859375,801.0,9092462
2023-01-09,768.6654663085938,798.75,805.7750244140625,795.0,798.0,10729340
2023-01-10,754.6154174804688,784.1500244140625,800.0,782.5,800.0,16371766
2023-01-11,765.48974609375,795.4500122070312,799.0,780.0,783.9749755859375,15195798
2023-01-12,769.5797119140625,799.7000122070312,801.9500122070312,792.0750122070312,793.9000244140625,9250070
2023-01-13,770.1812133789062,800.3250122070312,804.9500122070312,793.0,799.375,9244546
2023-01-16,762.7952880859375,792.6500244140625,810.6500244140625,790.1500244140625,807.5,14748094
2023-01-17,774.1507568359375,804.4500122070312,805.5,788.75,794.9000244140625,10786354
2023-01-18,787.8159790039062,818.6500244140625,820.7999877929688,799.8499755859375,802.5,19090642
2023-01-19,791.087890625,822.0499877929688,825.0,816.5,818.5,11172162
2023-01-20,799.195556640625,830.4749755859375,834.5,821.7000122070312,822.0499877929688,18843404
2023-01-23,805.0418090820312,836.5499877929688,841.2999877929688,830.7000122070312,833.125,15444400
2023-01-24,815.8199462890625,847.75,851.2000122070312,837.5,837.5250244140625,24983940
2023-01-25,793.2772216796875,824.3250122070312,846.4749755859375,822.6500244140625,845.7000122070312,14704142
2023-01-27,777.4708251953125,807.9000244140625,818.5,794.9749755859375,816.0,35179948
2023-01-30,776.6768798828125,807.0750122070312,812.6500244140625,791.0,797.5,18512822
2023-01-31,771.552490234375,801.75,811.3499755859375,797.5,809.8499755859375,18596244
2023-02-01,783.1246337890625,813.7750244140625,832.5,803.0,812.0,17302790
2023-02-02,771.4802856445312,801.6749877929688,812.25,794.375,804.0499877929688,17497106
2023-02-03,798.1610107421875,829.4000244140625,830.25,803.5,805.5,14411100
2023-02-06,794.7688598632812,825.875,834.7000122070312,823.0999755859375,830.0,11167672
2023-02-07,795.9476318359375,827.0999755859375,832.4500122070312,816.2999877929688,829.7000122070312,10264588
2023-02-08,795.8513793945312,827.0,834.0999755859375,825.0,827.125,8444826
2023-02-09,794.1914672851562,825.2750244140625,830.8250122070312,817.7750244140625,830.0,11777336
2023-02-10,797.3430786132812,828.5499877929688,829.25,821.0999755859375,824.4000244140625,8172116
2023-02-13,797.9445190429688,829.1749877929688,830.875,822.2750244140625,827.5,5736944
2023-02-14,805.3303833007812,836.8499755859375,838.75,828.9749755859375,832.5,10908592
2023-02-15,803.6945190429688,835.1500244140625,839.0,828.375,839.0,11438712
2023-02-16,800.7835083007812,832.125,840.9500122070312,830.5,836.5999755859375,8062500
2023-02-17,796.7657470703125,827.9500122070312,834.0750122070312,821.4749755859375,830.5,8956270
2023-02-20,789.283447265625,820.1749877929688,834.7249755859375,817.4000244140625,830.0,8086706
2023-02-21,792.24267578125,823.25,831.1749877929688,817.0,820.0,12389296
2023-02-22,776.7009887695312,807.0999755859375,820.9749755859375,804.5250244140625,819.5,10359102
2023-02-23,771.4321899414062,801.625,809.4249877929688,796.0499877929688,806.5,27882010
2023-02-24,764.5514526367188,794.4749755859375,808.9500122070312,792.5999755859375,808.9500122070312,17061740
2023-02-27,766.4521484375,796.4500122070312,799.5,788.6500244140625,792.9500122070312,14312972
2023-02-28,769.6759643554688,799.7999877929688,802.6500244140625,794.3499755859375,796.0,18993992
2023-03-01,768.9302368164062,799.0250244140625,806.5,797.875,806.0,14137256
2023-03-02,762.3861694335938,792.2249755859375,802.9749755859375,791.0,797.0,17391814
2023-03-03,777.5189208984375,807.9500122070312,810.0,794.0,798.0,14986234
2023-03-06,783.0042724609375,813.6500244140625,819.7249755859375,809.0250244140625,810.0,27004710
2023-03-08,784.568115234375,815.2750244140625,819.75,810.0,810.0,20099774
2023-03-09,784.6402587890625,815.3499755859375,822.9749755859375,813.5,814.9749755859375,20700166
2023-03-10,764.4072265625,794.3250122070312,806.875,792.5,805.2249755859375,27387000
2023-03-13,754.7357177734375,784.2750244140625,801.9000244140625,782.4749755859375,793.9500122070312,26443550
2023-03-14,752.7147216796875,782.1749877929688,791.7999877929688,779.6500244140625,785.125,33185612
2023-03-15,741.91259765625,770.9500122070312,791.4500122070312,768.2999877929688,789.0,37264754
2023-03-16,746.7241821289062,775.9500122070312,779.5499877929688,766.0250244140625,769.5,21753342
2023-03-17,756.70849609375,786.3250122070312,789.5999755859375,770.0,778.75,22950876
2023-03-20,751.4636840820312,780.875,784.0499877929688,772.7000122070312,783.9749755859375,26503114
2023-03-21,759.9804077148438,789.7249755859375,791.25,778.0999755859375,785.9749755859375,33050494
2023-03-22,758.2241821289062,787.9000244140625,793.0250244140625,782.6500244140625,792.0,14177324
2023-03-23,752.1373901367188,781.5750122070312,795.1749877929688,779.2750244140625,783.875,28364178
2023-03-24,750.9344482421875,780.3250122070312,786.9500122070312,777.4749755859375,780.0,31477748
2023-03-27,754.2063598632812,783.7249755859375,789.7249755859375,779.4500122070312,781.0999755859375,31872006
2023-03-28,760.3412475585938,790.0999755859375,791.4500122070312,782.0499877929688,782.8499755859375,39276302
2023-03-29,763.9981689453125,793.9000244140625,801.0,790.9500122070312,792.0,39763612
2023-03-31,774.4635009765625,804.7750244140625,806.4749755859375,796.2000122070312,797.7999877929688,34711228
2023-04-03,774.9447631835938,805.2750244140625,807.8499755859375,801.375,803.7750244140625,40025398
2023-04-05,795.7311401367188,826.875,828.0,808.0,809.2999877929688,43365392
2023-04-06,801.7938232421875,833.1749877929688,834.5999755859375,823.5499877929688,824.2750244140625,44637344
2023-04-10,797.99267578125,829.2249755859375,835.5,827.0,831.625,31813286
2023-04-11,800.3263549804688,831.6500244140625,834.7000122070312,825.5499877929688,829.5,42361542
2023-04-12,810.7195434570312,842.4500122070312,844.0999755859375,833.9000244140625,834.0,26955504
2023-04-13,814.352294921875,846.2249755859375,848.5250244140625,839.0750122070312,844.1500244140625,35330086
2023-04-17,801.9382934570312,833.3250122070312,860.0,826.6500244140625,860.0,32405148
2023-04-18,798.5459594726562,829.7999877929688,838.625,828.2000122070312,835.0,29637226
2023-04-19,801.4810791015625,832.8499755859375,835.1500244140625,828.5750122070312,832.5,24741168
2023-04-20,804.46435546875,835.9500122070312,838.7249755859375,833.2000122070312,835.8499755859375,32922716
2023-04-21,805.7635498046875,837.2999877929688,838.4749755859375,831.625,834.5,20128618
2023-04-24,812.2833862304688,844.0750122070312,845.7249755859375,837.0499877929688,843.5,35675852
2023-04-25,800.7352905273438,832.0750122070312,843.8499755859375,830.9500122070312,843.8499755859375,50353068
2023-04-26,804.416259765625,835.9000244140625,837.5,827.5,830.0,27392750
2023-04-27,808.8429565429688,840.5,842.625,832.9249877929688,835.25,47790392
2023-04-28,812.0187377929688,843.7999877929688,845.5,835.0,842.3499755859375,27916272
2023-05-02,811.8502807617188,843.625,849.5,841.0,844.3499755859375,32221184
2023-05-03,814.6891479492188,846.5750122070312,848.0,839.8250122070312,842.4749755859375,29407270
2023-05-04,831.3616943359375,863.9000244140625,867.2249755859375,843.5499877929688,843.5499877929688,56854638
2023-05-05,782.2103271484375,812.8250122070312,830.4749755859375,811.0499877929688,819.5,62770416
2023-05-08,791.25634765625,822.2249755859375,825.1749877929688,815.0,817.5,37244524
2023-05-09,791.2803344726562,822.25,828.0,819.9749755859375,824.9500122070312,43688938
2023-05-10,794.937255859375,826.0499877929688,827.3250122070312,816.5499877929688,822.25,46340550
2023-05-11,795.466552734375,826.5999755859375,844.0,824.625,832.5750122070312,35734618
2023-05-12,802.4916381835938,833.9000244140625,836.4000244140625,822.125,823.5,22478760
2023-05-15,806.3410034179688,837.9000244140625,840.375,832.5499877929688,836.0,18512260
2023-05-16,801.7174072265625,823.6500244140625,835.9000244140625,822.0,835.9000244140625,32722086
2023-05-17,797.4102172851562,819.2249755859375,825.0,812.6749877929688,825.0,30466868
2023-05-18,800.5980224609375,822.5,826.9749755859375,820.0,824.0,49646942
2023-05-19,801.522705078125,823.4500122070312,825.0,815.7750244140625,824.0,30460332
2023-05-22,798.6756591796875,820.5250244140625,826.4500122070312,816.3499755859375,822.5,28334032
2023-05-23,796.8018798828125,818.5999755859375,824.7999877929688,816.7249755859375,824.5,22470074
2023-05-24,786.3867797851562,807.9000244140625,817.375,806.7999877929688,813.7750244140625,33588112
2023-05-25,783.3693237304688,804.7999877929688,810.0250244140625,798.6749877929688,807.8499755859375,29776930
2023-05-26,786.3867797851562,807.9000244140625,809.5,801.125,809.5,26635066
2023-05-29,795.9744873046875,817.75,820.5,812.4249877929688,814.25,21816292
2023-05-30,796.5828857421875,818.375,821.3250122070312,814.2750244140625,816.7999877929688,37125928
2023-05-31,783.977783203125,805.4249877929688,817.4749755859375,802.3250122070312,814.9500122070312,43334270
2023-06-01,780.6439208984375,802.0,809.9500122070312,800.0,809.9500122070312,50366938
2023-06-02,781.860595703125,803.25,807.4000244140625,800.5,806.2249755859375,17859710
2023-06-05,780.8386840820312,802.2000122070312,808.25,801.2249755859375,807.25,18697242
2023-06-06,778.4051513671875,799.7000122070312,804.9249877929688,796.125,803.8250122070312,32182852
2023-06-07,782.444580078125,803.8499755859375,806.2750244140625,798.0,801.7249755859375,24949026
2023-06-08,782.9312744140625,804.3499755859375,813.0,801.625,801.625,37395522
2023-06-09,783.8560791015625,805.2999877929688,809.25,803.5,807.9500122070312,18212578
2023-06-12,779.0865478515625,800.4000244140625,807.9000244140625,799.7249755859375,806.2750244140625,13408292
2023-06-13,780.4005737304688,801.75,804.5,795.0499877929688,795.0499877929688,27926108
2023-06-14,779.5488891601562,800.875,806.0,800.0999755859375,805.2249755859375,20113968
2023-06-15,769.961181640625,791.0250244140625,802.9749755859375,789.5,802.0,35377476
2023-06-16,780.0355834960938,801.375,804.5999755859375,792.0,793.5750122070312,15779272
2023-06-19,780.7169799804688,802.0750122070312,807.125,799.1749877929688,805.5,24829146
2023-06-20,782.3472900390625,803.75,805.5,795.3250122070312,802.0750122070312,20005626
2023-06-21,796.0231323242188,817.7999877929688,818.625,805.5,808.0,24308946
2023-06-22,799.9166870117188,821.7999877929688,828.7750244140625,819.5250244140625,820.0,56596140
2023-06-23,799.8680419921875,821.75,829.9500122070312,817.0250244140625,818.7750244140625,21339218
2023-06-26,795.9988403320312,817.7750244140625,825.375,814.3499755859375,822.5,16130314
2023-06-27,807.2169189453125,829.2999877929688,836.4500122070312,819.2750244140625,821.4749755859375,33831864
2023-06-28,815.7583618164062,838.0750122070312,839.9500122070312,830.25,835.0,59562950
2023-06-30,828.047119140625,850.7000122070312,854.4000244140625,841.625,852.0,40699016
2023-07-03,837.002197265625,859.9000244140625,878.75,855.0,856.25,44104116
2023-07-04,841.0902709960938,864.0999755859375,873.5,856.9000244140625,861.7249755859375,38795188
2023-07-05,814.3712768554688,836.6500244140625,860.0,834.2750244140625,858.125,37165754
2023-07-06,815.1986083984375,837.5,843.9249877929688,830.2000122070312,836.5,52156544
2023-07-07,808.093017578125,830.2000122070312,837.5,828.1500244140625,832.5,19926336
2023-07-10,806.1705932617188,828.2249755859375,838.375,824.8499755859375,830.5,38398442
2023-07-11,802.2527465820312,824.2000122070312,838.0,822.75,831.5,50670426
2023-07-12,794.7334594726562,816.4749755859375,833.1500244140625,813.5750122070312,827.6749877929688,70958358
2023-07-13,798.699951171875,820.5499877929688,828.7249755859375,819.0250244140625,828.3499755859375,41913546
2023-07-14,800.3546752929688,822.25,826.7999877929688,817.5,826.7999877929688,24727214
2023-07-17,817.0966796875,839.4500122070312,841.0,816.5,825.0,49252928
2023-07-18,816.415283203125,838.75,852.0,835.0,849.0,81076818
2023-07-19,820.1141357421875,842.5499877929688,844.375,837.5,840.5499877929688,32935134
2023-07-20,821.8905639648438,844.375,846.0,840.0,840.5750122070312,56210948
2023-07-21,815.5635986328125,837.875,844.9000244140625,836.625,840.0,42154248
2023-07-24,816.8533325195312,839.2000122070312,842.3250122070312,835.0499877929688,839.25,32179444
2023-07-25,825.7109985351562,848.2999877929688,849.5,839.2000122070312,842.3250122070312,55992596
2023-07-26,822.8395385742188,845.3499755859375,849.7999877929688,844.0,849.7999877929688,24794358
2023-07-27,814.2982177734375,836.5750122070312,851.5,833.7249755859375,849.9500122070312,59741302
2023-07-28,799.8680419921875,821.75,834.4500122070312,820.5499877929688,830.75,41015684
2023-07-31,803.615478515625,825.5999755859375,828.4000244140625,819.3499755859375,825.0250244140625,34565006
2023-08-01,808.993408203125,831.125,833.7249755859375,825.0,827.2249755859375,35394188
2023-08-02,798.407958984375,820.25,825.75,816.5750122070312,821.0,28116322
2023-08-03,792.6407470703125,814.3250122070312,825.6749877929688,811.5,820.0,57673946
2023-08-04,804.1021728515625,826.0999755859375,828.25,814.625,817.5750122070312,37388304
2023-08-07,803.6398315429688,825.625,831.5499877929688,823.7750244140625,831.5499877929688,28300918
2023-08-08,802.9828491210938,824.9500122070312,827.7999877929688,821.0250244140625,825.8499755859375,43773828
2023-08-09,803.2747802734375,825.25,827.25,815.5499877929688,826.5,33361236
2023-08-10,796.1448364257812,817.9249877929688,827.125,815.5,823.5250244140625,50781118
2023-08-11,787.846923828125,809.4000244140625,819.2000122070312,808.0999755859375,819.2000122070312,28225822
2023-08-14,784.0020751953125,805.4500122070312,807.5,800.125,805.5,31304410
2023-08-16,781.714599609375,803.0999755859375,804.8250122070312,790.6500244140625,791.5499877929688,34137542
2023-08-17,777.3831176757812,798.6500244140625,804.9500122070312,797.0,798.7999877929688,52884040
2023-08-18,774.1953125,795.375,798.1500244140625,792.75,793.7750244140625,25633366
2023-08-21,773.5869750976562,794.75,800.25,793.5,800.25,21837270
2023-08-22,770.2774658203125,791.3499755859375,799.0,790.0,798.1749877929688,32273570
2023-08-23,772.1755981445312,793.2999877929688,795.2750244140625,786.625,790.0,36498588
2023-08-24,768.622802734375,789.6500244140625,798.0999755859375,788.0750122070312,796.6500244140625,43145792
2023-08-25,759.9597778320312,780.75,788.75,779.2000122070312,787.2750244140625,30069756
2023-08-28,767.868408203125,788.875,791.3250122070312,780.75,780.75,28867238
2023-08-29,773.976318359375,795.1500244140625,796.3250122070312,790.7249755859375,794.8499755859375,35538932
2023-08-30,768.3307495117188,789.3499755859375,801.9749755859375,786.8499755859375,801.9749755859375,28084204
2023-08-31,764.80224609375,785.7249755859375,791.5750122070312,781.5499877929688,789.5,100075772
2023-09-01,766.384033203125,787.3499755859375,789.5,779.6749877929688,785.5,43226776
2023-09-04,771.1778564453125,792.2750244140625,795.7249755859375,787.4500122070312,795.0,25073638
2023-09-05,766.4813842773438,787.4500122070312,794.2000122070312,785.2999877929688,794.2000122070312,38712082
2023-09-06,776.507080078125,797.75,800.0,787.4500122070312,788.4000244140625,56320910
2023-09-07,783.977783203125,805.4249877929688,807.0,793.5750122070312,797.75,34208342
2023-09-08,790.085693359375,811.7000122070312,816.4500122070312,803.7999877929688,804.1500244140625,34502210
2023-09-11,794.173828125,815.9000244140625,818.25,812.0,814.4500122070312,31573022
2023-09-12,796.6559448242188,818.4500122070312,821.4500122070312,812.5250244140625,820.0,39033340
2023-09-13,800.062744140625,821.9500122070312,825.7999877929688,814.2999877929688,815.6500244140625,46420094
2023-09-14,799.5760498046875,821.4500122070312,825.0,817.5499877929688,822.125,23538848
2023-09-15,808.75,830.875,835.0,825.0,825.0,173411202
2023-09-18,792.8353881835938,814.5250244140625,827.5,813.0499877929688,826.875,37056288
2023-09-20,761.0304565429688,781.8499755859375,799.5,780.2000122070312,799.5,115474648
2023-09-21,755.9932861328125,776.6749877929688,784.4749755859375,768.5250244140625,776.5,72841442
2023-09-22,744.4588623046875,764.8250122070312,782.2000122070312,761.875,779.5,61704250
2023-09-25,745.1158447265625,765.5,770.3499755859375,762.5,762.5,40208754
2023-09-26,748.3523559570312,768.8250122070312,770.0,762.5,762.5,27575308
2023-09-27,743.0960693359375,763.4249877929688,766.25,757.5,761.5,39338538
2023-09-28,741.5630493164062,761.8499755859375,768.7999877929688,759.1749877929688,767.0,55354188
2023-09-29,742.8284301757812,763.1500244140625,767.7249755859375,761.1500244140625,761.8499755859375,32053782
2023-10-03,733.9464111328125,754.0250244140625,763.5,753.0,763.5,38971694
2023-10-04,744.4102172851562,764.7750244140625,767.5,744.625,747.5,54649430
2023-10-05,747.4276123046875,767.875,775.7750244140625,766.2999877929688,767.5250244140625,48512674
2023-10-06,746.600341796875,767.0250244140625,772.5,764.9249877929688,772.0,17759356
2023-10-09,737.937255859375,758.125,765.0,756.0,764.0,16454972
2023-10-10,742.1227416992188,762.4249877929688,764.5,757.5999755859375,760.2750244140625,33266292
2023-10-11,749.3013305664062,769.7999877929688,771.0750122070312,764.25,765.0499877929688,31333360
2023-10-12,754.2898559570312,774.9249877929688,776.0,765.7999877929688,768.0499877929688,22025336
2023-10-13,747.4276123046875,767.875,774.4000244140625,764.9749755859375,770.0,39745300
2023-10-16,744.4345092773438,764.7999877929688,767.2249755859375,760.25,765.75,17856084
2023-10-17,750.0800170898438,770.5999755859375,777.875,767.5,777.875,32902558
2023-10-18,739.640625,759.875,770.5999755859375,759.0499877929688,770.5999755859375,31216200
2023-10-19,737.3045654296875,757.4749755859375,763.125,751.5999755859375,752.7000122070312,30252364
2023-10-20,741.1250610351562,761.4000244140625,763.5,752.5,752.5,21094010
2023-10-23,732.9730224609375,753.0250244140625,764.375,750.0499877929688,761.75,22376136
2023-10-25,728.3252563476562,748.25,761.4000244140625,745.7249755859375,760.5,28311996
2023-10-26,712.2158813476562,731.7000122070312,746.0,730.125,745.625,55561798
2023-10-27,715.0143432617188,734.5750122070312,739.0,733.4500122070312,734.75,31940532
2023-10-30,722.7769775390625,742.5499877929688,744.9749755859375,730.9500122070312,731.625,23310982
2023-10-31,718.591552734375,738.25,752.0,737.0,752.0,32634824
2023-11-01,717.6181030273438,737.25,738.7249755859375,731.125,731.125,33877466
2023-11-02,718.7131958007812,738.375,745.25,733.5750122070312,742.5,45225154
2023-11-03,722.1199340820312,741.875,745.7000122070312,740.8250122070312,744.0,18095340
2023-11-06,727.351806640625,747.25,749.0,741.5,749.0,25593730
2023-11-07,723.8233032226562,743.625,747.0,738.5999755859375,747.0,41952848
2023-11-08,725.9161376953125,745.7750244140625,746.7249755859375,740.5,741.9749755859375,31399546
2023-11-09,723.044677734375,742.8250122070312,746.2999877929688,741.75,743.0,22116740
2023-11-10,725.8917846679688,745.75,748.0,740.0250244140625,740.0499877929688,14015186
2023-11-13,724.5776977539062,744.4000244140625,747.9749755859375,742.9500122070312,746.0499877929688,20605914
2023-11-15,732.1700439453125,752.2000122070312,755.4749755859375,750.2750244140625,752.0499877929688,41245460
2023-11-16,734.0924072265625,754.1749877929688,759.5,751.875,754.8499755859375,29713838
2023-11-17,732.5106811523438,752.5499877929688,753.75,744.5,745.0,23701874
2023-11-20,732.559326171875,752.5999755859375,756.5,750.7750244140625,756.5,19331452
2023-11-21,738.7645874023438,758.9749755859375,761.0,756.0499877929688,759.5,24959972
2023-11-22,736.1365356445312,756.2750244140625,760.0,751.7750244140625,760.0,29123650
2023-11-23,740.3950805664062,760.6500244140625,761.9249877929688,754.25,754.25,13046220
2023-11-24,745.6511840820312,766.0499877929688,766.5750122070312,759.9249877929688,760.5999755859375,16469192
2023-11-28,743.97216796875,764.3250122070312,768.625,762.9000244140625,767.5999755859375,28489338
2023-11-29,758.8160400390625,779.5750122070312,781.5,766.5,766.9500122070312,34042488
2023-11-30,758.6456909179688,779.4000244140625,786.2249755859375,771.0750122070312,784.5750122070312,69491440
2023-12-01,756.990966796875,777.7000122070312,782.875,776.0499877929688,778.9500122070312,22153536
2023-12-04,783.2720336914062,804.7000122070312,806.0,786.8250122070312,794.0,50662456
2023-12-05,790.2316284179688,811.8499755859375,819.5,808.25,818.25,52230820
2023-12-06,792.22705078125,813.9000244140625,819.2249755859375,808.3250122070312,819.2249755859375,38613060
2023-12-07,793.5167236328125,815.2249755859375,817.0,808.0999755859375,812.5,20450386
2023-12-08,804.5888671875,826.5999755859375,827.5,815.2249755859375,815.2249755859375,33728038
2023-12-11,803.5181884765625,825.5,831.8499755859375,823.5,825.0250244140625,23187620
2023-12-12,795.5364990234375,817.2999877929688,828.125,815.9249877929688,827.0999755859375,36581476
2023-12-13,793.7357788085938,815.4500122070312,818.0,807.5499877929688,816.2249755859375,29346914
2023-12-14,803.1044921875,825.0750122070312,829.4749755859375,822.5,823.0,35172366
2023-12-15,806.2192993164062,828.2750244140625,834.0,823.2999877929688,825.0,138837130
2023-12-18,805.8056030273438,827.8499755859375,832.3499755859375,825.4749755859375,830.3499755859375,18014754
2023-12-19,804.4428100585938,826.4500122070312,829.3250122070312,822.0250244140625,825.0,24008446
2023-12-20,806.4382934570312,828.5,834.4749755859375,822.2249755859375,829.0,34232520
2023-12-21,820.8927612304688,843.3499755859375,844.875,825.125,828.5,36589240
2023-12-22,813.1788330078125,835.4249877929688,842.9500122070312,833.5499877929688,841.7999877929688,48578850
2023-12-26,818.8244018554688,841.2249755859375,842.9749755859375,834.2750244140625,836.625,18045856
2023-12-27,828.9718627929688,851.6500244140625,853.25,839.2999877929688,840.75,27009078
2023-12-28,829.9208374023438,852.625,860.7000122070312,851.0,854.6500244140625,44076470
2023-12-29,831.8675537109375,854.625,857.4500122070312,848.0,848.5,25011426
2024-01-01,826.4410400390625,849.0499877929688,854.5750122070312,846.0,853.0,14239686
2024-01-02,826.9276733398438,849.5499877929688,851.4000244140625,844.3499755859375,849.4000244140625,29242092
2024-01-03,814.176513671875,836.4500122070312,852.3499755859375,834.4749755859375,851.0,28389762
2024-01-04,822.9125366210938,845.4249877929688,847.4749755859375,835.3499755859375,839.0,26734056
2024-01-05,818.7026977539062,841.0999755859375,852.4500122070312,834.0499877929688,843.5750122070312,31889470
2024-01-08,809.577392578125,831.7249755859375,841.1749877929688,830.0,839.25,17998470
2024-01-09,803.2747802734375,825.25,838.9000244140625,823.375,833.5750122070312,25326888
2024-01-10,805.92724609375,827.9749755859375,829.9749755859375,820.7000122070312,821.5,16115824
2024-01-11,802.5447998046875,824.5,831.4500122070312,821.5,830.0,18314010
2024-01-12,798.7485961914062,820.5999755859375,828.0,816.7999877929688,826.0,19773552
2024-01-15,814.1278686523438,836.4000244140625,840.4500122070312,821.7999877929688,823.8499755859375,28320356
2024-01-16,817.2183227539062,839.5750122070312,841.8250122070312,829.0499877929688,836.5,25322500
2024-01-17,748.279296875,768.75,798.4000244140625,764.2000122070312,785.0,170145236
2024-01-18,723.2880249023438,743.0750122070312,757.5,740.0250244140625,747.0,161070930
2024-01-19,715.744384765625,735.3250122070312,755.125,734.2000122070312,752.9749755859375,109600538
2024-01-23,694.6708984375,713.6749877929688,737.3499755859375,712.5,732.5,115469402
2024-01-24,708.5657958984375,727.9500122070312,729.2249755859375,690.125,690.125,86004404
2024-01-25,698.3453979492188,717.4500122070312,728.6749877929688,709.7000122070312,726.25,98941852
2024-01-29,707.9573974609375,727.3250122070312,731.4000244140625,722.9000244140625,724.0250244140625,65645498
2024-01-30,702.9202270507812,722.1500244140625,731.5999755859375,720.4500122070312,727.2750244140625,41728768
2024-01-31,711.80224609375,731.2750244140625,737.4749755859375,718.4000244140625,719.75,65761040
2024-02-01,713.651611328125,733.1749877929688,736.7999877929688,728.0250244140625,732.5250244140625,32690740
2024-02-02,703.8206176757812,723.0750122070312,740.4249877929688,721.0250244140625,737.5,44867754
2024-02-05,703.1879272460938,722.4249877929688,725.9500122070312,717.0250244140625,723.0,38605046
2024-02-06,702.8228759765625,722.0499877929688,724.8499755859375,716.2999877929688,722.7750244140625,41075740
2024-02-07,695.9362182617188,714.9749755859375,726.9000244140625,713.3250122070312,726.5,54837086
2024-02-08,682.8444213867188,701.5250244140625,719.4749755859375,700.25,714.9249877929688,69106124
2024-02-09,683.112060546875,701.7999877929688,707.0999755859375,693.5,696.0750122070312,56642124
2024-02-12,676.4931640625,695.0,706.8250122070312,691.6749877929688,699.8250122070312,34447812
2024-02-13,678.658935546875,697.2249755859375,702.1749877929688,692.1749877929688,695.9749755859375,57580994
2024-02-14,673.597412109375,692.0250244140625,695.75,681.7750244140625,688.0,91320810
2024-02-15,688.197998046875,707.0250244140625,707.75,692.1749877929688,692.5,41584944
2024-02-16,691.0451049804688,709.9500122070312,713.8499755859375,704.2249755859375,711.9500122070312,32175742
2024-02-19,689.682373046875,708.5499877929688,714.5,707.5999755859375,714.5,34451756
2024-02-20,707.7870483398438,727.1500244140625,728.625,705.9000244140625,707.5,56133508
2024-02-21,700.413818359375,719.5750122070312,732.0,717.5,732.0,45893136
2024-02-22,690.874755859375,709.7750244140625,714.4000244140625,706.0999755859375,708.875,50560882
2024-02-23,691.3858032226562,710.2999877929688,716.9500122070312,709.0,711.2750244140625,29833452
2024-02-26,692.213134765625,711.1500244140625,717.4249877929688,706.7750244140625,706.7750244140625,23506870
2024-02-27,691.1668090820312,710.0750122070312,713.3499755859375,706.5250244140625,706.7750244140625,32087150
2024-02-28,685.9348754882812,704.7000122070312,712.0999755859375,702.0,710.0750122070312,25321986
2024-02-29,683.0147705078125,701.7000122070312,705.2000122070312,698.6500244140625,701.0499877929688,53295700
2024-03-01,696.3256225585938,715.375,716.375,700.0,700.0,34738898
2024-03-04,697.274658203125,716.3499755859375,718.5,712.1500244140625,715.4749755859375,35616474
2024-03-05,701.2410888671875,720.4249877929688,721.5,710.8250122070312,711.0,37991672
2024-03-06,702.0927734375,721.2999877929688,726.4249877929688,716.7750244140625,716.7750244140625,42409530
2024-03-07,703.7962036132812,723.0499877929688,725.5250244140625,720.7000122070312,722.75,49348046
2024-03-11,694.8899536132812,713.9000244140625,722.9749755859375,711.5,715.0,50531094
2024-03-12,710.3422241210938,729.7750244140625,732.0,714.625,717.0,65418454
2024-03-13,710.755859375,730.2000122070312,735.7999877929688,725.0499877929688,732.75,63067454
2024-03-14,708.3467407226562,727.7249755859375,733.0,722.1500244140625,731.0499877929688,52432158
2024-03-15,706.9840698242188,726.3250122070312,729.6500244140625,721.125,725.0,143613804
2024-03-18,703.77197265625,723.0250244140625,728.0,717.9000244140625,723.5,21437856
2024-03-19,705.3779907226562,724.6749877929688,726.2000122070312,717.75,717.75,36183594
2024-03-20,696.4716186523438,715.5250244140625,725.8250122070312,712.3250122070312,724.5250244140625,43606094
2024-03-21,703.6259155273438,722.875,725.625,719.1500244140625,721.2999877929688,28922860
2024-03-22,702.2144775390625,721.4249877929688,725.375,718.875,720.5,45980326
2024-03-26,693.7218627929688,712.7000122070312,718.9749755859375,711.0750122070312,713.5999755859375,56844290
2024-03-27,701.1681518554688,720.3499755859375,723.9749755859375,710.625,711.7750244140625,62168668
2024-03-28,704.6723022460938,723.9500122070312,730.25,720.3499755859375,720.3499755859375,55592142
2024-04-01,715.67138671875,735.25,736.9000244140625,727.7999877929688,729.0,25199570
2024-04-02,720.3678588867188,740.0750122070312,747.4249877929688,731.625,732.5750122070312,41225446
2024-04-03,721.414306640625,741.1500244140625,747.8250122070312,735.7000122070312,736.0499877929688,45584386
2024-04-04,743.461181640625,763.7999877929688,765.0,752.0,752.0,88935066
2024-04-05,754.1439208984375,774.7750244140625,777.25,765.0750122070312,769.5,59055902
2024-04-08,752.7081909179688,773.2999877929688,778.625,770.7750244140625,777.4749755859375,20482940
2024-04-09,753.6572265625,774.2750244140625,777.4249877929688,770.1500244140625,777.4249877929688,21884494
2024-04-10,747.7196655273438,768.1749877929688,774.9500122070312,766.4749755859375,774.9500122070312,27807400
2024-04-12,739.2512817382812,759.4749755859375,764.9249877929688,756.7249755859375,760.5,41084208
2024-04-15,727.4490966796875,747.3499755859375,755.0,746.0250244140625,748.7750244140625,23415248
2024-04-16,734.5304565429688,754.625,756.4500122070312,741.125,743.5,20744886
2024-04-18,727.4490966796875,747.3499755859375,759.4249877929688,745.5250244140625,754.9000244140625,34234884
2024-04-19,745.2619018554688,765.6500244140625,767.4749755859375,740.125,743.2750244140625,34576434
2024-04-22,735.9661254882812,756.0999755859375,778.7000122070312,754.1500244140625,778.7000122070312,42298438
2024-04-23,733.7273559570312,753.7999877929688,763.25,751.625,763.1500244140625,26827060
2024-04-24,735.7228393554688,755.8499755859375,760.875,754.5250244140625,757.5,22441580
2024-04-25,735.260498046875,755.375,759.8499755859375,753.125,753.125,35445204
2024-04-26,734.7981567382812,754.9000244140625,764.0,752.7750244140625,759.9000244140625,24854694
2024-04-29,744.3858642578125,764.75,767.2249755859375,753.2750244140625,757.5,36093350
2024-04-30,739.8109741210938,760.0499877929688,769.75,757.4500122070312,764.5999755859375,52307382
2024-05-02,745.7241821289062,766.125,768.5,760.1749877929688,761.0,33475006
2024-05-03,739.567626953125,759.7999877929688,770.2999877929688,753.5999755859375,766.625,31865242
2024-05-06,741.0520629882812,761.3250122070312,767.25,758.5750122070312,761.0,28793396
2024-05-07,733.021728515625,753.0750122070312,762.0250244140625,752.0750122070312,760.9749755859375,28480602
2024-05-08,721.5845947265625,741.3250122070312,748.4749755859375,740.1749877929688,747.9749755859375,41687862
2024-05-09,704.4776000976562,723.75,743.375,722.6500244140625,737.4749755859375,46281278
2024-05-10,709.361572265625,718.9500122070312,725.9749755859375,713.4000244140625,719.5,27276608
2024-05-13,717.9208984375,727.625,729.9000244140625,715.1500244140625,716.0,27047202
2024-05-14,720.7328491210938,730.4749755859375,732.75,725.1500244140625,726.125,25665142
2024-05-15,709.6575927734375,719.25,729.8499755859375,717.9000244140625,729.8499755859375,38931996
2024-05-16,720.3875122070312,730.125,731.2750244140625,717.75,723.0250244140625,34945236
2024-05-17,722.286865234375,732.0499877929688,734.0,723.0999755859375,723.0999755859375,20920190
2024-05-21,719.6721801757812,729.4000244140625,734.8499755859375,725.0499877929688,725.0499877929688,43769978
2024-05-22,719.8695068359375,729.5999755859375,732.7999877929688,724.0750122070312,728.9249877929688,39996278
2024-05-23,736.3468017578125,746.2999877929688,747.8250122070312,728.5250244140625,729.3250122070312,40861920
2024-05-24,748.4827880859375,758.5999755859375,759.9500122070312,743.0,743.75,31060206
2024-05-27,753.6627807617188,763.8499755859375,772.5,759.5250244140625,761.6749877929688,29385440
2024-05-28,755.0440673828125,765.25,768.0250244140625,762.4000244140625,765.0499877929688,27908904
2024-05-29,744.0921630859375,754.1500244140625,761.9249877929688,750.625,759.0,35147706
2024-05-30,747.3234252929688,757.4249877929688,761.7999877929688,748.8250122070312,749.5999755859375,33755350
2024-05-31,755.5620727539062,765.7750244140625,768.0,757.0,759.5,74079588
2024-06-03,775.615966796875,786.0999755859375,799.5,775.0,799.5,72637256
2024-06-04,731.6848754882812,741.5750122070312,779.5,727.0,778.5,89531240
2024-06-05,765.5520629882812,775.9000244140625,779.7999877929688,741.1749877929688,747.0250244140625,81631650
2024-06-06,769.4493408203125,779.8499755859375,782.7249755859375,773.2999877929688,782.4500122070312,46422870
2024-06-07,776.1832885742188,786.6749877929688,792.1749877929688,776.0250244140625,780.5250244140625,36712216
2024-06-10,770.23876953125,780.6500244140625,790.3250122070312,778.7999877929688,787.0,22454058
2024-06-11,771.9653930664062,782.4000244140625,785.5,776.0999755859375,778.0,29545326
2024-06-12,776.5780029296875,787.0750122070312,794.1500244140625,783.2000122070312,787.5,39280436
2024-06-13,779.8340454101562,790.375,792.8499755859375,787.0,790.875,24120192
2024-06-14,787.8013305664062,798.4500122070312,799.5,788.8499755859375,792.0,25540554
2024-06-18,793.1785888671875,803.9000244140625,805.25,794.7249755859375,798.4500122070312,32415714
2024-06-19,817.869873046875,828.9249877929688,834.9500122070312,802.0,806.7000122070312,90131196
2024-06-20,823.5431518554688,834.6749877929688,840.7249755859375,826.0,834.9000244140625,41408742
2024-06-21,821.7672119140625,832.875,836.4249877929688,821.5750122070312,836.4249877929688,51630776
2024-06-24,825.0478515625,836.2000122070312,837.5499877929688,822.875,823.5,28544994
2024-06-25,844.2631225585938,855.6749877929688,858.4749755859375,835.5499877929688,835.5499877929688,74521548
2024-06-26,839.40380859375,850.75,855.4500122070312,845.5499877929688,853.9749755859375,47596666
2024-06-27,836.7644653320312,848.0750122070312,856.5,843.2999877929688,848.0499877929688,55074650
2024-06-28,830.671875,841.9000244140625,853.2999877929688,839.5,848.7999877929688,26476046
2024-07-01,841.2290649414062,852.5999755859375,853.6500244140625,840.0,840.0,21187024
2024-07-02,853.7597045898438,865.2999877929688,867.4500122070312,851.375,857.5,45921690
2024-07-03,872.531005859375,884.3250122070312,897.0,882.3250122070312,895.5,123217802
2024-07-04,852.0578002929688,863.5750122070312,879.875,862.4249877929688,879.875,45848658
2024-07-05,813.0598754882812,824.0499877929688,842.5,821.0999755859375,842.5,82242548
2024-07-08,806.7698974609375,817.6749877929688,827.4749755859375,813.5750122070312,822.6500244140625,39087800
2024-07-09,807.3372192382812,818.25,823.3499755859375,810.1749877929688,812.5,48550878
2024-07-10,802.20654296875,813.0499877929688,820.0,810.375,814.9749755859375,45507182
2024-07-11,800.1346435546875,810.9500122070312,812.9249877929688,800.5,811.9749755859375,44177074
2024-07-12,800.5292358398438,811.3499755859375,819.2000122070312,805.5750122070312,811.0,56049960
2024-07-15,800.2332763671875,811.0499877929688,814.9000244140625,807.5999755859375,811.75,33375694
2024-07-16,799.0739135742188,809.875,813.5,808.4000244140625,810.375,28950324
2024-07-18,796.6320190429688,807.4000244140625,811.9749755859375,799.5750122070312,804.0,33717064
2024-07-19,792.9319458007812,803.6500244140625,811.5,801.75,808.0,26002152
2024-07-22,810.3218994140625,821.2750244140625,825.5,806.3250122070312,808.5,53744822
2024-07-23,798.407958984375,809.2000122070312,823.9000244140625,802.5,823.7750244140625,52002152
2024-07-24,791.3286743164062,802.0250244140625,810.5,794.0250244140625,804.0750122070312,61728206
2024-07-25,797.5198974609375,808.2999877929688,812.5,796.5,796.5,25535732
2024-07-26,798.2846069335938,809.0750122070312,810.875,798.2249755859375,802.5,43810540
2024-07-29,791.822021484375,802.5250244140625,815.9249877929688,799.1500244140625,807.5,51001148
2024-07-30,797.0020141601562,807.7750244140625,817.375,799.5,801.0,54595834
2024-07-31,797.1006469726562,807.875,813.9500122070312,804.5999755859375,807.0,37820484
2024-08-01,808.471923828125,819.4000244140625,825.0250244140625,808.9749755859375,811.4500122070312,26215174
2024-08-02,818.51123046875,829.5750122070312,835.25,815.5,815.5,44119238
2024-08-05,797.1006469726562,807.875,823.0,800.5,820.0499877929688,41333634
2024-08-06,789.922607421875,800.5999755859375,816.4749755859375,796.6500244140625,815.0,45116050
2024-08-07,800.9239501953125,811.75,815.0,801.0999755859375,808.5,42346264
2024-08-08,810.3958740234375,821.3499755859375,826.6500244140625,809.625,812.0,33976950
2024-08-09,814.0958862304688,825.0999755859375,831.2750244140625,822.9000244140625,826.0,26644618
2024-08-12,818.9797973632812,830.0499877929688,837.9749755859375,823.6749877929688,826.0,39316196
2024-08-13,790.9093017578125,801.5999755859375,816.2000122070312,800.5750122070312,814.0,54055042
2024-08-14,793.1785888671875,803.9000244140625,806.8499755859375,801.5999755859375,803.25,32334428
2024-08-16,805.1665649414062,816.0499877929688,817.0750122070312,805.5,814.25,27849246
2024-08-19,804.895263671875,815.7750244140625,818.8250122070312,811.8499755859375,818.8250122070312,19502164
2024-08-20,807.92919921875,818.8499755859375,823.0,813.7249755859375,813.7249755859375,31134494
2024-08-21,802.05859375,812.9000244140625,817.2750244140625,808.9000244140625,814.0499877929688,47630904
2024-08-22,804.77197265625,815.6500244140625,819.1500244140625,814.0,816.0,21300638
2024-08-23,801.6885986328125,812.5250244140625,817.0,811.5,817.0,20333422
2024-08-26,809.0392456054688,819.9749755859375,823.9749755859375,816.0999755859375,816.0999755859375,22364266
2024-08-27,807.9539184570312,818.875,823.7000122070312,816.0999755859375,821.7000122070312,35773244
2024-08-28,807.6332397460938,818.5499877929688,819.875,815.0999755859375,818.875,26921188
2024-08-29,808.3485717773438,819.2750244140625,822.2000122070312,815.5750122070312,821.0,49052604
2024-08-30,807.5346069335938,818.4500122070312,831.0,810.5750122070312,828.0,445342100
2024-09-02,802.6258544921875,813.4749755859375,823.4000244140625,811.5999755859375,823.4000244140625,34049680
2024-09-03,807.7565307617188,818.6749877929688,819.9749755859375,812.2999877929688,817.0,37282860
2024-09-04,809.9519653320312,820.9000244140625,822.4000244140625,816.0,819.5,24682744
2024-09-05,811.7525024414062,822.7249755859375,824.9500122070312,821.0,823.0,22876318
2024-09-06,807.5592041015625,818.4749755859375,823.875,817.0499877929688,819.1500244140625,26029602
2024-09-09,812.2705688476562,823.25,824.25,815.0499877929688,819.0,23792914
2024-09-10,814.169921875,825.1749877929688,827.0,819.0,827.0,26606646
2024-09-11,810.9879150390625,821.9500122070312,826.25,819.5999755859375,825.2000122070312,22226684
2024-09-12,822.1865234375,833.2999877929688,835.0,823.5250244140625,827.0,32424046
2024-09-13,821.8658447265625,832.9749755859375,837.0,828.5250244140625,837.0,23860532
2024-09-16,824.3324584960938,835.4749755859375,838.9000244140625,832.0250244140625,833.5,15172820
2024-09-17,823.2718505859375,834.4000244140625,839.0,832.0750122070312,839.0,20127122
2024-09-18,836.0985107421875,847.4000244140625,849.4500122070312,835.5499877929688,835.9249877929688,40917342
2024-09-19,842.8571166992188,854.25,859.5,849.5750122070312,849.5999755859375,30651776
2024-09-20,858.989013671875,870.5999755859375,872.4749755859375,853.7750244140625,858.25,60623386
2024-09-23,868.1650390625,879.9000244140625,883.1749877929688,870.125,874.5,26965350
2024-09-24,872.2350463867188,884.0250244140625,890.8250122070312,877.125,882.5,33039036
2024-09-25,877.6863403320312,889.5499877929688,894.0,880.0750122070312,880.0750122070312,31965312
2024-09-26,879.832275390625,891.7249755859375,894.0,884.0250244140625,886.5250244140625,31899644
2024-09-27,864.6377563476562,876.3250122070312,889.0999755859375,875.0,888.5,35613502
2024-09-30,854.47509765625,866.0250244140625,875.7249755859375,862.2000122070312,874.4000244140625,26383534
2024-10-01,851.5890502929688,863.0999755859375,871.0,860.0499877929688,862.0,24572284
2024-10-03,829.7838134765625,841.0,863.0750122070312,836.6749877929688,857.8250122070312,48473398
2024-10-04,817.771240234375,828.8250122070312,845.3250122070312,826.5,837.25,48683232
2024-10-07,798.1119384765625,808.9000244140625,829.5,806.5,826.0999755859375,94458296
2024-10-08,814.5151977539062,825.5250244140625,828.4000244140625,811.0,815.0,29734406
2024-10-09,805.6846313476562,816.5750122070312,828.375,814.3499755859375,824.75,41125642
2024-10-10,820.114501953125,831.2000122070312,832.7249755859375,816.25,819.5,21754766
2024-10-11,814.4906005859375,825.5,832.2249755859375,821.625,832.2249755859375,23672594
2024-10-14,832.7931518554688,844.0499877929688,846.0250244140625,827.0,828.0250244140625,18527508
2024-10-15,830.81982421875,842.0499877929688,849.0,837.75,847.0,19651130
2024-10-16,838.565185546875,849.9000244140625,853.9749755859375,840.0499877929688,840.0499877929688,20470682
2024-10-17,825.4178466796875,836.5750122070312,848.8250122070312,832.5999755859375,847.4749755859375,14695732
2024-10-18,829.7098388671875,840.9249877929688,845.5,827.0499877929688,831.5499877929688,24809724
2024-10-21,852.8223876953125,864.3499755859375,874.0750122070312,855.5250244140625,857.5,46548354
2024-10-22,845.841796875,857.2750244140625,870.0,855.3499755859375,865.0250244140625,38875280
2024-10-23,856.3251342773438,867.9000244140625,873.25,852.5250244140625,852.5250244140625,38036090
2024-10-24,863.15771484375,874.8250122070312,884.3250122070312,869.0499877929688,869.0499877929688,30832258
2024-10-25,860.0744018554688,871.7000122070312,878.9249877929688,864.3499755859375,877.5,26130478
2024-10-28,855.5357055664062,867.0999755859375,875.5,864.4500122070312,871.0,22012142
2024-10-29,864.2430419921875,875.9249877929688,882.0,862.5499877929688,863.0750122070312,35794926
2024-10-30,855.7330932617188,867.2999877929688,877.375,862.0999755859375,871.0,32715724
2024-10-31,856.2756958007812,867.8499755859375,869.4500122070312,859.7000122070312,864.0,22895912
2024-11-01,857.0651245117188,868.6500244140625,872.0499877929688,863.0499877929688,866.5,1759692
2024-11-04,845.6197509765625,857.0499877929688,872.5,855.4500122070312,872.5,28089248
2024-11-05,867.2030029296875,878.9249877929688,881.3499755859375,848.9500122070312,851.5,44232406
2024-11-06,865.92041015625,877.625,885.75,872.6749877929688,885.75,27787910
2024-11-07,861.62841796875,873.2750244140625,880.4749755859375,869.0,872.1500244140625,18895456
2024-11-08,865.5256958007812,877.2249755859375,880.9000244140625,872.9249877929688,876.0,19902986
2024-11-11,871.3717041015625,883.1500244140625,891.4000244140625,875.5999755859375,877.2750244140625,24565362
2024-11-12,847.6423950195312,859.0999755859375,887.5,854.3250122070312,886.0,31395406
2024-11-13,829.463134765625,840.6749877929688,864.7000122070312,836.5,858.375,35728500
2024-11-14,835.087158203125,846.375,852.4249877929688,836.0499877929688,836.5499877929688,27146470
2024-11-18,841.1797485351562,852.5499877929688,859.4500122070312,847.5,850.0,27081968
2024-11-19,859.507080078125,871.125,876.875,851.3499755859375,857.0,50981272
2024-11-21,858.989013671875,870.5999755859375,879.5,867.0999755859375,874.7000122070312,35716512
2024-11-22,861.1597290039062,872.7999877929688,877.1500244140625,864.7750244140625,871.7750244140625,24773612
2024-11-25,880.8929443359375,892.7999877929688,901.7750244140625,882.4500122070312,892.5250244140625,427737274
2024-11-26,880.8683471679688,892.7750244140625,905.0,884.9000244140625,905.0,30935566
2024-11-27,894.06494140625,906.1500244140625,908.6749877929688,892.5750122070312,894.9500122070312,32714976
2024-11-28,884.6176147460938,896.5750122070312,918.0499877929688,894.0,909.5,35722392
2024-11-29,886.04833984375,898.0250244140625,902.2999877929688,891.4500122070312,900.6500244140625,27669536
2024-12-02,890.3156127929688,902.3499755859375,904.0750122070312,887.5,901.75,15110876
2024-12-03,900.9715576171875,913.1500244140625,918.7000122070312,908.0499877929688,911.3499755859375,43410242
2024-12-04,917.6461791992188,930.0499877929688,932.5,915.5750122070312,919.0,44669084
2024-12-05,920.4335327148438,932.875,939.9749755859375,917.5999755859375,930.0,39682714
2024-12-06,915.5494995117188,927.9249877929688,932.0999755859375,922.0,928.5,17783156
2024-12-09,922.5301513671875,935.0,940.0,924.5,926.8250122070312,26947912
2024-12-10,921.5928344726562,934.0499877929688,938.8499755859375,929.2750244140625,938.8499755859375,13325480
2024-12-11,919.1261596679688,931.5499877929688,935.9500122070312,928.375,930.8499755859375,14045426
2024-12-12,917.2268676757812,929.625,934.3250122070312,924.3499755859375,925.5,17293790
2024-12-13,923.3934936523438,935.875,937.5,914.625,931.25,19009002
2024-12-16,920.1621704101562,932.5999755859375,934.9749755859375,927.625,932.5499877929688,13107082
2024-12-17,904.4002685546875,916.625,931.1749877929688,913.25,928.1749877929688,21079532
2024-12-18,893.2755737304688,905.3499755859375,918.0,903.5750122070312,914.9249877929688,23422312
2024-12-19,884.790283203125,896.75,900.5499877929688,889.5,899.7999877929688,25380770
2024-12-20,873.93701171875,885.75,898.7750244140625,883.5250244140625,891.0999755859375,25692348
2024-12-23,888.4902954101562,900.5,903.0,890.6500244140625,891.0,11044592
2024-12-24,887.0596313476562,899.0499877929688,904.3499755859375,894.7750244140625,901.0250244140625,14485834
2024-12-26,883.4336547851562,895.375,906.0,890.375,899.2750244140625,10481678
2024-12-27,887.1336669921875,899.125,902.9749755859375,894.5499877929688,897.4000244140625,7259330
2024-12-30,877.0943603515625,888.9500122070312,907.5,885.5,896.0999755859375,22222218
2024-12-31,874.60302734375,886.4249877929688,890.9000244140625,882.7999877929688,885.1500244140625,14117236
2025-01-01,879.4869384765625,891.375,897.0,880.5499877929688,886.7249755859375,7313806
2025-01-02,884.9136352539062,896.875,901.7249755859375,886.5,888.5499877929688,18558576
2025-01-03,862.9356689453125,874.5999755859375,897.625,873.1500244140625,895.5,24426194
2025-01-06,843.8438110351562,855.25,878.5999755859375,852.9000244140625,870.0499877929688,18816348
2025-01-07,845.2744140625,856.7000122070312,860.5,850.0,857.5,13527906
2025-01-08,835.8518676757812,847.1500244140625,855.8250122070312,841.6749877929688,854.125,19738190
2025-01-09,822.778564453125,833.9000244140625,844.5,829.0499877929688,842.0750122070312,40420222
2025-01-10,817.3272094726562,828.375,837.4500122070312,827.0,835.5,17453280
2025-01-13,804.5499267578125,815.4249877929688,823.375,812.1500244140625,820.0,21669066
2025-01-14,812.3198852539062,823.2999877929688,828.0999755859375,818.5,819.9500122070312,26661432
2025-01-15,810.5685424804688,821.5250244140625,831.3499755859375,818.1500244140625,828.25,14022892
2025-01-16,815.008544921875,826.0250244140625,830.2750244140625,821.4249877929688,826.4249877929688,21212454
2025-01-17,807.4605712890625,818.375,825.25,814.25,821.75,23112076
2025-01-20,814.6138305664062,825.625,830.4749755859375,813.0,813.0,17557618
2025-01-21,810.2478637695312,821.2000122070312,830.5250244140625,816.5250244140625,829.125,31158144
2025-01-22,821.9152221679688,833.0250244140625,835.9500122070312,812.7249755859375,821.2000122070312,30619306
2025-01-23,821.347900390625,832.4500122070312,843.5,825.625,843.5,34909158
2025-01-24,813.8986206054688,824.9000244140625,835.1500244140625,822.25,830.0,24236200
2025-01-27,804.0319213867188,814.9000244140625,821.7999877929688,813.0,820.5499877929688,22804166
2025-01-28,824.0611572265625,835.2000122070312,842.1500244140625,823.5,823.5,30179312
2025-01-29,827.4651489257812,838.6500244140625,840.5750122070312,834.4249877929688,837.5,12619890
2025-01-30,834.470458984375,845.75,848.9500122070312,836.2750244140625,840.5,25744846
2025-01-31,838.047119140625,849.375,852.3499755859375,841.9749755859375,843.625,15821686
2025-02-01,834.1990966796875,845.4749755859375,856.5,838.0250244140625,848.75,5587528
2025-02-03,827.8104858398438,839.0,843.4000244140625,831.7249755859375,835.0,20276540
2025-02-04,848.9744873046875,860.4500122070312,862.9000244140625,840.0250244140625,844.3499755859375,28616502
2025-02-05,857.311767578125,868.9000244140625,872.0999755859375,859.4500122070312,866.5,23675506
2025-02-06,860.29638671875,871.9249877929688,874.5,862.0,867.75,26760716
2025-02-07,854.8203735351562,866.375,883.5,862.5,875.0,23509600
2025-02-10,846.4337768554688,857.875,861.7249755859375,854.25,858.6500244140625,17195950
2025-02-11,839.3544921875,850.7000122070312,855.5,844.3499755859375,851.5,22724704
2025-02-12,842.0184936523438,853.4000244140625,856.0,840.5999755859375,846.5,22809570
2025-02-13,837.5291137695312,848.8499755859375,857.125,846.7750244140625,849.5,12602434
2025-02-14,836.1231079101562,847.4249877929688,850.9500122070312,840.0,850.9500122070312,19959892
2025-02-17,847.2230834960938,858.6749877929688,860.0,840.625,842.5999755859375,12938946
2025-02-18,850.0350952148438,861.5250244140625,865.7750244140625,853.0750122070312,856.5250244140625,16350910
2025-02-19,852.0823974609375,863.5999755859375,868.9500122070312,856.2249755859375,858.5,11884112
2025-02-20,832.2998046875,843.5499877929688,857.3499755859375,842.6500244140625,855.5,26390510
2025-02-21,834.9638061523438,846.25,847.4749755859375,838.625,840.4500122070312,15680940
2025-02-24,827.3665161132812,838.5499877929688,842.0999755859375,830.5499877929688,840.5499877929688,20693646
2025-02-25,829.9564819335938,841.1749877929688,844.0,835.5499877929688,835.5499877929688,24138708
2025-02-27,839.0090942382812,850.3499755859375,855.375,841.2750244140625,841.2750244140625,35786800
2025-02-28,854.6477661132812,866.2000122070312,868.625,842.5,842.5,54516728
2025-03-03,839.4285278320312,850.7750244140625,871.5250244140625,847.0499877929688,869.9000244140625,21205364
2025-03-04,843.5971069335938,855.0,857.1500244140625,846.625,849.0,19920958
2025-03-05,833.73046875,845.0,855.4000244140625,844.125,850.9749755859375,21583872
2025-03-06,834.3224487304688,845.5999755859375,849.9500122070312,836.125,843.5,32966088
2025-03-07,833.3604736328125,844.625,850.5750122070312,838.7999877929688,841.0,13372914
2025-03-10,832.4971313476562,843.75,849.9500122070312,841.5250244140625,844.5,15604050
2025-03-11,831.510498046875,842.75,847.0,835.0250244140625,841.2000122070312,19898430
2025-03-12,844.1644897460938,855.5750122070312,859.25,845.7750244140625,845.7750244140625,18784106
2025-03-13,841.9197387695312,853.2999877929688,860.4000244140625,850.0250244140625,858.0250244140625,15736264
2025-03-17,843.7944946289062,855.2000122070312,862.0,852.5,852.5,18950652
2025-03-18,843.7944946289062,855.2000122070312,855.2000122070312,855.2000122070312,855.2000122070312,0
2025-03-19,860.4197387695312,872.0499877929688,875.5,866.0999755859375,867.5,15221406
2025-03-20,872.580322265625,884.375,887.0,874.6500244140625,877.0,17833978
2025-03-21,873.3696899414062,885.1749877929688,887.0499877929688,877.7750244140625,877.7750244140625,33508264
2025-03-24,887.9969482421875,900.0,902.2000122070312,886.8250122070312,889.5,17393736
2025-03-25,898.5789184570312,910.7249755859375,921.8499755859375,900.75,902.4500122070312,39101416
2025-03-26,891.2283325195312,903.2750244140625,913.75,901.0,912.5,24478442
2025-03-27,900.5029296875,912.6749877929688,920.5,899.0499877929688,900.0,41658100
2025-03-28,901.9088745117188,914.0999755859375,918.0,902.9249877929688,914.5,28773648
2025-04-01,872.1363525390625,883.9249877929688,904.9500122070312,882.6749877929688,901.0,28511006
2025-04-02,886.4676513671875,898.4500122070312,899.5999755859375,885.3499755859375,885.3499755859375,11573564
2025-04-03,885.456298828125,897.4249877929688,902.0,888.5,890.5499877929688,11250038
2025-04-04,896.5316772460938,908.6500244140625,920.9749755859375,905.5499877929688,906.5,33540454
2025-04-07,867.1289672851562,878.8499755859375,889.9249877929688,869.0999755859375,881.4000244140625,37995450
2025-04-08,872.7777099609375,884.5750122070312,891.0,875.1500244140625,882.5,35563872
2025-04-09,870.7303466796875,882.5,887.5,876.75,882.5,22454608
2025-04-11,891.3269653320312,903.375,909.7000122070312,887.375,887.375,32775766
2025-04-15,920.0142211914062,932.4500122070312,938.4000244140625,927.5,932.5,49298344
2025-04-16,926.4768676757812,939.0,941.9000244140625,930.25,941.9000244140625,19136820
2025-04-17,940.6354370117188,953.3499755859375,959.8499755859375,938.3499755859375,941.0,35703084
2025-04-21,950.6994018554688,963.5499877929688,975.3499755859375,955.0,962.0,34247298
2025-04-22,967.7686767578125,980.8499755859375,985.2999877929688,967.5,967.5,45961750
2025-04-23,949.1207275390625,961.9500122070312,989.4500122070312,960.25,989.4500122070312,30570642
2025-04-24,945.6181030273438,958.4000244140625,961.9500122070312,952.5499877929688,955.0,25931754
2025-04-25,942.8554077148438,955.5999755859375,966.5,945.9000244140625,962.4000244140625,18500878
2025-04-28,947.29541015625,960.0999755859375,964.8499755859375,954.2000122070312,955.5999755859375,13920492
2025-04-29,941.6714477539062,954.4000244140625,964.4000244140625,950.0999755859375,959.4000244140625,18918308
2025-04-30,949.6633911132812,962.5,968.4500122070312,955.1500244140625,956.5,31936870
2025-05-02,948.1341552734375,960.9500122070312,970.9500122070312,960.0,964.9000244140625,17840404
2025-05-05,955.4847412109375,968.4000244140625,976.0,966.1500244140625,969.5,15068024
2025-05-06,952.9686889648438,965.8499755859375,970.0499877929688,962.1500244140625,965.0,17490156
2025-05-07,959.8260498046875,972.7999877929688,974.3499755859375,961.2000122070312,967.0,21420778
2025-05-08,951.3900756835938,964.25,977.4000244140625,959.5499877929688,977.4000244140625,34803430
2025-05-09,932.248779296875,944.8499755859375,959.5,943.4000244140625,955.0499877929688,17188796
2025-05-12,965.5487060546875,978.5999755859375,979.9500122070312,956.1500244140625,958.7999877929688,18618972
2025-05-13,948.4793701171875,961.2999877929688,980.8499755859375,960.0,975.0,24242102
2025-05-14,942.5594482421875,955.2999877929688,965.0999755859375,951.5,961.0499877929688,15445308
2025-05-15,954.0047607421875,966.9000244140625,972.4000244140625,948.5,956.75,32241458
2025-05-16,954.44873046875,967.3499755859375,971.9000244140625,964.2000122070312,966.9000244140625,15868010
2025-05-19,956.4220581054688,969.3499755859375,972.5,965.5,968.5,10202964
2025-05-20,944.6807861328125,957.4500122070312,967.2999877929688,956.5,964.0499877929688,23879090
2025-05-21,950.5514526367188,963.4000244140625,973.4500122070312,960.5499877929688,963.5,15132040
2025-05-22,947.1474609375,959.9500122070312,962.0999755859375,952.5999755859375,957.5999755859375,21306670
2025-05-23,953.9060668945312,966.7999877929688,968.5,957.25,960.0499877929688,9566072
2025-05-26,957.1619873046875,970.0999755859375,974.9500122070312,963.4500122070312,967.5,10802860
2025-05-27,950.3047485351562,963.1500244140625,974.0,958.1500244140625,965.7999877929688,26162148
2025-05-28,948.9234008789062,961.75,967.25,958.8499755859375,960.0999755859375,18157594
2025-05-29,950.896728515625,963.75,970.4000244140625,953.6500244140625,964.0,28917794
2025-05-30,959.480712890625,972.4500122070312,974.4000244140625,962.7000122070312,965.9500122070312,28748078
2025-06-02,953.166015625,966.0499877929688,968.0,954.0,965.0499877929688,14668822
2025-06-03,949.466064453125,962.2999877929688,976.0,960.0,969.0,24377584
2025-06-04,957.6553344726562,970.5999755859375,971.6500244140625,960.4500122070312,960.5,12961542
2025-06-05,961.79931640625,974.7999877929688,979.4500122070312,970.0999755859375,974.0,22255418
2025-06-06,976.1552734375,989.3499755859375,998.1500244140625,971.3499755859375,972.0,30127008
2025-06-09,976.2540283203125,989.4500122070312,997.5,987.9500122070312,997.5,13202588
2025-06-10,969.5447387695312,982.6500244140625,991.4000244140625,980.5499877929688,991.4000244140625,15533126
2025-06-11,962.1940307617188,975.2000122070312,983.7999877929688,973.5,983.7999877929688,11096394
2025-06-12,958.74072265625,971.7000122070312,980.5,967.6500244140625,975.0,16349130
2025-06-13,946.0127563476562,958.7999877929688,966.5,956.5,960.0,12117762
2025-06-16,954.7940673828125,967.7000122070312,969.4500122070312,960.0499877929688,962.0,16513746
2025-06-17,951.9327392578125,964.7999877929688,970.7999877929688,959.5499877929688,968.5,16978736
2025-06-18,954.0540771484375,966.9500122070312,968.1500244140625,958.5,958.5,18433816
2025-06-19,954.7447509765625,967.6500244140625,973.4000244140625,962.7999877929688,966.9500122070312,16876220
2025-06-20,969.2486572265625,982.3499755859375,984.9500122070312,965.7999877929688,965.7999877929688,32900408
2025-06-23,961.2073974609375,974.2000122070312,978.9500122070312,970.9000244140625,974.2000122070312,11739518
2025-06-24,967.3740234375,980.4500122070312,989.5,977.7999877929688,982.5,22625322
2025-06-25,976.8953247070312,990.0999755859375,991.0,981.9500122070312,983.0,18405932
2025-06-26,997.4179077148438,1010.9000244140625,1013.5499877929688,990.0,990.7000122070312,50084830
2025-06-27,1004.9491577148438,1007.4500122070312,1009.9000244140625,996.7000122070312,1006.5,28213384
2025-06-30,998.2658081054688,1000.75,1006.9000244140625,997.75,1005.75,13649020
2025-07-01,1003.5526123046875,1006.0499877929688,1008.0,1002.0,1002.5,14389386
2025-07-02,990.5350341796875,993.0,1009.9500122070312,988.9500122070312,1009.9500122070312,18878250
2025-07-03,991.0836181640625,993.5499877929688,1004.0,992.1500244140625,997.4500122070312,16860506
2025-07-04,992.1809692382812,994.6500244140625,1001.75,990.0,993.5499877929688,7863944
2025-07-07,991.2332763671875,993.7000122070312,999.2000122070312,991.9000244140625,994.5,11349426
2025-07-08,998.2159423828125,1000.7000122070312,1002.5,988.5,988.5,15224316
2025-07-09,1003.1036987304688,1005.5999755859375,1006.9000244140625,999.0499877929688,1003.5,13861428
2025-07-10,1000.6099243164062,1003.0999755859375,1008.5,1000.0,1008.0,17030310
2025-07-11,989.3878784179688,991.8499755859375,1002.4000244140625,990.4500122070312,999.0,12516922
2025-07-14,989.0387573242188,991.5,994.3499755859375,985.2999877929688,991.5,13088850
2025-07-15,995.2732543945312,997.75,1001.7999877929688,986.5,986.5,14498168
2025-07-16,995.6722412109375,998.1500244140625,1011.3499755859375,996.2999877929688,1009.0,17994612
2025-07-17,990.98388671875,993.4500122070312,1002.4000244140625,991.3499755859375,1002.0,22529158
2025-07-18,976.2705078125,978.7000122070312,998.5,976.5,993.4500122070312,16129446
2025-07-21,997.7670288085938,1000.25,1001.0,988.25,989.0999755859375,22309078
2025-07-22,1001.058837890625,1003.5499877929688,1009.0,1001.5,1006.5499877929688,14836814
2025-07-23,1009.6375122070312,1012.1500244140625,1014.9000244140625,1001.5,1005.5,13634916
2025-07-24,1004.5999755859375,1007.0999755859375,1018.8499755859375,1004.2000122070312,1018.8499755859375,19107176
2025-07-25,1002.2999877929688,1002.2999877929688,1007.5,999.5,1007.5,9306598
2025-07-28,1004.25,1004.25,1010.7000122070312,1000.25,1001.5,12059580
2025-07-29,1010.7999877929688,1010.7999877929688,1013.25,998.1500244140625,999.9500122070312,19895696
2025-07-30,1012.9000244140625,1012.9000244140625,1016.2999877929688,1008.5,1014.0,15154036
2025-07-31,1009.0999755859375,1009.0999755859375,1015.7000122070312,1004.0,1007.2999877929688,22183032
2025-08-01,1006.0999755859375,1006.0999755859375,1014.1500244140625,1004.6500244140625,1007.0,11317258
2025-08-04,996.0,996.0,1009.25,994.0499877929688,1005.0499877929688,13933946
2025-08-05,988.7999877929688,988.7999877929688,997.2000122070312,982.75,993.25,23978058
2025-08-06,992.6500244140625,992.6500244140625,994.0,985.0,985.5499877929688,14080204
2025-08-07,997.7000122070312,997.7000122070312,1000.7999877929688,988.4000244140625,990.0499877929688,13081186
2025-08-08,986.9500122070312,986.9500122070312,996.4000244140625,985.0,993.5499877929688,13895264
2025-08-11,997.7999877929688,997.7999877929688,998.7999877929688,986.5499877929688,987.9500122070312,9105854
2025-08-12,984.9500122070312,984.9500122070312,998.0,983.75,995.9500122070312,12937802
2025-08-13,990.1500244140625,990.1500244140625,997.0,984.5499877929688,997.0,13577396
2025-08-14,995.5499877929688,995.5499877929688,998.0,985.5999755859375,989.0,17511716
2025-08-18,1001.7999877929688,1001.7999877929688,1013.2999877929688,997.7999877929688,1005.0,19284796
2025-08-19,995.5499877929688,995.5499877929688,1003.0499877929688,993.3499755859375,999.1500244140625,12352438
2025-08-20,994.0999755859375,994.0999755859375,996.0,989.5,993.5,9950228
2025-08-21,995.5999755859375,995.5999755859375,998.75,991.5999755859375,998.75,12439850
2025-08-22,982.2999877929688,982.2999877929688,998.0,978.5499877929688,994.9500122070312,19833502
2025-08-25,982.0499877929688,982.0499877929688,988.7000122070312,978.5,980.0999755859375,17518044
2025-08-26,973.4000244140625,973.4000244140625,985.7000122070312,968.0,979.5,16917731
2025-08-28,957.7999877929688,957.7999877929688,972.2000122070312,955.0,967.0,25438255
2025-08-29,951.5999755859375,951.5999755859375,963.2999877929688,950.0999755859375,954.0,14823813
2025-09-01,950.5999755859375,950.5999755859375,957.4500122070312,946.3499755859375,949.5999755859375,20178344
2025-09-02,944.5,944.5,954.7999877929688,944.0,951.0,14196320
2025-09-03,954.4500122070312,954.4500122070312,956.2999877929688,940.0,945.0,16083481
2025-09-04,961.25,961.25,965.7000122070312,956.25,960.2000122070312,17597657
2025-09-05,963.4000244140625,963.4000244140625,967.5,954.0499877929688,967.5,11602111
2025-09-08,966.0,966.0,973.1500244140625,960.4500122070312,969.0,11711307
2025-09-09,965.1500244140625,965.1500244140625,974.4000244140625,962.7000122070312,974.0,13985539
2025-09-10,965.9000244140625,965.9000244140625,973.9000244140625,961.7000122070312,973.9000244140625,18091100
2025-09-11,967.7999877929688,967.7999877929688,969.25,959.9000244140625,960.2999877929688,15113633
2025-09-12,967.2999877929688,967.2999877929688,970.75,962.25,969.9000244140625,14363519
2025-09-15,967.0499877929688,967.0499877929688,972.3499755859375,965.0,969.5999755859375,14486377
2025-09-16,966.8499755859375,966.8499755859375,969.3499755859375,961.2000122070312,961.2000122070312,18661794
2025-09-17,966.5,966.5,974.4000244140625,964.3499755859375,965.1500244140625,17361476
2025-09-18,976.9000244140625,976.9000244140625,979.6500244140625,969.25,973.2999877929688,17791598
2025-09-19,966.9000244140625,966.9000244140625,976.7000122070312,962.0999755859375,974.9000244140625,31243267
2025-09-22,964.2000122070312,964.2000122070312,971.2000122070312,961.9500122070312,964.0,10854415
2025-09-23,957.2000122070312,957.2000122070312,968.2000122070312,955.5,967.0,21022298
2025-09-24,951.0499877929688,951.0499877929688,956.4500122070312,943.0,952.2000122070312,15117220
2025-09-25,949.8499755859375,949.8499755859375,958.0,947.4000244140625,952.5,31413279
2025-09-26,945.0499877929688,945.0499877929688,951.4500122070312,941.2999877929688,945.0999755859375,14874656
2025-09-29,950.2999877929688,950.2999877929688,956.7999877929688,939.0999755859375,946.0499877929688,32398179
2025-09-30,951.0,951.0,960.0,946.2999877929688,958.0499877929688,28296687
2025-10-01,965.25,965.25,969.5999755859375,946.0,952.7000122070312,25350832
2025-10-03,965.1500244140625,965.1500244140625,966.75,952.0,952.0,26658296
2025-10-06,973.4500122070312,973.4500122070312,977.4000244140625,962.0,971.9000244140625,18542683
2025-10-07,982.5,982.5,989.8499755859375,971.0,974.0,25535736
2025-10-08,978.7000122070312,978.7000122070312,985.9000244140625,974.5499877929688,976.0,15939710
2025-10-09,977.0999755859375,977.0999755859375,979.0,970.1500244140625,974.5,15370950
2025-10-10,980.9000244140625,980.9000244140625,986.2000122070312,978.0999755859375,979.0,13757080
2025-10-13,977.0,977.0,981.0,972.0,974.2999877929688,18634254
2025-10-14,977.1500244140625,977.1500244140625,980.4500122070312,967.0,970.0,22934382
2025-10-15,978.25,978.25,984.9000244140625,973.3499755859375,975.0,23310447
2025-10-16,994.3499755859375,994.3499755859375,996.5999755859375,981.5,982.6500244140625,22936566
2025-10-17,1002.5499877929688,1002.5499877929688,1009.0,986.0,993.9500122070312,25210511
2025-10-20,1002.9500122070312,1002.9500122070312,1020.0,997.0,997.0,22195202
2025-10-21,1007.7000122070312,1007.7000122070312,1010.0,1004.0,1006.0,3471600
2025-10-23,1008.7999877929688,1008.7999877929688,1020.5,1006.0,1016.0,43526526
2025-10-24,994.75,994.75,1011.9500122070312,991.2999877929688,1011.0,17707768
2025-10-27,1002.9500122070312,1002.9500122070312,1009.0499877929688,996.2000122070312,996.5,15700796
2025-10-28,1003.5499877929688,1003.5499877929688,1008.0,995.0,997.6500244140625,33904289
2025-10-29,1007.8499755859375,1007.8499755859375,1012.5,1000.0,1004.9000244140625,17769445
2025-10-30,998.1500244140625,998.1500244140625,1009.5,997.0999755859375,1000.0,19962917
2025-10-31,987.2999877929688,987.2999877929688,1004.4500122070312,981.1500244140625,994.0,23221330
2025-11-03,992.6500244140625,992.6500244140625,994.5499877929688,983.2999877929688,985.0,16607180
2025-11-04,985.25,985.25,997.0,983.7000122070312,987.0,20024544
2025-11-06,984.6500244140625,984.6500244140625,991.0499877929688,974.0,981.0,22279516
2025-11-07,982.2999877929688,982.2999877929688,984.9000244140625,974.75,980.0,15004568
2025-11-10,984.5,984.5,990.9500122070312,980.2000122070312,982.2999877929688,15988262
2025-11-11,991.7000122070312,991.7000122070312,993.5,978.0,983.5,10200530
2025-11-12,989.5,989.5,999.0,987.7000122070312,998.7999877929688,13137263
2025-11-13,986.6500244140625,986.6500244140625,990.0999755859375,982.5999755859375,984.0,14124839
2025-11-14,989.5999755859375,989.5999755859375,991.6500244140625,976.0499877929688,976.0499877929688,21386965
2025-11-17,996.5499877929688,996.5499877929688,997.9500122070312,985.5999755859375,991.25,18396408
2025-11-18,992.4500122070312,992.4500122070312,999.0,990.0,997.6500244140625,20002640
2025-11-19,994.5999755859375,994.5999755859375,996.5499877929688,984.0,990.0,19813847
2025-11-20,1008.8499755859375,1008.8499755859375,1011.5999755859375,992.4500122070312,995.2999877929688,19850865
2025-11-21,998.0499877929688,998.0499877929688,1008.2999877929688,996.5499877929688,1003.0999755859375,17499897
2025-11-24,999.1500244140625,999.1500244140625,1011.4500122070312,993.5999755859375,1000.0,32204053
2025-11-25,989.7999877929688,989.7999877929688,1006.0999755859375,988.4000244140625,1004.0,24989383
2025-11-26,1003.9000244140625,1003.9000244140625,1006.9500122070312,981.2999877929688,981.2999877929688,19494356
2025-11-27,1009.5,1009.5,1016.7999877929688,1001.0,1002.0999755859375,25536848
2025-11-28,1007.5999755859375,1007.5999755859375,1012.0499877929688,1004.2000122070312,1007.0,15988807
2025-12-01,1002.0999755859375,1002.0999755859375,1017.5,999.2999877929688,1017.5,16746566
2025-12-02,989.7999877929688,989.7999877929688,994.4000244140625,985.0,988.0,27316662
2025-12-03,1000.5,1000.5,1002.2999877929688,986.0,986.0,15448777
2025-12-04,997.2000122070312,997.2000122070312,1004.7000122070312,993.0,1000.0,14528169
2025-12-05,1003.2999877929688,1003.2999877929688,1008.0,990.2000122070312,992.0,12843366
2025-12-08,1003.0999755859375,1003.0999755859375,1006.5,997.5,1000.0,12901022
2025-12-09,997.0999755859375,997.0999755859375,1002.7999877929688,994.0,994.9000244140625,15294322
2025-12-10,989.7999877929688,989.7999877929688,998.5,985.2999877929688,997.5,15322830
2025-12-11,1000.2999877929688,1000.2999877929688,1002.7000122070312,988.5,990.0,11844809
2025-12-12,1001.5,1001.5,1004.7000122070312,998.2000122070312,1003.0,11988618
2025-12-15,996.0999755859375,996.0999755859375,1001.7999877929688,992.0,992.0,9790060
2025-12-16,994.2999877929688,994.2999877929688,998.7000122070312,990.0999755859375,990.0999755859375,20049088
2025-12-17,984.0,984.0,996.0,980.7999877929688,996.0,19080922
2025-12-18,979.7000122070312,979.7000122070312,987.4000244140625,973.2999877929688,973.2999877929688,14912404
2025-12-19,985.5,985.5,988.0,978.7000122070312,987.0,25952384
2025-12-22,987.7000122070312,987.7000122070312,992.9000244140625,983.9000244140625,988.0,13540411
2025-12-23,996.5999755859375,996.5999755859375,998.9000244140625,987.7000122070312,990.5,17927849
2025-12-24,997.2000122070312,997.2000122070312,999.4000244140625,993.0,993.0,13699996
2025-12-26,992.0999755859375,992.0999755859375,997.2000122070312,987.7000122070312,996.0,9360853
2025-12-29,991.7000122070312,991.7000122070312,997.4000244140625,987.2000122070312,993.0999755859375,13545749
2025-12-30,990.9000244140625,990.9000244140625,995.0,982.2000122070312,990.2000122070312,33155849
2025-12-31,991.2000122070312,991.2000122070312,997.5999755859375,987.5999755859375,991.0,10963454
2026-01-01,991.1500244140625,991.1500244140625,997.5499877929688,989.5,993.5,7132074
2026-01-02,1001.5999755859375,1001.5999755859375,1003.2000122070312,988.7999877929688,991.1500244140625,11751459
2026-01-05,977.5,977.5,1006.4000244140625,976.2999877929688,1005.75,27647379
2026-01-06,962.2000122070312,962.2000122070312,966.7000122070312,956.0,962.7000122070312,31988783
2026-01-07,949.0499877929688,949.0499877929688,956.4500122070312,946.0,956.0,52884712
2026-01-08,946.7000122070312,946.7000122070312,953.0,941.4000244140625,944.7000122070312,21928849
2026-01-09,939.0,939.0,950.5999755859375,933.2999877929688,945.0,38183839
2026-01-12,936.9500122070312,936.9500122070312,942.0,929.5999755859375,937.5,21071666
2026-01-13,937.3499755859375,937.3499755859375,947.7000122070312,932.5999755859375,947.7000122070312,32042827
2026-01-14,925.4500122070312,925.4500122070312,940.0499877929688,920.2000122070312,930.0,36688248
2026-01-15,925.4500122070312,925.4500122070312,925.4500122070312,925.4500122070312,925.4500122070312,0
2026-01-16,931.0999755859375,931.0999755859375,935.9500122070312,919.2000122070312,922.0,37780235
2026-01-19,927.9000244140625,927.9000244140625,936.1500244140625,919.5,935.9000244140625,38191942
2026-01-20,931.2000122070312,931.2000122070312,934.5,919.5999755859375,929.2999877929688,36022727
2026-01-21,920.3499755859375,920.3499755859375,932.1500244140625,915.5,925.0,32766854
2026-01-22,918.7000122070312,918.7000122070312,928.2999877929688,913.2000122070312,928.0,44444755
2026-01-23,916.0999755859375,916.0999755859375,926.0999755859375,909.25,920.0,30985247
2026-01-27,926.4000244140625,926.4000244140625,931.2000122070312,905.0,906.0,44753093
2026-01-28,932.7000122070312,932.7000122070312,941.4500122070312,928.4000244140625,932.5,35347138
2026-01-29,935.5,935.5,939.2999877929688,924.3499755859375,930.0999755859375,37175628
2026-01-30,929.25,929.25,938.9000244140625,927.75,930.0,29691233
2026-02-02,928.0999755859375,928.0999755859375,929.7999877929688,909.2999877929688,915.0,28032106
2026-02-03,948.7000122070312,948.7000122070312,994.0,945.0,983.75,50336968
2026-02-04,953.0999755859375,953.0999755859375,957.2000122070312,947.9500122070312,952.5,24366770
2026-02-05,949.7000122070312,949.7000122070312,956.0499877929688,946.7000122070312,956.0,28103169
2026-02-06,941.0999755859375,941.0999755859375,948.0999755859375,937.5999755859375,945.0,18120272
2026-02-09,937.25,937.25,950.0,935.3499755859375,945.0,23947829
2026-02-10,932.4000244140625,932.4000244140625,940.9000244140625,929.9500122070312,930.0,31525385
2026-02-11,927.0999755859375,927.0999755859375,936.0,925.2999877929688,931.25,24869804
2026-02-12,920.5999755859375,920.5999755859375,928.5999755859375,918.5,927.0,33872203
2026-02-13,903.9000244140625,903.9000244140625,928.2000122070312,901.0,913.0,50188359
2026-02-16,925.7999877929688,925.7999877929688,929.5,902.0999755859375,903.9000244140625,18806989
2026-02-17,925.7000122070312,925.7000122070312,928.0999755859375,918.5999755859375,923.0,22599629
2026-02-18,924.7000122070312,924.7000122070312,925.5,919.5499877929688,923.2000122070312,12738702
2026-02-19,915.5999755859375,915.5999755859375,929.2000122070312,912.4500122070312,929.0,21209234
2026-02-20,911.8499755859375,911.8499755859375,917.8499755859375,908.4000244140625,911.0,22654907
2026-02-23,923.5999755859375,923.5999755859375,925.6500244140625,915.25,916.5,23270122
2026-02-24,910.5,910.5,927.9500122070312,909.1500244140625,927.9500122070312,31313985
2026-02-25,907.5999755859375,907.5999755859375,916.0,903.0999755859375,910.5499877929688,27884303
2026-02-26,898.5999755859375,898.5999755859375,912.0,895.0,912.0,41165937
2026-02-27,887.75,887.75,898.9500122070312,885.0,898.5999755859375,34620755
2026-03-02,879.4000244140625,879.4000244140625,887.75,871.5499877929688,876.2000122070312,38378924
2026-03-04,868.6500244140625,868.6500244140625,879.2999877929688,848.0,848.0,39862322
2026-03-05,877.75,877.75,881.4000244140625,863.5,873.8499755859375,31324582
2026-03-06,857.0499877929688,857.0499877929688,871.7000122070312,855.0999755859375,868.0499877929688,34439647
2026-03-09,840.7000122070312,840.7000122070312,842.4500122070312,821.5,825.0,35592613
2026-03-10,849.4500122070312,849.4500122070312,856.7999877929688,840.5999755859375,850.0499877929688,52866024
2026-03-11,833.9500122070312,833.9500122070312,848.8499755859375,827.5999755859375,845.0,42261076
2026-03-12,832.75,832.75,836.4000244140625,820.0999755859375,820.0999755859375,46107561
2026-03-13,817.0,817.0,823.7999877929688,812.0,820.0,41700464
2026-03-16,840.5999755859375,840.5999755859375,844.5,815.6500244140625,817.0,52182605
2026-03-17,845.3499755859375,845.3499755859375,848.9000244140625,835.0999755859375,847.7000122070312,38826979
2026-03-18,843.0499877929688,843.0499877929688,846.7999877929688,831.5999755859375,845.3499755859375,23507063
2026-03-19,798.2000122070312,798.2000122070312,815.6500244140625,770.0,770.0,171637393
2026-03-20,780.4500122070312,780.4500122070312,793.75,778.2000122070312,785.0,103129469
2026-03-23,744.1500244140625,744.1500244140625,768.7000122070312,741.0499877929688,763.1500244140625,72341738
2026-03-24,764.9000244140625,764.9000244140625,772.75,747.7000122070312,755.0,61269986
2026-03-25,782.2999877929688,782.2999877929688,794.7999877929688,768.2000122070312,768.2000122070312,59230640
2026-03-27,756.2000122070312,756.2000122070312,774.9000244140625,754.5499877929688,773.2000122070312,65485199
2026-03-30,731.5499877929688,731.5499877929688,751.0,726.6500244140625,745.2000122070312,103500135
2026-04-01,742.25,742.25,755.9000244140625,739.0999755859375,743.0,78862761
2026-04-02,750.9000244140625,750.9000244140625,755.0,726.6500244140625,730.0,49310300
2026-04-06,771.0,771.0,772.75,745.0,759.0,42976659
2026-04-07,772.0,772.0,774.0,761.0,766.0,51309793
2026-04-08,816.0999755859375,816.0999755859375,817.7999877929688,796.0,800.0,70269512
2026-04-09,797.7000122070312,797.7000122070312,819.0,793.0999755859375,815.0,48879392
2026-04-10,810.2999877929688,810.2999877929688,812.25,801.0,804.0,38156026
