Price,Adj Close,Close,High,Low,Open,Volume
Ticker,ITC.NS,ITC.NS,ITC.NS,ITC.NS,ITC.NS,ITC.NS
Date,,,,,,
2016-04-11,146.69082641601562,210.0760040283203,210.7500457763672,203.49609375,206.705810546875,14365804
2016-04-12,144.51683044433594,206.96258544921875,209.0489044189453,206.06385803222656,208.6316375732422,6187731
2016-04-13,148.48387145996094,212.64378356933594,213.57460021972656,208.3106689453125,208.6316375732422,12397612
2016-04-18,150.34410095214844,215.30784606933594,217.2015838623047,212.51539611816406,215.0510711669922,14746380
2016-04-20,150.3889617919922,215.37203979492188,217.1694793701172,213.51040649414062,215.2757568359375,9345601
2016-04-21,147.90113830566406,211.8092498779297,216.0139923095703,210.30068969726562,215.4362335205078,7212220
2016-04-22,146.0408935546875,209.1451873779297,212.57958984375,208.278564453125,209.24148559570312,6515084
2016-04-25,143.86685180664062,206.03176879882812,208.95260620117188,205.67869567871094,206.25643920898438,6324530
2016-04-26,146.7581024169922,210.17230224609375,210.7821502685547,200.6073455810547,201.05670166015625,15023308
2016-04-27,149.51487731933594,214.12025451660156,214.7301025390625,209.30567932128906,209.30567932128906,9677599
2016-04-28,144.74095153808594,207.28355407714844,213.125244140625,206.41693115234375,211.8413543701172,20225037
2016-04-29,145.6598663330078,208.5995330810547,209.3377685546875,205.48611450195312,207.4440460205078,10729330
2016-05-02,143.95651245117188,206.16015625,207.98968505859375,205.03675842285156,207.50823974609375,3388196
2016-05-03,141.67041015625,202.88624572753906,207.63662719726562,201.57025146484375,206.4490203857422,11124246
2016-05-04,140.1463623046875,200.70362854003906,205.1009521484375,199.09877014160156,202.2122039794922,6402669
2016-05-05,142.38758850097656,203.91334533691406,205.614501953125,200.0295867919922,200.286376953125,6576427
2016-05-06,142.41001892089844,203.94544982910156,205.03675842285156,196.43470764160156,200.89620971679688,16183901
2016-05-09,145.5926055908203,208.5032501220703,209.20938110351562,205.1009521484375,205.4219207763672,8857475
2016-05-10,145.00991821289062,207.66871643066406,209.27357482910156,206.5132293701172,208.6316375732422,8564326
2016-05-11,142.5445098876953,204.13803100585938,206.54531860351562,202.9183349609375,205.4219207763672,11154663
2016-05-12,142.63412475585938,204.26641845703125,206.1280517578125,202.27639770507812,204.81207275390625,5782937
2016-05-13,143.14964294433594,205.00465393066406,206.5132293701172,202.30848693847656,204.13803100585938,9804509
2016-05-16,147.6545867919922,211.45619201660156,211.8413543701172,203.56028747558594,204.3306121826172,13469690
2016-05-17,148.14768981933594,212.16232299804688,214.05606079101562,211.00682067871094,211.8413543701172,12444300
2016-05-18,149.13380432128906,213.57460021972656,214.9226837158203,209.1451873779297,210.30068969726562,7908685
2016-05-19,145.61502075195312,208.53533935546875,214.4091339111328,207.0267791748047,214.4091339111328,8918517
2016-05-20,148.08042907714844,212.0660400390625,217.42626953125,208.5032501220703,209.75503540039062,21044560
2016-05-23,155.47657775878906,222.65809631347656,227.5689697265625,217.9398193359375,224.45553588867188,54852807
2016-05-24,156.01451110839844,223.42843627929688,225.83572387695312,222.5297088623047,223.39633178710938,16271995
2016-05-25,159.60055541992188,228.56398010253906,229.46270751953125,224.5839385986328,224.93699645996094,10338908
2016-05-26,162.4693603515625,232.67242431640625,233.6674346923828,226.99122619628906,228.53189086914062,13074273
2016-05-27,161.05735778808594,230.65029907226562,233.60324096679688,228.6602783203125,232.99339294433594,10925400
2016-05-30,163.82720947265625,228.8528594970703,230.13674926757812,226.4776611328125,226.86282348632812,7646107
2016-05-31,161.32269287109375,225.35426330566406,230.74658203125,224.19876098632812,228.53189086914062,15054842
2016-06-01,166.0789794921875,231.99838256835938,232.51193237304688,226.60604858398438,226.60604858398438,12409528
2016-06-02,164.5165252685547,229.81576538085938,231.42062377929688,226.73443603515625,231.0033721923828,13708259
2016-06-03,162.63238525390625,227.18380737304688,231.0033721923828,226.3171844482422,231.0033721923828,7381218
2016-06-06,163.41358947753906,228.2751007080078,229.1417236328125,225.54684448242188,227.055419921875,7694861
2016-06-07,166.69932556152344,232.86500549316406,233.50694274902344,229.173828125,229.173828125,11008034
2016-06-08,166.7222900390625,232.8970947265625,234.3093719482422,231.5490264892578,233.6674346923828,7611794
2016-06-09,162.7242889404297,227.31219482421875,232.99339294433594,226.34927368164062,232.76870727539062,12065100
2016-06-10,161.1618194580078,225.12957763671875,230.2330322265625,224.7123260498047,226.63815307617188,11163385
2016-06-13,160.794189453125,224.61602783203125,226.95912170410156,221.8877716064453,223.78150939941406,12184759
2016-06-14,162.3566436767578,226.7986297607422,227.2480010986328,223.2679443359375,225.2579803466797,7849407
2016-06-15,165.2288055419922,230.810791015625,231.0996551513672,227.08750915527344,227.2480010986328,9890057
2016-06-16,163.0919189453125,227.82574462890625,230.71449279785156,225.38636779785156,230.71449279785156,9057747
2016-06-17,165.3666534423828,231.0033721923828,231.5490264892578,228.1146240234375,228.1146240234375,9326214
2016-06-20,164.5395050048828,229.84786987304688,231.74160766601562,227.95413208007812,231.42062377929688,9020745
2016-06-21,164.7462921142578,230.13674926757812,230.90707397460938,228.21090698242188,229.4947967529297,6913784
2016-06-22,163.00001525878906,227.69735717773438,230.5540008544922,226.3171844482422,228.49978637695312,9255264
2016-06-23,165.55047607421875,231.26014709472656,232.0625762939453,227.8899383544922,227.8899383544922,8991200
2016-06-24,162.7242889404297,227.31219482421875,231.16384887695312,224.80860900878906,226.3171844482422,12511364
2016-06-27,164.95306396484375,230.4256134033203,231.99838256835938,227.31219482421875,227.31219482421875,10639592
2016-06-28,169.3417205810547,236.55618286132812,236.9734344482422,230.4256134033203,231.0996551513672,16301081
2016-06-29,168.3307342529297,235.14390563964844,237.48699951171875,233.6674346923828,237.48699951171875,11999827
2016-06-30,169.29574584960938,236.4919891357422,238.6103973388672,235.047607421875,236.23519897460938,21706947
2016-07-01,173.9486541748047,242.99166870117188,250.1172332763672,233.60324096679688,234.27728271484375,29020448
2016-07-04,168.813232421875,235.8179473876953,244.58047485351562,234.95132446289062,244.58047485351562,14535927
2016-07-05,167.8826446533203,234.51800537109375,237.84005737304688,233.21807861328125,236.7327117919922,9335877
2016-07-07,170.2607879638672,237.84005737304688,239.4288787841797,234.8550262451172,235.43276977539062,9305981
2016-07-08,169.46807861328125,236.7327117919922,238.22523498535156,233.50694274902344,238.22523498535156,7165465
2016-07-11,171.74281311035156,239.91033935546875,242.26947021484375,237.59933471679688,239.09185791015625,7547920
2016-07-12,171.225830078125,239.18814086914062,242.6064910888672,237.84005737304688,241.64358520507812,4302932
2016-07-13,170.32974243164062,237.9363555908203,239.95848083496094,236.8771514892578,239.23629760742188,4510416
2016-07-14,171.4326171875,239.47702026367188,241.6917266845703,236.01052856445312,237.84005737304688,6326605
2016-07-15,171.53602600097656,239.6214599609375,243.1842498779297,238.3696746826172,239.76589965820312,9705885
2016-07-18,171.57052612304688,239.6696014404297,240.6806640625,238.41781616210938,239.8140411376953,7088259
2016-07-19,171.6738739013672,239.8140411376953,240.7288055419922,236.4919891357422,239.76589965820312,6980063
2016-07-20,172.50106811523438,240.96954345703125,242.65464782714844,238.7548370361328,239.8140411376953,9671252
2016-07-21,172.74232482910156,241.3065643310547,244.09901428222656,237.35861206054688,243.6175537109375,12168179
2016-07-22,172.22532653808594,240.58438110351562,246.69888305664062,237.9844970703125,243.76199340820312,16388121
2016-07-25,173.53504943847656,242.41390991210938,242.65464782714844,239.76589965820312,240.2473602294922,9212323
2016-07-26,173.53504943847656,242.41390991210938,244.14715576171875,241.21026611328125,242.317626953125,7080363
2016-07-27,170.5365447998047,238.22523498535156,244.29159545898438,237.16603088378906,241.6917266845703,9241105
2016-07-28,175.29278564453125,244.8693389892578,245.92855834960938,239.04371643066406,240.15106201171875,11787316
2016-07-29,174.01754760742188,243.08795166015625,246.98776245117188,242.07688903808594,244.77305603027344,12596909
2016-08-01,172.74232482910156,241.3065643310547,245.73597717285156,240.29550170898438,242.65464782714844,9926094
2016-08-02,179.77334594726562,251.1282958984375,252.28379821777344,241.6917266845703,241.6917266845703,17425566
2016-08-03,174.1898956298828,243.3286895751953,250.3579559326172,241.9324493408203,250.3579559326172,11408861
2016-08-04,173.77627563476562,242.7509307861328,245.39895629882812,240.92138671875,244.58047485351562,8995366
2016-08-05,174.0864715576172,243.1842498779297,246.98776245117188,241.78802490234375,242.799072265625,4533189
2016-08-08,172.2942657470703,240.6806640625,245.3026580810547,240.2473602294922,243.6175537109375,8739307
2016-08-09,170.70884704589844,238.46595764160156,240.7288055419922,236.9734344482422,240.7288055419922,9718838
2016-08-10,169.9161376953125,237.35861206054688,239.18814086914062,236.6845703125,238.802978515625,5457692
2016-08-11,173.46609497070312,242.317626953125,243.4249725341797,237.40675354003906,237.84005737304688,11158153
2016-08-12,175.15492248535156,244.6767578125,246.02484130859375,241.01768493652344,241.25840759277344,8603626
2016-08-16,175.84423828125,245.63967895507812,248.43212890625,244.05087280273438,244.82119750976562,10689714
2016-08-17,174.87921142578125,244.29159545898438,247.22848510742188,242.84722900390625,245.11007690429688,8649054
2016-08-18,173.81077575683594,242.799072265625,245.92855834960938,242.17318725585938,244.96563720703125,6939437
2016-08-19,172.98358154296875,241.64358520507812,243.03981018066406,240.4880828857422,242.65464782714844,5531361
2016-08-22,175.15492248535156,244.6767578125,245.3026580810547,242.17318725585938,242.317626953125,4345966
2016-08-23,173.29376220703125,242.07688903808594,245.5433807373047,241.01768493652344,244.96563720703125,6694732
2016-08-24,172.50106811523438,240.96954345703125,242.65464782714844,239.8621826171875,241.88430786132812,5590189
2016-08-25,174.7068634033203,244.05087280273438,245.5433807373047,240.96954345703125,242.7509307861328,9884849
2016-08-26,174.94813537597656,244.3878936767578,245.4470977783203,242.70278930664062,243.95457458496094,4936367
2016-08-29,174.25881958007812,243.4249725341797,244.53233337402344,241.7398681640625,243.6175537109375,4437169
2016-08-30,177.3607635498047,247.75808715820312,248.33584594726562,243.6656951904297,244.29159545898438,7989072
2016-08-31,179.25636291503906,250.40611267089844,251.80233764648438,246.89146423339844,248.72100830078125,13265582
2016-09-01,179.9112091064453,251.3208770751953,253.2467041015625,249.4913330078125,251.3208770751953,8695602
2016-09-02,181.2209014892578,253.15042114257812,253.92074584960938,250.59869384765625,252.28379821777344,9506919
2016-09-06,181.0141143798828,252.86154174804688,256.0391540527344,251.41717529296875,253.2467041015625,9519864
2016-09-07,181.15196228027344,253.0541229248047,255.1243896484375,252.28379821777344,254.20962524414062,6656556
2016-09-08,182.59951782226562,255.0762481689453,255.7021484375,252.9578399658203,253.72816467285156,8645619
2016-09-09,178.05006408691406,248.72100830078125,254.64292907714844,247.51736450195312,253.2467041015625,10131678
2016-09-12,173.8796844482422,242.89537048339844,247.1803436279297,242.41390991210938,246.45816040039062,7627126
2016-09-14,173.60397338867188,242.5102081298828,243.71385192871094,240.29550170898438,241.6917266845703,13020551
2016-09-15,176.39569091796875,246.41000366210938,248.33584594726562,243.13609313964844,243.13609313964844,8077776
2016-09-16,179.46316528320312,250.69497680664062,252.47637939453125,245.92855834960938,246.5063018798828,14578809
2016-09-19,178.42916870117188,249.2506103515625,252.86154174804688,248.67286682128906,251.80233764648438,6724348
2016-09-20,177.1194610595703,247.4210662841797,249.63577270507812,245.78411865234375,249.58763122558594,6944197
2016-09-21,174.84474182128906,244.2434539794922,249.2024688720703,243.6175537109375,247.1803436279297,9139238
2016-09-22,175.94766235351562,245.78411865234375,247.66180419921875,244.33973693847656,245.97669982910156,7988449
2016-09-23,174.7068634033203,244.05087280273438,247.46922302246094,242.46205139160156,245.5433807373047,5143011
2016-09-26,170.98458862304688,238.8511199951172,243.85829162597656,238.32151794433594,243.6175537109375,10060086
2016-09-27,169.46807861328125,236.7327117919922,240.00662231445312,235.9142303466797,239.4288787841797,6900812
2016-09-28,170.22633361816406,237.7919158935547,240.15106201171875,236.39569091796875,237.16603088378906,7646466
2016-09-29,169.36468505859375,236.58827209472656,240.0547637939453,232.0625762939453,238.89927673339844,18104875
2016-09-30,166.3661651611328,232.39959716796875,237.7919158935547,231.58111572265625,236.54013061523438,9912734
2016-10-03,167.02101135253906,233.31436157226562,235.14390563964844,232.59217834472656,235.14390563964844,6714964
2016-10-04,166.2627716064453,232.25515747070312,234.90316772460938,231.43667602539062,233.9884033203125,8002732
2016-10-05,165.57345581054688,231.292236328125,234.2291259765625,230.32933044433594,232.83290100097656,6470467
2016-10-06,163.6433563232422,228.59608459472656,233.02548217773438,226.91098022460938,233.02548217773438,8986109
2016-10-07,164.7117919921875,230.08859252929688,231.34039306640625,227.97018432617188,229.07752990722656,4164582
2016-10-10,165.5045166015625,231.19595336914062,233.60324096679688,230.66635131835938,233.02548217773438,5241260
2016-10-13,164.7117919921875,230.08859252929688,232.49588012695312,228.1627655029297,231.19595336914062,11089281
2016-10-14,165.3666534423828,231.0033721923828,231.58111572265625,229.2219696044922,230.13674926757812,9579094
2016-10-17,165.8491973876953,231.6774139404297,232.78475952148438,229.65528869628906,231.0033721923828,6379993
2016-10-18,169.53700256347656,236.82901000976562,237.40675354003906,231.38853454589844,232.0625762939453,12234489
2016-10-19,165.0564727783203,230.57005310058594,236.54013061523438,229.55899047851562,236.54013061523438,8734555
2016-10-20,164.98753356933594,230.47377014160156,232.39959716796875,229.27012634277344,232.0625762939453,4572220
2016-10-21,165.53897094726562,231.2440948486328,232.20701599121094,229.89601135253906,230.13674926757812,10999941
2016-10-24,166.3661651611328,232.39959716796875,233.02548217773438,230.810791015625,232.0625762939453,9944640
2016-10-25,164.57391357421875,229.89601135253906,233.89212036132812,229.31826782226562,233.89212036132812,6177333
2016-10-26,164.57391357421875,229.89601135253906,233.50694274902344,224.84071350097656,230.95521545410156,24852951
2016-10-27,167.5724639892578,234.08470153808594,235.72164916992188,230.76263427734375,232.25515747070312,15943817
2016-10-28,167.5724639892578,234.08470153808594,235.2401885986328,230.61819458007812,235.2401885986328,9674418
2016-11-01,165.401123046875,231.051513671875,233.7958221435547,230.2811737060547,233.7958221435547,5730426
2016-11-02,163.57447814941406,228.49978637695312,230.08859252929688,226.38137817382812,228.21090698242188,4867894
2016-11-03,165.64236450195312,231.38853454589844,233.31436157226562,227.2480010986328,228.25906372070312,9210542
2016-11-04,171.6738739013672,239.8140411376953,246.89146423339844,237.88821411132812,242.17318725585938,36621117
2016-11-07,176.80929565429688,246.98776245117188,250.0209503173828,237.84005737304688,244.3878936767578,25202734
2016-11-08,176.18890380859375,246.1211395263672,247.85438537597656,242.84722900390625,246.98776245117188,10317962
2016-11-09,171.05348205566406,238.94741821289062,245.5433807373047,229.70343017578125,230.2811737060547,23914156
2016-11-10,173.0525360107422,241.7398681640625,243.6175537109375,236.44383239746094,243.47311401367188,12012673
2016-11-11,167.4690704345703,233.9402618408203,239.71774291992188,232.0625762939453,238.802978515625,13232720
2016-11-15,163.71231079101562,228.69236755371094,237.7437744140625,227.055419921875,232.9773406982422,22012736
2016-11-16,159.16282653808594,222.33712768554688,230.2330322265625,219.5928192138672,229.1256866455078,31846924
2016-11-17,159.576416015625,222.91488647460938,225.32217407226562,219.92984008789062,219.9779815673828,9640577
2016-11-18,157.06040954589844,219.40023803710938,222.81858825683594,218.6780548095703,221.4705047607422,8575440
2016-11-21,154.5443878173828,215.88558959960938,220.12242126464844,215.30784606933594,219.7372589111328,7878052
2016-11-22,155.85411071777344,217.7151336669922,219.64096069335938,215.21156311035156,216.6559295654297,9570300
2016-11-23,154.8546142578125,216.31890869140625,219.3520965576172,215.21156311035156,218.82249450683594,10720504
2016-11-24,154.06190490722656,215.21156311035156,216.8966522216797,213.8634796142578,216.6559295654297,18697423
2016-11-25,157.71527099609375,220.31500244140625,221.90382385253906,214.7782440185547,216.17446899414062,7890103
2016-11-28,161.0928955078125,225.03329467773438,225.51475524902344,218.87063598632812,219.92984008789062,9472016
2016-11-29,159.26622009277344,222.4815673828125,226.91098022460938,221.7112274169922,224.4073944091797,8945347
2016-11-30,160.26573181152344,223.87779235839844,225.70733642578125,220.6520233154297,223.39633178710938,11507955
2016-12-01,160.9550323486328,224.84071350097656,226.2850799560547,222.4815673828125,224.1666717529297,5358757
2016-12-02,157.50848388671875,220.02613830566406,224.3592529296875,219.544677734375,224.3592529296875,8693600
2016-12-05,160.30020141601562,223.92593383789062,224.5518341064453,219.01507568359375,220.4113006591797,5320355
2016-12-06,158.68028259277344,221.6630859375,224.3592529296875,220.6520233154297,224.3592529296875,5100487
2016-12-07,156.6123504638672,218.7743377685547,222.91488647460938,218.1002960205078,222.91488647460938,8419775
2016-12-08,160.8171844482422,224.64813232421875,226.57395935058594,219.83355712890625,220.5557403564453,7648947
2016-12-09,162.78173828125,227.39244079589844,230.71449279785156,223.92593383789062,225.3703155517578,8648965
2016-12-12,160.1278533935547,223.68521118164062,225.99620056152344,223.3481903076172,225.51475524902344,3155645
2016-12-13,162.4370574951172,226.91098022460938,228.1146240234375,223.5889129638672,226.09249877929688,7727181
2016-12-14,160.71380615234375,224.50369262695312,227.72946166992188,223.39633178710938,227.2480010986328,6556449
2016-12-15,158.33567810058594,221.18162536621094,225.70733642578125,220.02613830566406,223.39633178710938,5538310
2016-12-16,156.0264434814453,217.95587158203125,222.2408447265625,217.6188507080078,222.2408447265625,13422991
2016-12-19,156.47445678710938,218.58175659179688,220.50758361816406,216.99295043945312,216.99295043945312,5665425
2016-12-20,158.50796508789062,221.42236328125,222.2408447265625,219.06321716308594,220.02613830566406,6145411
2016-12-21,155.99195861816406,217.90771484375,221.27792358398438,217.13739013671875,220.50758361816406,13379223
2016-12-22,156.85362243652344,219.11135864257812,219.92984008789062,215.93374633789062,216.8966522216797,6668113
2016-12-23,154.8890380859375,216.36705017089844,219.06321716308594,215.50042724609375,219.06321716308594,11177602
2016-12-26,155.0958709716797,216.6559295654297,217.4744110107422,213.76718139648438,216.55963134765625,9071721
2016-12-27,161.3341827392578,225.3703155517578,226.1887969970703,216.030029296875,217.6188507080078,16206836
2016-12-28,162.29920959472656,226.71839904785156,227.63316345214844,224.07037353515625,224.07037353515625,14711711
2016-12-29,162.6783447265625,227.2480010986328,228.21090698242188,223.68521118164062,226.57395935058594,14593942
2016-12-30,166.5729522705078,232.68846130371094,233.41065979003906,227.536865234375,228.64422607421875,10821396
2017-01-02,166.09043884277344,232.01443481445312,233.26622009277344,229.75157165527344,233.02548217773438,5075736
2017-01-03,167.74478149414062,234.32542419433594,236.58827209472656,230.37747192382812,231.96627807617188,7798116
2017-01-04,169.19236755371094,236.34754943847656,237.84005737304688,231.19595336914062,233.84396362304688,9668664
2017-01-05,170.08847045898438,237.59933471679688,238.65853881835938,235.047607421875,235.43276977539062,9532162
2017-01-06,167.29672241210938,233.69952392578125,239.76589965820312,233.21807861328125,237.84005737304688,8404984
2017-01-09,169.46807861328125,236.7327117919922,237.45489501953125,233.1217803955078,233.84396362304688,5041639
2017-01-10,171.60494995117188,239.71774291992188,240.58438110351562,236.58827209472656,236.8771514892578,12438618
2017-01-11,170.63992309570312,238.3696746826172,241.21026611328125,237.45489501953125,240.53622436523438,7931415
2017-01-12,168.64089965820312,235.57720947265625,238.51409912109375,235.09576416015625,238.51409912109375,5816779
2017-01-13,172.08746337890625,240.39178466796875,241.6917266845703,233.50694274902344,236.8771514892578,4553691
2017-01-16,171.50157165527344,239.5733184814453,241.5472869873047,237.9363555908203,240.00662231445312,4813933
2017-01-17,173.6728973388672,242.6064910888672,242.94351196289062,239.5733184814453,239.5733184814453,4996927
2017-01-18,172.9146728515625,241.5472869873047,244.8693389892578,240.53622436523438,242.26947021484375,7534139
2017-01-19,175.1894073486328,244.72491455078125,245.3026580810547,240.29550170898438,240.4880828857422,9538148
2017-01-20,176.05101013183594,245.92855834960938,246.79518127441406,244.29159545898438,244.82119750976562,11261533
2017-01-23,178.9806365966797,250.0209503173828,250.5023956298828,245.59153747558594,245.63967895507812,11101905
2017-01-24,179.1185302734375,250.21353149414062,251.0801544189453,247.80624389648438,249.97279357910156,8341113
2017-01-25,183.01312255859375,255.65399169921875,256.5206298828125,249.97279357910156,250.309814453125,18123606
2017-01-27,177.42965698242188,247.85438537597656,257.05023193359375,246.60260009765625,253.72816467285156,25440485
2017-01-30,176.53358459472656,246.60260009765625,251.3208770751953,246.02484130859375,248.8173065185547,9253765
2017-01-31,177.91221618652344,248.52842712402344,250.309814453125,245.15821838378906,246.69888305664062,10380649
2017-02-01,185.90823364257812,259.6982421875,260.0834045410156,248.91358947753906,250.3579559326172,35144107
2017-02-02,189.07907104492188,264.1276550292969,269.5199890136719,259.5056457519531,260.9500427246094,30867395
2017-02-03,188.21743774414062,262.92401123046875,265.28314208984375,260.46856689453125,263.8387756347656,9356904
2017-02-06,190.8023681640625,266.5349426269531,268.6533508300781,263.93505859375,264.7054138183594,8538188
2017-02-07,191.0092010498047,266.8238220214844,281.315673828125,265.37945556640625,268.2681884765625,25251605
2017-02-08,189.42373657226562,264.6091003417969,268.6533508300781,261.9129333496094,265.28314208984375,11114871
2017-02-09,191.38829040527344,267.3534240722656,268.0755920410156,262.5388488769531,265.7646179199219,5070408
2017-02-10,188.4242706298828,263.212890625,268.7496337890625,261.4796447753906,268.3644714355469,7975779
2017-02-13,186.5286102294922,260.5648498535156,266.10162353515625,258.6390380859375,265.1868591308594,9312915
2017-02-14,186.66650390625,260.7574462890625,263.3573303222656,259.16864013671875,259.98712158203125,6911954
2017-02-15,188.45867919921875,263.2610168457031,265.28314208984375,261.1426086425781,261.1426086425781,7827599
2017-02-16,183.80584716796875,256.7613525390625,261.4314880371094,255.84657287597656,260.0352478027344,10982700
2017-02-17,184.8397979736328,258.2057189941406,258.92791748046875,254.20962524414062,257.4353942871094,9700816
2017-02-20,183.3922576904297,256.18359375,257.53167724609375,255.7021484375,256.1354675292969,5934404
2017-02-21,181.3932342529297,253.39114379882812,256.3761901855469,251.1282958984375,256.1354675292969,10251239
2017-02-22,181.6000213623047,253.68002319335938,256.3761901855469,251.94677734375,254.59478759765625,8815003
2017-02-23,183.11651611328125,255.79843139648438,258.2538757324219,251.89862060546875,254.20962524414062,12837302
2017-02-27,182.39273071289062,254.78736877441406,256.1354675292969,248.28768920898438,255.7021484375,5270544
2017-02-28,180.73837280273438,252.47637939453125,254.78736877441406,251.22459411621094,253.2467041015625,8558167
2017-03-01,185.08106994628906,258.5427551269531,259.6982421875,252.66896057128906,252.66896057128906,15139871
2017-03-02,182.49612426757812,254.9318084716797,260.22784423828125,253.72816467285156,258.5427551269531,10453722
2017-03-03,180.29034423828125,251.85047912597656,253.6318817138672,248.57656860351562,252.28379821777344,10371862
2017-03-06,182.04811096191406,254.30592346191406,255.22068786621094,251.85047912597656,252.9578399658203,9927375
2017-03-07,182.15145874023438,254.45034790039062,255.17254638671875,251.46531677246094,254.49850463867188,7183529
2017-03-08,182.08258056640625,254.35406494140625,255.65399169921875,253.72816467285156,254.64292907714844,5993605
2017-03-09,182.63400268554688,255.1243896484375,256.42431640625,252.57266235351562,256.23175048828125,9847115
2017-03-10,181.6000213623047,253.68002319335938,255.22068786621094,252.90968322753906,255.1243896484375,5880374
2017-03-14,184.1160430908203,257.1946716308594,261.575927734375,255.36512756347656,256.3280334472656,18508020
2017-03-15,184.87428283691406,258.2538757324219,260.6611633300781,255.36512756347656,255.36512756347656,14475482
2017-03-16,185.04660034179688,258.4945983886719,261.1907653808594,257.579833984375,260.22784423828125,9020039
2017-03-17,193.86981201171875,270.8199157714844,278.18621826171875,266.5349426269531,266.5349426269531,54015422
2017-03-20,194.31787109375,271.44580078125,273.6605224609375,267.49786376953125,272.4087219238281,16509511
2017-03-21,198.45376586914062,277.2232971191406,277.8973388671875,272.5050048828125,272.6976013183594,13734401
2017-03-22,192.90478515625,269.4718322753906,277.1751403808594,268.2681884765625,274.43084716796875,12874461
2017-03-23,191.35382080078125,267.3052673339844,272.0235595703125,264.8979797363281,267.208984375,17547913
2017-03-24,193.69752502441406,270.5791931152344,272.5050048828125,268.4126281738281,268.5089111328125,7398317
2017-03-27,194.111083984375,271.15692138671875,272.4087219238281,266.053466796875,270.0495910644531,12623097
2017-03-28,193.35284423828125,270.09771728515625,271.73468017578125,269.6644287109375,271.15692138671875,6532115
2017-03-29,195.21400451660156,272.6976013183594,273.1790466308594,269.808837890625,269.808837890625,8828112
2017-03-30,194.90383911132812,272.2642822265625,274.09381103515625,269.6644287109375,273.4679260253906,14948411
2017-03-31,193.21499633789062,269.9051513671875,272.5050048828125,268.4126281738281,270.5791931152344,9929324
2017-04-03,194.07664489746094,271.1087951660156,273.082763671875,268.31634521484375,272.31243896484375,7507187
2017-04-05,192.28439331054688,268.6051940917969,272.9864807128906,267.40155029296875,272.6976013183594,10685034
2017-04-06,188.9412384033203,263.93505859375,268.79779052734375,263.0684509277344,267.8830261230469,16243974
2017-04-07,187.9417266845703,262.5388488769531,263.98321533203125,260.8537292480469,262.8758544921875,9480161
2017-04-10,188.56211853027344,263.40545654296875,264.80169677734375,262.0092468261719,264.80169677734375,5687364
2017-04-11,194.42129516601562,271.5902404785156,272.1198425292969,261.7203674316406,262.97216796875,11355730
2017-04-12,194.31787109375,271.44580078125,274.2382507324219,269.1829528808594,271.25323486328125,7507416
2017-04-13,192.42225646972656,268.79779052734375,271.5421142578125,267.208984375,271.44580078125,4085766
2017-04-17,192.38778686523438,268.7496337890625,272.0235595703125,265.331298828125,266.2942199707031,5017073
2017-04-18,192.35336303710938,268.7015075683594,273.4679260253906,267.7867431640625,269.808837890625,4497780
2017-04-19,192.11207580566406,268.3644714355469,271.0606384277344,267.5459899902344,270.7236328125,5143709
2017-04-20,192.6635284423828,269.1347961425781,271.0606384277344,268.0274658203125,269.327392578125,4400814
2017-04-21,189.1135711669922,264.1758117675781,271.5421142578125,262.58697509765625,271.5421142578125,9041742
2017-04-24,190.76791381835938,266.4867858886719,267.25714111328125,261.094482421875,266.1497802734375,7392939
2017-04-25,193.904296875,270.8680725097656,271.5421142578125,263.74249267578125,267.6904296875,13211107
2017-04-26,200.52171325683594,280.1120300292969,282.0378723144531,271.5421142578125,272.79388427734375,19671557
2017-04-27,197.00624084472656,275.201171875,281.074951171875,273.94940185546875,280.593505859375,14075606
2017-04-28,191.62957763671875,267.6904296875,275.8752136230469,267.0645446777344,275.201171875,12851433
2017-05-02,192.45677185058594,268.845947265625,270.8680725097656,266.2460632324219,270.09771728515625,7298698
2017-05-03,191.11257934570312,266.96826171875,269.1347961425781,265.28314208984375,269.1347961425781,6271881
2017-05-04,193.83535766601562,270.7717590332031,271.73468017578125,265.9090576171875,267.5941467285156,8070845
2017-05-05,191.04360961914062,266.8719482421875,270.5310363769531,266.1497802734375,270.5310363769531,4192254
2017-05-08,188.14852905273438,262.8277282714844,268.1719055175781,262.4425354003906,267.25714111328125,11038927
2017-05-09,187.14898681640625,261.4314880371094,266.3905029296875,260.9500427246094,263.3573303222656,7008749
2017-05-10,188.8378448486328,263.7906188964844,265.4757385253906,261.9129333496094,262.10552978515625,4754549
2017-05-11,190.698974609375,266.3905029296875,268.79779052734375,263.8387756347656,265.28314208984375,9778012
2017-05-12,189.52713012695312,264.7535400390625,267.0163879394531,263.8869323730469,267.0163879394531,4672675
2017-05-15,191.5950927734375,267.6423034667969,268.55706787109375,265.28314208984375,265.6683044433594,5673245
2017-05-16,195.3863067626953,272.9383239746094,273.7568054199219,267.6904296875,268.1719055175781,11635819
2017-05-17,194.1455535888672,271.205078125,273.85308837890625,268.8940734863281,273.564208984375,8617269
2017-05-18,191.5606231689453,267.5941467285156,270.6273193359375,266.7756652832031,267.6904296875,8229448
2017-05-19,197.28196716308594,275.5863342285156,284.6858825683594,271.49395751953125,271.7828369140625,37099971
2017-05-22,209.27598571777344,292.341064453125,293.4965515136719,280.4972229003906,281.60455322265625,37323445
2017-05-23,206.8979034423828,289.0190124511719,292.62994384765625,287.1894836425781,290.7041015625,20546707
2017-05-24,206.72557067871094,288.7782897949219,290.75225830078125,286.8524475097656,288.87457275390625,9822098
2017-05-25,206.8289794921875,288.9227294921875,293.4002685546875,284.3970031738281,288.87457275390625,23646915
2017-05-26,213.0672607421875,297.6371154785156,302.1628112792969,288.4412536621094,290.8004150390625,22579834
2017-05-29,217.72012329101562,304.13677978515625,307.9884338378906,292.2447814941406,292.7262268066406,20422509
2017-05-30,214.68714904785156,299.89996337890625,303.5108947753906,298.5518798828125,301.2961730957031,8876322
2017-05-31,214.92840576171875,300.2369689941406,301.77764892578125,295.614990234375,299.89996337890625,12782086
2017-06-01,216.58273315429688,302.5479736328125,305.00341796875,299.2740478515625,300.4295654296875,8570891
2017-06-02,220.0293426513672,307.362548828125,308.0365905761719,303.5108947753906,304.37750244140625,11500232
2017-06-05,222.2577667236328,305.67742919921875,306.4477844238281,301.68133544921875,303.31829833984375,9847609
2017-06-06,217.7769775390625,299.5148010253906,307.1699523925781,297.8296813964844,305.7255859375,10220219
2017-06-07,218.61712646484375,300.6702880859375,303.07757568359375,298.84075927734375,299.7555236816406,11978598
2017-06-08,218.16201782226562,300.0444030761719,301.6332092285156,297.92596435546875,301.3924560546875,8081100
2017-06-09,214.24127197265625,294.6520690917969,301.0072937011719,293.4002685546875,299.2259216308594,10453119
2017-06-12,213.12103271484375,293.11138916015625,296.096435546875,291.2818603515625,295.614990234375,6507632
2017-06-13,213.7161865234375,293.92987060546875,294.6520690917969,290.99298095703125,293.7373046875,5303687
2017-06-14,209.9354248046875,288.7301330566406,294.6520690917969,288.05609130859375,293.6409912109375,15135338
2017-06-15,211.37071228027344,290.7041015625,291.7151794433594,288.39312744140625,291.7151794433594,7713717
2017-06-16,214.8013916015625,295.4223937988281,298.1185607910156,291.2818603515625,291.2818603515625,12798297
2017-06-19,217.67193603515625,299.370361328125,300.2851257324219,296.6741943359375,297.5408020019531,7251573
2017-06-20,216.1316375732422,297.2519226074219,300.62213134765625,296.6741943359375,300.4295654296875,8579082
2017-06-21,216.30667114257812,297.49267578125,299.4666442871094,295.80755615234375,297.92596435546875,8598645
2017-06-22,217.95199584960938,299.7555236816406,302.5479736328125,296.7704772949219,297.20379638671875,9289243
2017-06-23,217.741943359375,299.4666442871094,301.2961730957031,297.1556396484375,298.50372314453125,7453263
2017-06-27,218.68711853027344,300.7665710449219,304.7626647949219,299.4666442871094,300.1888122558594,10061814
2017-06-28,215.8865966796875,296.9149169921875,300.0444030761719,295.7112731933594,300.0444030761719,8224059
2017-06-29,218.16201782226562,300.0444030761719,301.6332092285156,297.1556396484375,297.6371154785156,10311615
2017-06-30,226.59866333007812,311.64752197265625,312.6585693359375,298.74444580078125,298.74444580078125,24090343
2017-07-03,239.79615783691406,329.7984619140625,341.642333984375,327.6800537109375,333.1686706542969,48892799
2017-07-04,236.12046813964844,324.7431640625,330.7132263183594,323.7802429199219,330.08734130859375,11664585
2017-07-05,231.77969360351562,318.7731018066406,325.3209228515625,318.00274658203125,324.7431640625,12439637
2017-07-06,236.01547241210938,324.5987243652344,326.1875305175781,319.0138244628906,321.9025573730469,13946670
2017-07-07,234.05508422851562,321.9025573730469,325.6579284667969,320.69891357421875,325.4653625488281,10301830
2017-07-10,233.3549346923828,320.93963623046875,322.57659912109375,318.7249450683594,320.1211853027344,1316454
2017-07-11,231.32456970214844,318.1471862792969,322.624755859375,317.76202392578125,322.57659912109375,8657755
2017-07-12,230.23934936523438,316.6546630859375,321.228515625,315.2584533691406,316.22137451171875,10643992
2017-07-13,237.17062377929688,326.1875305175781,326.90972900390625,318.7249450683594,319.6878662109375,18165609
2017-07-14,236.05047607421875,324.6468811035156,327.3430480957031,322.384033203125,327.3430480957031,5801768
2017-07-17,227.6488494873047,313.0918884277344,322.57659912109375,308.8069152832031,322.57659912109375,21102802
2017-07-18,199.2233428955078,273.9975280761719,281.7971496582031,266.1497802734375,281.7971496582031,155236591
2017-07-19,204.0543212890625,280.64166259765625,282.0378723144531,275.5863342285156,277.12701416015625,40641441
2017-07-20,202.6890411376953,278.76397705078125,283.9637145996094,277.7047424316406,283.0970764160156,15896377
2017-07-21,202.26898193359375,278.18621826171875,280.9305114746094,275.9233703613281,280.6897888183594,13681787
2017-07-24,205.3145751953125,282.3749084472656,284.3970031738281,277.4158935546875,279.24542236328125,18479650
2017-07-25,204.01930236816406,280.593505859375,284.2044372558594,280.06390380859375,284.05999755859375,9927828
2017-07-26,205.59461975097656,282.76007080078125,283.3377990722656,280.6897888183594,281.1712646484375,9564282
2017-07-27,202.02389526367188,277.84918212890625,284.4451599121094,276.1159362792969,283.7711181640625,19620418
2017-07-28,204.12435913085938,280.7379455566406,283.81927490234375,276.5010986328125,283.3859558105469,19206912
2017-07-31,199.71347045898438,274.67156982421875,279.5343017578125,273.94940185546875,278.76397705078125,22065527
2017-08-01,201.53382873535156,277.1751403808594,277.84918212890625,274.43084716796875,274.7197265625,14063559
2017-08-02,199.853515625,274.8641662597656,279.1491394042969,273.7568054199219,279.0528259277344,10247374
2017-08-03,197.0179443359375,270.96435546875,274.8160095214844,270.2421569824219,274.43084716796875,10592033
2017-08-04,196.56288146972656,270.33843994140625,273.85308837890625,269.27923583984375,270.0014343261719,11717562
2017-08-07,195.93272399902344,269.4718322753906,272.5050048828125,269.086669921875,271.15692138671875,8776750
2017-08-08,191.9419708251953,263.98321533203125,270.96435546875,263.3573303222656,269.7125549316406,13231816
2017-08-09,191.03179931640625,262.7314147949219,265.1868591308594,260.3722839355469,263.8387756347656,10291858
2017-08-10,191.2068634033203,262.97216796875,264.46466064453125,260.70928955078125,262.5388488769531,10380837
2017-08-11,190.08660888671875,261.4314880371094,264.2720947265625,260.0834045410156,260.9500427246094,14964550
2017-08-14,189.91159057617188,261.1907653808594,264.22393798828125,260.46856689453125,264.22393798828125,10066349
2017-08-16,195.47769165039062,268.845947265625,271.3013610839844,261.28704833984375,261.9129333496094,19412233
2017-08-17,196.03781127929688,269.61627197265625,272.4087219238281,267.5941467285156,271.3976745605469,14231781
2017-08-18,197.33302307128906,271.3976745605469,273.4679260253906,266.5349426269531,268.8940734863281,15442589
2017-08-21,197.15797424316406,271.15692138671875,274.43084716796875,270.5310363769531,271.8791198730469,13592218
2017-08-22,198.06813049316406,272.4087219238281,274.43084716796875,269.9532775878906,271.5421142578125,12417415
2017-08-23,197.82315063476562,272.07171630859375,275.00860595703125,271.15692138671875,272.9864807128906,9084531
2017-08-24,197.05296325683594,271.0124816894531,272.9864807128906,270.67547607421875,271.5421142578125,11235986
2017-08-28,197.7530975341797,271.97540283203125,272.5050048828125,268.9422302246094,271.6383972167969,10358573
2017-08-29,196.2127685546875,269.85699462890625,272.4087219238281,269.03851318359375,271.8791198730469,6377756
2017-08-30,197.4380340576172,271.5421142578125,272.4087219238281,270.19403076171875,270.7236328125,6785885
2017-08-31,197.6130828857422,271.7828369140625,272.6494445800781,270.0014343261719,272.5050048828125,11654017
2017-09-01,198.55824279785156,273.082763671875,273.8049621582031,270.2903137207031,271.73468017578125,7526993
2017-09-04,198.20819091796875,272.601318359375,273.323486328125,271.5421142578125,272.9383239746094,8807199
2017-09-05,198.03314208984375,272.3605651855469,273.37164306640625,271.15692138671875,272.1679992675781,8121365
2017-09-06,193.02719116210938,265.4757385253906,270.5791931152344,265.04241943359375,270.09771728515625,14710804
2017-09-07,189.31646728515625,260.3722839355469,267.25714111328125,259.5538024902344,266.7275085449219,19958290
2017-09-08,190.6817626953125,262.2499694824219,263.16473388671875,259.98712158203125,261.094482421875,10090288
2017-09-11,191.55690002441406,263.45361328125,264.22393798828125,261.4314880371094,262.2981262207031,9672742
2017-09-12,194.39244079589844,267.3534240722656,267.93115234375,264.4165344238281,265.28314208984375,11906324
2017-09-13,190.08660888671875,261.4314880371094,267.208984375,260.9018859863281,267.1127014160156,12593161
2017-09-14,190.43670654296875,261.9129333496094,262.3944091796875,260.3722839355469,262.2018127441406,7312288
2017-09-15,188.54632568359375,259.3130798339844,262.6351318359375,258.2538757324219,261.9129333496094,13653947
2017-09-18,186.93601989746094,257.0983581542969,261.62408447265625,256.3761901855469,260.9500427246094,10543289
2017-09-19,187.53111267089844,257.9168395996094,259.98712158203125,254.30592346191406,258.061279296875,35187337
2017-09-20,190.1216278076172,261.4796447753906,261.9129333496094,257.820556640625,259.40936279296875,9974675
2017-09-21,188.72134399414062,259.5538024902344,262.2981262207031,257.1946716308594,261.9129333496094,8058682
2017-09-22,187.95120239257812,258.4945983886719,260.9018859863281,257.1465148925781,259.5056457519531,7142399
2017-09-25,183.61038208007812,252.52452087402344,259.65008544921875,251.22459411621094,258.5427551269531,18260404
2017-09-26,183.75038146972656,252.71710205078125,253.96890258789062,251.3690185546875,253.53558349609375,9950366
2017-09-27,180.98487854003906,248.91358947753906,255.65399169921875,247.27662658691406,255.26882934570312,18208892
2017-09-28,183.1202850341797,251.85047912597656,253.6318817138672,249.4913330078125,250.74313354492188,22436773
2017-09-29,180.84486389160156,248.72100830078125,253.15042114257812,247.90252685546875,253.0541229248047,12640792
2017-10-03,183.0152587890625,251.70603942871094,253.0059814453125,248.91358947753906,252.76524353027344,11940746
2017-10-04,187.216064453125,257.4835510253906,258.5427551269531,253.39114379882812,254.30592346191406,11194466
2017-10-05,185.71080017089844,255.41326904296875,259.40936279296875,254.59478759765625,257.4835510253906,7204474
2017-10-06,186.34092712402344,256.2799072265625,257.579833984375,254.8355255126953,255.94287109375,8158755
2017-10-09,187.63612365722656,258.061279296875,259.16864013671875,256.5206298828125,258.061279296875,6323114
2017-10-10,186.37591552734375,256.3280334472656,257.9649963378906,255.3169708251953,257.1946716308594,5683301
2017-10-11,185.81578063964844,255.55770874023438,257.820556640625,254.64292907714844,256.6169128417969,7959877
2017-10-12,186.93601989746094,257.0983581542969,259.216796875,254.20962524414062,255.7021484375,9518815
2017-10-13,186.2008819580078,256.0873107910156,257.6761169433594,254.40220642089844,256.3761901855469,12504487
2017-10-16,187.2860870361328,257.579833984375,259.93896484375,255.65399169921875,256.1354675292969,9504724
2017-10-17,187.11105346679688,257.339111328125,258.7353210449219,256.0873107910156,258.061279296875,11038203
2017-10-18,189.2814483642578,260.3241271972656,260.70928955078125,257.1946716308594,258.061279296875,7508323
2017-10-19,188.79136657714844,259.65008544921875,261.2388916015625,259.0242004394531,260.9500427246094,1283342
2017-10-23,186.97100830078125,257.1465148925781,262.6351318359375,255.94287109375,259.98712158203125,10144269
2017-10-24,186.93601989746094,257.0983581542969,258.4945983886719,256.23175048828125,258.4945983886719,8723712
2017-10-25,188.51133728027344,259.2649230957031,261.4314880371094,258.2538757324219,258.4464416503906,6169387
2017-10-26,187.9161834716797,258.4464416503906,260.7574462890625,257.2427978515625,260.7574462890625,9616793
2017-10-27,188.58131408691406,259.3612060546875,265.7646179199219,257.53167724609375,260.5648498535156,23852749
2017-10-30,185.64076232910156,255.3169708251953,260.5648498535156,253.68002319335938,259.0242004394531,18266520
2017-10-31,186.0258331298828,255.84657287597656,257.05023193359375,254.1133270263672,256.18359375,8452918
2017-11-01,188.93141174316406,259.8426818847656,261.1426086425781,256.42431640625,257.0983581542969,7516426
2017-11-02,185.99082946777344,255.79843139648438,259.93896484375,255.46141052246094,259.6982421875,10056813
2017-11-03,185.81578063964844,255.55770874023438,257.9649963378906,255.0762481689453,257.0983581542969,6210456
2017-11-06,185.46572875976562,255.0762481689453,257.9649963378906,254.49850463867188,256.3761901855469,9368140
2017-11-07,185.74575805664062,255.46141052246094,257.77239990234375,253.8726043701172,255.84657287597656,9872847
2017-11-08,185.81578063964844,255.55770874023438,256.6169128417969,254.8836669921875,255.5095672607422,6186540
2017-11-09,182.07008361816406,250.40611267089844,256.6169128417969,249.68392944335938,256.5206298828125,21026098
2017-11-10,183.2252960205078,251.9949188232422,255.36512756347656,249.78021240234375,250.8875732421875,17438746
2017-11-13,180.84486389160156,248.72100830078125,253.53558349609375,248.43212890625,253.2467041015625,7681031
2017-11-14,179.61959838867188,247.03590393066406,251.1764373779297,246.5063018798828,248.91358947753906,8656529
2017-11-15,177.3441619873047,243.90643310546875,247.80624389648438,241.11398315429688,247.46922302246094,17666898
2017-11-16,178.60440063476562,245.63967895507812,246.1211395263672,243.03981018066406,245.2545166015625,10343428
2017-11-17,180.63479614257812,248.43212890625,249.39505004882812,246.5063018798828,246.98776245117188,10383570
2017-11-20,181.47494506835938,249.58763122558594,251.03199768066406,247.70994567871094,249.0098876953125,8221147
2017-11-21,179.09449768066406,246.313720703125,249.8765106201172,245.73597717285156,249.8765106201172,17266541
2017-11-22,180.73980712890625,248.57656860351562,249.0580291748047,246.1211395263672,246.5063018798828,8941555
2017-11-23,180.73980712890625,248.57656860351562,251.03199768066406,246.89146423339844,248.76914978027344,7814131
2017-11-24,182.5601806640625,251.0801544189453,251.7541961669922,248.48028564453125,248.91358947753906,7630740
2017-11-27,181.50994873046875,249.63577270507812,250.83941650390625,247.75808715820312,250.3579559326172,5022804
2017-11-28,179.9346923828125,247.46922302246094,249.58763122558594,246.5063018798828,249.4913330078125,18183221
2017-11-29,180.66983032226562,248.48028564453125,249.10617065429688,247.46922302246094,248.43212890625,9032800
2017-11-30,179.26951599121094,246.554443359375,248.6247100830078,245.20635986328125,248.33584594726562,22967997
2017-12-01,178.6743927001953,245.73597717285156,249.97279357910156,245.20635986328125,247.4210662841797,6847473
2017-12-04,178.60440063476562,245.63967895507812,246.79518127441406,244.14715576171875,246.5063018798828,6347174
2017-12-05,177.729248046875,244.43603515625,245.88040161132812,243.13609313964844,245.5433807373047,9337698
2017-12-06,176.1539306640625,242.26947021484375,243.85829162597656,241.5472869873047,243.85829162597656,8562019
2017-12-07,177.37918090820312,243.95457458496094,244.6767578125,240.7288055419922,240.7288055419922,5635445
2017-12-08,183.57534790039062,252.47637939453125,253.4392852783203,244.00271606445312,244.33973693847656,13638732
2017-12-11,186.410888671875,256.3761901855469,257.579833984375,253.53558349609375,254.8355255126953,17842707
2017-12-12,183.1202850341797,251.85047912597656,255.36512756347656,250.83941650390625,254.6910858154297,9599026
2017-12-13,181.33493041992188,249.39505004882812,252.66896057128906,248.04696655273438,249.97279357910156,8986735
2017-12-14,185.01063537597656,254.45034790039062,256.2799072265625,247.9988250732422,251.22459411621094,8353203
2017-12-15,185.2556915283203,254.78736877441406,257.1465148925781,253.68002319335938,256.1354675292969,12742052
2017-12-18,184.2754669189453,253.4392852783203,255.65399169921875,249.4431915283203,255.65399169921875,9650962
2017-12-19,185.01063537597656,254.45034790039062,255.55770874023438,253.34300231933594,253.6318817138672,6107682
2017-12-20,184.3455352783203,253.53558349609375,254.8836669921875,252.9578399658203,254.8836669921875,7728106
2017-12-21,184.1704864501953,253.29486083984375,256.0391540527344,251.89862060546875,256.0391540527344,7032195
2017-12-22,184.2055206298828,253.34300231933594,254.40220642089844,252.42823791503906,253.72816467285156,6652053
2017-12-26,184.94065856933594,254.35406494140625,255.17254638671875,252.90968322753906,253.48744201660156,9917650
2017-12-27,183.54037475585938,252.42823791503906,254.49850463867188,251.94677734375,254.40220642089844,6325599
2017-12-28,183.33030700683594,252.1393585205078,254.2577667236328,251.3690185546875,253.6318817138672,16501935
2017-12-29,184.3105010986328,253.48744201660156,254.20962524414062,252.52452087402344,252.76524353027344,6818477
2018-01-01,183.64535522460938,252.57266235351562,256.42431640625,251.5615997314453,253.48744201660156,10863895
2018-01-02,182.5601806640625,251.0801544189453,254.40220642089844,250.79127502441406,252.86154174804688,5907460
2018-01-03,182.84022521972656,251.46531677246094,252.90968322753906,250.9357147216797,251.60975646972656,11443370
2018-01-04,183.1202850341797,251.85047912597656,253.0059814453125,250.9357147216797,251.27273559570312,9729737
2018-01-05,184.06546020507812,253.15042114257812,253.72816467285156,252.1875,252.1875,9566733
2018-01-08,185.955810546875,255.7502899169922,256.9057922363281,253.48744201660156,254.20962524414062,14989106
2018-01-09,189.42149353027344,260.5167236328125,261.9129333496094,254.9318084716797,255.65399169921875,26728897
2018-01-10,188.61634826660156,259.40936279296875,263.8387756347656,259.0723571777344,263.3091735839844,17074502
2018-01-11,188.89637756347656,259.7945251464844,260.9500427246094,258.1575622558594,259.5056457519531,11722150
2018-01-12,187.32107543945312,257.6279602050781,261.28704833984375,256.2799072265625,260.22784423828125,8494789
2018-01-15,187.3560791015625,257.6761169433594,261.04632568359375,257.0983581542969,258.061279296875,10944192
2018-01-16,183.2252960205078,251.9949188232422,258.7353210449219,251.1282958984375,258.2538757324219,13433905
2018-01-17,186.27088928222656,256.18359375,257.0983581542969,249.92465209960938,252.28379821777344,17006334
2018-01-18,191.41685485839844,263.2610168457031,265.04241943359375,256.7613525390625,258.061279296875,27461089
2018-01-19,192.2220458984375,264.3683776855469,267.208984375,261.04632568359375,265.7646179199219,26700710
2018-01-22,191.59193420410156,263.50177001953125,265.28314208984375,261.62408447265625,264.80169677734375,8660321
2018-01-23,193.65731811523438,266.34234619140625,266.96826171875,263.40545654296875,263.8387756347656,18947034
2018-01-24,197.05296325683594,271.0124816894531,271.5421142578125,265.812744140625,266.3905029296875,17971710
2018-01-25,196.91293334960938,270.8199157714844,272.6976013183594,268.2681884765625,270.5791931152344,13629982
2018-01-29,192.99215698242188,265.4275817871094,272.79388427734375,264.80169677734375,270.7236328125,9938281
2018-01-30,192.67710876464844,264.9942626953125,266.1979064941406,261.86480712890625,264.80169677734375,13560150
2018-01-31,190.01661682128906,261.335205078125,265.7646179199219,259.8426818847656,263.74249267578125,19675610
2018-02-01,192.74713134765625,265.090576171875,279.5343017578125,257.4835510253906,261.9129333496094,61648368
2018-02-02,192.78213500976562,265.1387023925781,275.0567321777344,260.7574462890625,264.22393798828125,36356576
2018-02-05,195.51266479492188,268.8940734863281,271.25323486328125,261.7685241699219,263.40545654296875,20465290
2018-02-06,191.48692321777344,263.3573303222656,267.0163879394531,258.2057189941406,259.93896484375,16432103
2018-02-07,192.64208984375,264.9461364746094,268.4126281738281,263.8387756347656,267.6904296875,13455081
2018-02-08,191.90696716308594,263.93505859375,266.6312255859375,262.5388488769531,265.4757385253906,10156564
2018-02-09,189.98162841796875,261.28704833984375,262.3944091796875,257.86871337890625,260.9500427246094,14751166
2018-02-12,188.93141174316406,259.8426818847656,263.6943359375,259.3130798339844,262.34625244140625,6972242
2018-02-14,186.58596801757812,256.6169128417969,260.9500427246094,255.26882934570312,259.98712158203125,11738542
2018-02-15,187.70616149902344,258.1575622558594,259.8908386230469,254.97994995117188,256.6169128417969,12188244
2018-02-16,186.55093383789062,256.5687561035156,260.70928955078125,255.7502899169922,259.8426818847656,6401588
2018-02-19,184.9056396484375,254.30592346191406,257.86871337890625,252.76524353027344,256.1354675292969,6303342
2018-02-20,184.3105010986328,253.48744201660156,255.94287109375,252.42823791503906,254.20962524414062,9659227
2018-02-21,187.77618408203125,258.2538757324219,258.9760437011719,253.68002319335938,254.20962524414062,10961665
2018-02-22,187.00604248046875,257.1946716308594,259.0242004394531,255.60585021972656,257.29095458984375,19855003
2018-02-23,188.37130737304688,259.0723571777344,259.98712158203125,256.23175048828125,257.53167724609375,6780714
2018-02-26,186.6209716796875,256.6650695800781,259.5056457519531,256.1354675292969,258.59088134765625,8701511
2018-02-27,186.51596069335938,256.5206298828125,258.2538757324219,255.65399169921875,258.061279296875,7716072
2018-02-28,185.5707550048828,255.22068786621094,256.42431640625,253.29486083984375,255.17254638671875,13969189
2018-03-01,184.83558654785156,254.20962524414062,256.23175048828125,253.10226440429688,254.40220642089844,8081243
2018-03-05,182.21011352539062,250.59869384765625,253.53558349609375,250.3579559326172,253.53558349609375,6878708
2018-03-06,179.58460998535156,246.98776245117188,252.66896057128906,246.02484130859375,251.3690185546875,8495423
2018-03-07,181.96505737304688,250.2616729736328,250.83941650390625,244.14715576171875,246.98776245117188,15736814
2018-03-08,181.22991943359375,249.2506103515625,252.1875,248.19140625,250.64683532714844,6259151
2018-03-09,181.50994873046875,249.63577270507812,251.22459411621094,248.67286682128906,249.39505004882812,6345666
2018-03-12,189.1064453125,260.0834045410156,260.80560302734375,253.1985626220703,254.20962524414062,20666810
2018-03-13,188.6513671875,259.45751953125,261.9129333496094,257.29095458984375,259.65008544921875,8647577
2018-03-14,187.671142578125,258.10943603515625,259.0723571777344,255.46141052246094,258.10943603515625,8211627
2018-03-15,185.92080688476562,255.7021484375,259.8908386230469,255.36512756347656,257.0983581542969,5771710
2018-03-16,182.38511657714844,250.83941650390625,256.5206298828125,249.2506103515625,256.5206298828125,21477001
2018-03-19,181.43994140625,249.53948974609375,252.47637939453125,248.72100830078125,250.8875732421875,13423983
2018-03-20,181.47494506835938,249.58763122558594,250.309814453125,247.95066833496094,248.57656860351562,7769207
2018-03-21,181.3699493408203,249.4431915283203,251.94677734375,249.10617065429688,250.40611267089844,13418488
2018-03-22,180.84486389160156,248.72100830078125,251.7541961669922,248.28768920898438,250.3579559326172,8319663
2018-03-23,179.2344970703125,246.5063018798828,249.2024688720703,245.3026580810547,246.5063018798828,11616470
2018-03-26,180.704833984375,248.52842712402344,250.3579559326172,243.13609313964844,243.52127075195312,12981125
2018-03-27,181.264892578125,249.2987518310547,250.83941650390625,247.3729248046875,249.2024688720703,9107151
2018-03-28,178.8844757080078,246.02484130859375,249.34690856933594,244.91749572753906,248.43212890625,12743051
2018-04-02,180.80982971191406,248.67286682128906,249.34690856933594,245.97669982910156,247.46922302246094,7299774
2018-04-03,180.98487854003906,248.91358947753906,250.3579559326172,247.95066833496094,248.43212890625,5294559
2018-04-04,181.05490112304688,249.0098876953125,250.16537475585938,247.5655059814453,249.8765106201172,8716184
2018-04-05,181.79002380371094,250.0209503173828,250.3579559326172,246.02484130859375,246.02484130859375,9464602
2018-04-06,182.63018798828125,251.1764373779297,252.28379821777344,250.40611267089844,250.83941650390625,6333848
2018-04-09,186.09584045410156,255.94287109375,256.71319580078125,251.22459411621094,251.46531677246094,9572467
2018-04-10,186.7259979248047,256.80950927734375,258.7353210449219,255.26882934570312,256.47247314453125,15248015
2018-04-11,185.64076232910156,255.3169708251953,257.6279602050781,253.6318817138672,257.0020751953125,5433736
2018-04-12,183.40032958984375,252.2356414794922,255.3169708251953,251.70603942871094,255.26882934570312,6360898
2018-04-13,182.5601806640625,251.0801544189453,253.72816467285156,250.3579559326172,253.2467041015625,5183544
2018-04-16,185.15066528320312,254.64292907714844,255.0762481689453,250.3579559326172,250.83941650390625,5412918
2018-04-17,187.3560791015625,257.6761169433594,258.4464416503906,252.9578399658203,255.55770874023438,13716437
2018-04-18,192.78213500976562,265.1387023925781,268.55706787109375,258.061279296875,258.7353210449219,24733011
2018-04-19,194.18240356445312,267.0645446777344,269.61627197265625,265.04241943359375,266.96826171875,13317329
2018-04-20,193.3772735595703,265.9571838378906,268.8940734863281,263.3573303222656,265.7646179199219,11206130
2018-04-23,192.8871612548828,265.28314208984375,266.92010498046875,264.80169677734375,265.7646179199219,12198602
2018-04-24,193.2372283935547,265.7646179199219,268.5089111328125,264.46466064453125,265.7646179199219,8774762
2018-04-25,191.90696716308594,263.93505859375,266.053466796875,262.58697509765625,265.28314208984375,5118640
2018-04-26,194.81251525878906,267.93115234375,268.7496337890625,262.8758544921875,264.3683776855469,21064135
2018-04-27,195.61766052246094,269.03851318359375,270.5310363769531,268.0755920410156,269.2311096191406,10107682
2018-04-30,197.05296325683594,271.0124816894531,273.323486328125,269.2311096191406,269.2311096191406,6146923
2018-05-02,201.11373901367188,276.597412109375,277.9936218261719,269.85699462890625,271.6383972167969,16690653
2018-05-03,199.5384521484375,274.43084716796875,278.95654296875,272.55316162109375,276.838134765625,9727173
2018-05-04,194.0423583984375,266.8719482421875,276.356689453125,265.62017822265625,276.356689453125,11324148
2018-05-07,197.6130828857422,271.7828369140625,272.8901672363281,266.6312255859375,267.97930908203125,6725168
2018-05-08,197.92813110351562,272.21612548828125,275.3456115722656,271.5421142578125,272.6494445800781,6842664
2018-05-09,197.64810180664062,271.8309631347656,273.4679260253906,271.0606384277344,271.0606384277344,4376684
2018-05-10,196.1427764892578,269.7607116699219,273.4197692871094,267.0163879394531,272.4568786621094,5890656
2018-05-11,198.59323120117188,273.13092041015625,273.4679260253906,269.37554931640625,271.44580078125,4042002
2018-05-14,199.39840698242188,274.2382507324219,276.6455383300781,271.5421142578125,272.5050048828125,6728839
2018-05-15,197.33302307128906,271.3976745605469,275.3937683105469,270.2903137207031,274.2864074707031,8077078
2018-05-16,200.133544921875,275.24932861328125,278.0899353027344,269.1829528808594,269.568115234375,18758524
2018-05-17,195.3026123046875,268.6051940917969,277.9936218261719,268.1237487792969,277.319580078125,11169294
2018-05-18,197.64810180664062,271.8309631347656,274.96044921875,265.7646179199219,268.22003173828125,16016090
2018-05-21,197.68310546875,271.8791198730469,273.4679260253906,268.1719055175781,271.8309631347656,8909610
2018-05-22,195.16258239746094,268.4126281738281,272.601318359375,267.73858642578125,271.5421142578125,4913188
2018-05-23,191.45187377929688,263.3091735839844,269.03851318359375,262.8277282714844,268.6533508300781,8195839
2018-05-24,192.4320831298828,264.6572570800781,266.5349426269531,261.6722106933594,263.8387756347656,6524303
2018-05-25,194.43019104003906,262.2018127441406,264.80169677734375,258.7834777832031,262.2981262207031,9600297
2018-05-28,196.57225036621094,265.090576171875,267.208984375,262.2981262207031,263.8387756347656,7266559
2018-05-29,195.6797332763672,263.8869323730469,267.44970703125,262.34625244140625,264.6091003417969,9171106
2018-05-30,194.14454650878906,261.816650390625,263.5498962402344,260.6130065917969,262.3944091796875,8313920
2018-05-31,193.96603393554688,261.575927734375,262.58697509765625,259.6019592285156,262.10552978515625,13721531
2018-06-01,192.752197265625,259.93896484375,261.62408447265625,259.1204833984375,261.094482421875,6862252
2018-06-04,192.00245666503906,258.92791748046875,261.86480712890625,257.579833984375,260.22784423828125,8291604
2018-06-05,191.00283813476562,257.579833984375,259.8426818847656,256.95391845703125,259.0242004394531,6011246
2018-06-06,193.07351684570312,260.3722839355469,261.094482421875,257.86871337890625,258.061279296875,7577818
2018-06-07,193.53759765625,260.9981689453125,262.2018127441406,260.0834045410156,260.46856689453125,7059595
2018-06-08,191.28846740722656,257.9649963378906,261.4314880371094,257.0983581542969,261.04632568359375,7030323
2018-06-11,192.2523956298828,259.2649230957031,261.816650390625,258.2057189941406,258.5427551269531,8903144
2018-06-12,192.9663848876953,260.22784423828125,264.4165344238281,259.2649230957031,259.3130798339844,8774931
2018-06-13,191.2527313232422,257.9168395996094,261.7203674316406,257.29095458984375,261.4314880371094,8118945
2018-06-14,190.82432556152344,257.339111328125,258.92791748046875,256.1354675292969,256.6169128417969,9522749
2018-06-15,188.86073303222656,254.6910858154297,257.820556640625,253.824462890625,257.579833984375,11231098
2018-06-18,188.89645385742188,254.73922729492188,255.65399169921875,253.72816467285156,254.64292907714844,6522996
2018-06-19,189.96749877929688,256.18359375,257.2427978515625,252.90968322753906,255.0762481689453,7618626
2018-06-20,188.3252716064453,253.96890258789062,257.0983581542969,253.29486083984375,256.5687561035156,9907628
2018-06-21,186.25453186035156,251.1764373779297,254.97994995117188,250.74313354492188,254.59478759765625,7412366
2018-06-22,189.32485961914062,255.3169708251953,256.9057922363281,250.3579559326172,250.8875732421875,17468481
2018-06-25,187.5041046142578,252.86154174804688,255.55770874023438,250.1172332763672,255.3169708251953,14142177
2018-06-26,189.074951171875,254.97994995117188,256.2799072265625,252.42823791503906,252.71710205078125,10475574
2018-06-27,187.6112060546875,253.0059814453125,255.17254638671875,251.80233764648438,255.0762481689453,10423520
2018-06-28,186.00460815429688,250.83941650390625,254.20962524414062,249.39505004882812,252.28379821777344,15200725
2018-06-29,190.07460021972656,256.3280334472656,257.6279602050781,250.64683532714844,252.09121704101562,11327082
2018-07-02,187.82540893554688,253.29486083984375,257.1946716308594,250.40611267089844,257.0983581542969,18794988
2018-07-03,189.5390625,255.60585021972656,256.8576354980469,251.46531677246094,253.72816467285156,10784961
2018-07-04,188.789306640625,254.59478759765625,256.42431640625,252.47637939453125,256.42431640625,8184810
2018-07-05,194.572998046875,262.3944091796875,263.64617919921875,253.72816467285156,254.78736877441406,16069118
2018-07-06,194.68008422851562,262.5388488769531,264.56097412109375,260.1315612792969,262.6351318359375,13434995
2018-07-09,195.9296112060547,264.22393798828125,265.7646179199219,262.10552978515625,264.80169677734375,10158808
2018-07-10,197.82180786132812,266.7756652832031,267.208984375,262.97216796875,265.28314208984375,11928591
2018-07-11,196.89358520507812,265.52386474609375,269.9051513671875,263.5980529785156,266.5830993652344,11800272
2018-07-12,197.92892456054688,266.92010498046875,267.8348693847656,263.16473388671875,265.52386474609375,10284221
2018-07-13,193.07351684570312,260.3722839355469,267.97930908203125,259.216796875,267.6904296875,19306087
2018-07-16,193.93035888671875,261.52777099609375,263.16473388671875,259.6982421875,260.2760009765625,10676970
2018-07-17,192.68081665039062,259.8426818847656,262.8758544921875,259.3130798339844,260.9981689453125,10419746
2018-07-18,191.75254821777344,258.59088134765625,261.2388916015625,257.6761169433594,261.04632568359375,7321779
2018-07-19,195.14419555664062,263.16473388671875,264.4165344238281,256.3761901855469,258.92791748046875,9301711
2018-07-20,195.64404296875,263.8387756347656,264.6091003417969,260.6130065917969,263.1165771484375,6825663
2018-07-23,202.8914031982422,273.61236572265625,276.0196533203125,266.8719482421875,269.1347961425781,27059765
2018-07-24,203.96246337890625,275.0567321777344,276.356689453125,273.03460693359375,273.94940185546875,12577993
2018-07-25,204.31947326660156,275.5382080078125,276.30853271484375,272.6976013183594,273.7086486816406,13814116
2018-07-26,205.06919860839844,276.54925537109375,280.352783203125,273.6605224609375,276.356689453125,21495638
2018-07-27,216.02955627441406,291.33001708984375,295.7594299316406,284.05999755859375,288.87457275390625,78783846
2018-07-30,214.95851135253906,289.8856201171875,292.341064453125,288.87457275390625,290.8004150390625,17738557
2018-07-31,212.56654357910156,286.6598815917969,290.17449951171875,284.589599609375,289.5967712402344,15124149
2018-08-01,215.35121154785156,290.41522216796875,291.7151794433594,285.11920166015625,286.99688720703125,15187911
2018-08-02,213.6375732421875,288.104248046875,292.2447814941406,286.2746887207031,289.35601806640625,10226827
2018-08-03,217.0292205810547,292.6781005859375,294.0743103027344,287.0931701660156,288.87457275390625,12950643
2018-08-06,215.49404907226562,290.6078186035156,295.5186767578125,288.87457275390625,293.68914794921875,7979881
2018-08-07,214.9942169189453,289.93377685546875,292.9188232421875,288.63385009765625,291.7151794433594,7465742
2018-08-08,214.88711547851562,289.7893371582031,291.1855773925781,288.87457275390625,289.11529541015625,6690368
2018-08-09,215.9938507080078,291.2818603515625,293.3039855957031,288.9227294921875,290.5596618652344,9576528
2018-08-10,217.63613891601562,293.4965515136719,295.5186767578125,289.98193359375,290.8004150390625,15347074
2018-08-13,218.4572296142578,294.6039123535156,296.38531494140625,291.9077453613281,292.7262268066406,10341087
2018-08-14,219.84959411621094,296.4815979003906,298.6963195800781,295.4705505371094,295.614990234375,12790249
2018-08-16,219.5282745361328,296.04827880859375,297.0593566894531,293.7854309082031,296.4815979003906,19393491
2018-08-17,224.02667236328125,302.1146545410156,303.607177734375,296.38531494140625,296.38531494140625,26392504
2018-08-20,223.70538330078125,301.68133544921875,303.31829833984375,299.7555236816406,302.5479736328125,19958265
2018-08-21,223.4197540283203,301.2961730957031,305.244140625,300.4295654296875,302.83685302734375,14143291
2018-08-23,222.77711486816406,300.4295654296875,304.6663818359375,295.9519958496094,302.3553771972656,11745180
2018-08-24,221.6346435546875,298.8888854980469,300.4295654296875,295.614990234375,299.4666442871094,5655583
2018-08-27,223.7767791748047,301.77764892578125,303.1738586425781,298.98516845703125,299.6592102050781,5482067
2018-08-28,222.52720642089844,300.092529296875,304.088623046875,299.4666442871094,302.3553771972656,6864300
2018-08-29,223.348388671875,301.19989013671875,303.7516174316406,298.50372314453125,300.14068603515625,10748094
2018-08-30,228.38230895996094,307.9884338378906,308.71063232421875,301.8739318847656,301.8739318847656,25934792
2018-08-31,228.38230895996094,307.9884338378906,310.6364440917969,305.43670654296875,310.0587158203125,18781195
2018-09-03,223.63394165039062,301.5850524902344,310.9734802246094,299.5148010253906,310.9734802246094,9463966
2018-09-04,221.0634307861328,298.1185607910156,300.62213134765625,295.614990234375,300.4295654296875,11615187
2018-09-05,221.527587890625,298.74444580078125,302.7886962890625,297.7815246582031,298.8888854980469,10529696
2018-09-06,221.92030334472656,299.2740478515625,300.1888122558594,296.62603759765625,299.851806640625,7902786
2018-09-07,221.67039489746094,298.9370422363281,301.5850524902344,296.6741943359375,300.0444030761719,7465327
2018-09-10,218.88568115234375,295.1816711425781,299.2259216308594,294.21875,298.6963195800781,10006954
2018-09-11,212.20950317382812,286.17840576171875,295.3742370605469,284.589599609375,295.2779541015625,27008217
2018-09-12,219.06419372558594,295.4223937988281,296.1927185058594,284.4451599121094,286.7080078125,20171661
2018-09-14,219.31410217285156,295.7594299316406,297.20379638671875,293.7373046875,295.614990234375,13317349
2018-09-17,215.63685607910156,290.8004150390625,294.74835205078125,290.3189392089844,293.68914794921875,6049990
2018-09-18,216.5293731689453,292.0040588378906,293.5928649902344,288.2005310058594,290.99298095703125,8515415
2018-09-19,213.9588623046875,288.5375671386719,294.3150329589844,286.94873046875,293.20770263671875,6387203
2018-09-21,217.0292205810547,292.6781005859375,295.2298278808594,289.2597351074219,289.2597351074219,16966413
2018-09-24,212.74502563476562,286.9006042480469,294.98907470703125,281.6527099609375,293.68914794921875,15009283
2018-09-25,215.02993774414062,289.98193359375,291.1374206542969,281.5082702636719,285.8895263671875,13785151
2018-09-26,209.3176727294922,282.2785949707031,291.7633056640625,279.00469970703125,291.7633056640625,20657879
2018-09-27,209.42481994628906,282.42303466796875,284.1562805175781,278.76397705078125,282.6156311035156,12550275
2018-09-28,212.6022491455078,286.7080078125,288.87457275390625,280.9786682128906,284.05999755859375,25554548
2018-10-01,212.13809204101562,286.0821228027344,291.7151794433594,282.5193176269531,289.69305419921875,9373133
2018-10-03,210.7814483642578,284.2525939941406,288.87457275390625,283.72296142578125,285.98583984375,7861709
2018-10-04,204.997802734375,276.4529724121094,284.7340393066406,274.5752868652344,282.95263671875,8417940
2018-10-05,197.42910766601562,266.2460632324219,275.3937683105469,264.8979797363281,274.91229248046875,18301682
2018-10-08,195.0728302001953,263.0684509277344,269.03851318359375,259.16864013671875,268.6533508300781,17063274
2018-10-09,191.71685791015625,258.5427551269531,265.28314208984375,257.820556640625,265.28314208984375,10946626
2018-10-10,192.85931396484375,260.0834045410156,261.094482421875,257.29095458984375,259.8908386230469,11921765
2018-10-11,189.36053466796875,255.36512756347656,259.3130798339844,253.8726043701172,255.17254638671875,11018554
2018-10-12,196.50083923339844,264.9942626953125,267.3534240722656,257.3872375488281,257.579833984375,13942941
2018-10-15,201.71328735351562,272.0235595703125,273.082763671875,265.7646179199219,268.6051940917969,18623988
2018-10-16,201.8203887939453,272.1679992675781,273.2272033691406,266.10162353515625,272.5050048828125,12325066
2018-10-17,204.53369140625,275.8270568847656,280.834228515625,271.1087951660156,273.37164306640625,15896854
2018-10-19,206.67576599121094,278.7158203125,280.7379455566406,274.19012451171875,274.43084716796875,8341467
2018-10-22,205.9974822998047,277.8010559082031,282.23046875,276.6455383300781,281.1712646484375,12965700
2018-10-23,204.21237182617188,275.3937683105469,280.4009094238281,273.03460693359375,275.3937683105469,11261603
2018-10-24,205.4619140625,277.078857421875,278.90838623046875,275.73077392578125,277.9936218261719,9024700
2018-10-25,205.31912231445312,276.88629150390625,278.76397705078125,273.94940185546875,275.3937683105469,9953333
2018-10-26,200.57080078125,270.4828796386719,279.0528259277344,265.7646179199219,278.95654296875,22302628
2018-10-29,202.42730712890625,272.9864807128906,274.67156982421875,268.6051940917969,271.44580078125,11779416
2018-10-30,199.17845153808594,268.6051940917969,273.323486328125,267.6904296875,272.7457580566406,7110853
2018-10-31,199.9995880126953,269.7125549316406,270.5791931152344,262.7314147949219,269.1829528808594,14021856
2018-11-01,198.0717315673828,267.1127014160156,271.3495178222656,264.6091003417969,269.61627197265625,9816770
2018-11-02,202.24884033203125,272.7457580566406,275.3456115722656,267.97930908203125,267.97930908203125,12093152
2018-11-05,199.642578125,269.2311096191406,274.67156982421875,268.0755920410156,274.67156982421875,7665505
2018-11-06,198.0003204345703,267.0163879394531,271.3976745605469,265.86090087890625,270.67547607421875,10142476
2018-11-07,199.96392822265625,269.6644287109375,270.5791931152344,268.4607849121094,270.5791931152344,994001
2018-11-09,197.96463012695312,266.96826171875,269.327392578125,265.6683044433594,268.6533508300781,15613827
2018-11-12,195.53692626953125,263.6943359375,267.8830261230469,263.1165771484375,267.49786376953125,7318920
2018-11-13,197.6790008544922,266.5830993652344,267.5941467285156,263.0202941894531,263.7906188964844,6958821
2018-11-14,197.39337158203125,266.1979064941406,268.0755920410156,264.46466064453125,267.7867431640625,7182329
2018-11-15,196.00100708007812,264.3202209472656,268.8940734863281,263.3573303222656,266.5830993652344,12621945
2018-11-16,197.4647979736328,266.2942199707031,267.97930908203125,265.04241943359375,265.572021484375,13122152
2018-11-19,203.14132690429688,273.94940185546875,274.43084716796875,266.2460632324219,267.0645446777344,17364041
2018-11-20,202.67721557617188,273.323486328125,276.0196533203125,271.3495178222656,274.43084716796875,8096904
2018-11-21,201.17776489257812,271.3013610839844,274.2382507324219,269.61627197265625,273.94940185546875,5867663
2018-11-22,200.2852020263672,270.09771728515625,273.94940185546875,269.2311096191406,271.5421142578125,6937634
2018-11-26,203.96246337890625,275.0567321777344,275.73077392578125,270.2903137207031,270.8199157714844,9292657
2018-11-27,203.3912353515625,274.2864074707031,275.8270568847656,272.31243896484375,275.49005126953125,7146777
2018-11-28,201.49903869628906,271.73468017578125,277.2714538574219,270.3865966796875,274.8160095214844,9197861
2018-11-29,205.31912231445312,276.88629150390625,278.5713806152344,272.9383239746094,273.13092041015625,14183469
2018-11-30,204.06959533691406,275.201171875,279.24542236328125,274.2382507324219,278.76397705078125,8972623
2018-12-03,202.0345916748047,272.4568786621094,278.76397705078125,272.07171630859375,276.597412109375,8895477
2018-12-04,201.24916076660156,271.3976745605469,272.79388427734375,270.5310363769531,270.5791931152344,6548740
2018-12-05,196.6079559326172,265.1387023925781,271.3495178222656,264.0313720703125,270.5791931152344,11894383
2018-12-06,194.96568298339844,262.92401123046875,264.7054138183594,261.4314880371094,264.3202209472656,10055005
2018-12-07,195.6797332763672,263.8869323730469,265.9571838378906,263.16473388671875,264.7535400390625,8415885
2018-12-10,193.10922241210938,260.4204406738281,262.2018127441406,259.16864013671875,261.9129333496094,6940479
2018-12-11,196.14385986328125,264.5128173828125,265.812744140625,258.2538757324219,258.4464416503906,10633126
2018-12-12,197.10777282714844,265.812744140625,267.40155029296875,262.4906921386719,265.4757385253906,10473073
2018-12-13,196.57225036621094,265.090576171875,269.03851318359375,263.3573303222656,268.6533508300781,16430755
2018-12-14,196.89358520507812,265.52386474609375,266.96826171875,263.74249267578125,264.1758117675781,8925774
2018-12-17,199.82107543945312,269.4718322753906,270.96435546875,265.6683044433594,266.7275085449219,12703296
2018-12-18,198.60723876953125,267.8348693847656,270.19403076171875,266.7275085449219,268.7015075683594,9172963
2018-12-19,202.39158630371094,272.9383239746094,273.4679260253906,268.1719055175781,268.6533508300781,13639278
2018-12-20,201.8203887939453,272.1679992675781,273.85308837890625,270.5791931152344,270.5791931152344,5155693
2018-12-21,197.6075897216797,266.4867858886719,273.4679260253906,265.812744140625,272.5050048828125,7079146
2018-12-24,197.07208251953125,265.7646179199219,270.2903137207031,265.04241943359375,268.5089111328125,8869498
2018-12-26,197.53619384765625,266.3905029296875,268.4607849121094,264.6091003417969,266.10162353515625,8821251
2018-12-27,200.46372985839844,270.33843994140625,271.205078125,267.0163879394531,268.6533508300781,11881735
2018-12-28,201.53477478027344,271.7828369140625,273.4679260253906,268.79779052734375,268.79779052734375,13702437
2018-12-31,201.10633850097656,271.205078125,273.323486328125,270.67547607421875,272.31243896484375,5662393
2019-01-01,201.8560791015625,272.21612548828125,273.03460693359375,269.4236755371094,271.73468017578125,2586466
2019-01-02,200.35659790039062,270.19403076171875,272.7457580566406,267.25714111328125,271.7828369140625,10316782
2019-01-03,199.1070556640625,268.5089111328125,271.97540283203125,267.44970703125,270.19403076171875,6350450
2019-01-04,200.60655212402344,270.5310363769531,272.4568786621094,268.79779052734375,268.79779052734375,8105747
2019-01-07,201.10633850097656,271.205078125,274.67156982421875,270.5791931152344,273.7568054199219,10133320
2019-01-08,202.9628143310547,273.7086486816406,274.91229248046875,270.91619873046875,271.5421142578125,7768619
2019-01-09,207.35411071777344,279.6305847167969,280.88238525390625,274.0456848144531,275.00860595703125,12651287
2019-01-10,206.7828826904297,278.8602600097656,282.8081970214844,278.18621826171875,279.9676208496094,10684824
2019-01-11,210.88853454589844,284.3970031738281,285.0229187011719,280.6897888183594,281.074951171875,17419014
2019-01-14,210.13882446289062,283.3859558105469,283.8674011230469,279.24542236328125,283.57855224609375,6646635
2019-01-15,211.745361328125,285.5525207519531,286.3710021972656,283.0970764160156,284.30072021484375,7490965
2019-01-16,209.96031188964844,283.1452331542969,285.5525207519531,280.88238525390625,285.0229187011719,8083821
2019-01-17,209.888916015625,283.0489501953125,284.63775634765625,279.3898620605469,283.193359375,11009380
2019-01-18,208.1038360595703,280.64166259765625,284.1562805175781,279.8713073730469,282.3749084472656,11418250
2019-01-21,206.99708557128906,279.1491394042969,282.3267517089844,277.9936218261719,281.9897155761719,8519267
2019-01-22,206.88998413085938,279.00469970703125,280.2083435058594,274.5752868652344,279.1009826660156,10727385
2019-01-23,198.0003204345703,267.0163879394531,283.48223876953125,264.80169677734375,280.6897888183594,41735950
2019-01-24,199.14276123046875,268.55706787109375,272.842041015625,267.5459899902344,268.9422302246094,29105831
2019-01-25,199.3570098876953,268.845947265625,272.21612548828125,268.1719055175781,269.61627197265625,9240591
2019-01-28,196.17953491210938,264.56097412109375,269.086669921875,264.0313720703125,268.55706787109375,9338450
2019-01-29,198.8214569091797,268.1237487792969,268.6533508300781,264.56097412109375,265.090576171875,7267917
2019-01-30,196.71507263183594,265.28314208984375,269.808837890625,264.0313720703125,269.7125549316406,10852162
2019-01-31,198.96426391601562,268.31634521484375,269.2311096191406,263.45361328125,266.2460632324219,15937442
2019-02-01,200.53514099121094,270.43475341796875,274.6234130859375,268.7496337890625,270.2421569824219,19060690
2019-02-04,197.85752868652344,266.8238220214844,271.44580078125,265.812744140625,271.44580078125,6289877
2019-02-05,195.75111389160156,263.98321533203125,267.49786376953125,262.3944091796875,267.0645446777344,10205529
2019-02-06,198.28591918945312,267.40155029296875,268.0755920410156,264.3683776855469,264.80169677734375,8409442
2019-02-07,200.14242553710938,269.9051513671875,270.5791931152344,266.7275085449219,267.5941467285156,6177040
2019-02-08,196.71507263183594,265.28314208984375,270.7717590332031,264.4165344238281,269.1347961425781,4575570
2019-02-11,197.85752868652344,266.8238220214844,267.8830261230469,258.4945983886719,265.572021484375,10335615
2019-02-12,196.57225036621094,265.090576171875,270.09771728515625,264.4165344238281,266.7756652832031,7624089
2019-02-14,198.42872619628906,267.5941467285156,269.808837890625,266.7275085449219,266.7275085449219,10378675
2019-02-15,199.9995880126953,269.7125549316406,270.5310363769531,265.1868591308594,268.6533508300781,38998388
2019-02-18,196.14385986328125,264.5128173828125,271.97540283203125,263.74249267578125,268.4607849121094,42232590
2019-02-19,197.0006866455078,265.6683044433594,268.845947265625,263.8387756347656,263.8387756347656,35777932
2019-02-20,196.96498107910156,265.62017822265625,267.208984375,264.0794982910156,266.96826171875,6208106
2019-02-21,196.39373779296875,264.8498229980469,266.4867858886719,264.0313720703125,265.6683044433594,7264425
2019-02-22,195.85821533203125,264.1276550292969,265.7164611816406,262.97216796875,265.37945556640625,9100951
2019-02-25,197.57191467285156,266.43865966796875,266.8719482421875,262.8758544921875,264.3202209472656,31204722
2019-02-26,196.71507263183594,265.28314208984375,266.7275085449219,263.8869323730469,264.7535400390625,12233273
2019-02-27,196.429443359375,264.8979797363281,268.55706787109375,263.74249267578125,265.7646179199219,13634026
2019-02-28,197.10777282714844,265.812744140625,267.0163879394531,264.0794982910156,267.0163879394531,44873000
2019-03-01,198.6429443359375,267.8830261230469,268.6533508300781,266.0053405761719,266.1979064941406,9170950
2019-03-05,201.74900817871094,272.07171630859375,273.4679260253906,265.812744140625,269.61627197265625,14103324
2019-03-06,204.03387451171875,275.1530456542969,278.47509765625,274.19012451171875,274.43084716796875,20817638
2019-03-07,207.139892578125,279.3417053222656,280.2083435058594,275.24932861328125,276.06781005859375,14837761
2019-03-08,208.4965362548828,281.1712646484375,282.1341552734375,277.7047424316406,279.5343017578125,13169854
2019-03-11,209.17489624023438,282.0860290527344,283.9637145996094,280.30462646484375,282.1341552734375,15287916
2019-03-12,210.28163146972656,283.57855224609375,284.6858825683594,282.2785949707031,283.0970764160156,14686757
2019-03-13,210.5672607421875,283.9637145996094,285.98583984375,283.24151611328125,284.05999755859375,11496644
2019-03-14,210.99563598632812,284.54144287109375,285.0229187011719,279.6787414550781,284.4451599121094,10503481
2019-03-15,207.63970947265625,280.0157470703125,285.5525207519531,278.6195373535156,284.9747619628906,22219476
2019-03-18,209.60324096679688,282.66375732421875,283.2896728515625,280.4972229003906,281.1712646484375,9519926
2019-03-19,213.81605529785156,288.344970703125,288.87457275390625,282.47119140625,283.6748352050781,16363247
2019-03-20,213.42335510253906,287.81536865234375,290.75225830078125,285.60064697265625,288.87457275390625,16221492
2019-03-22,212.92352294921875,287.1413269042969,288.87457275390625,285.5525207519531,288.87457275390625,8378083
2019-03-25,210.67437744140625,284.108154296875,285.98583984375,282.3267517089844,285.98583984375,8324586
2019-03-26,209.4961395263672,282.5193176269531,285.35992431640625,280.2564697265625,284.05999755859375,11178168
2019-03-27,209.28201293945312,282.23046875,285.69696044921875,280.78607177734375,283.0970764160156,8757278
2019-03-28,214.2087860107422,288.87457275390625,290.8004150390625,282.1341552734375,283.193359375,18436077
2019-04-01,212.2451934814453,286.2265625,288.104248046875,285.5525207519531,285.98583984375,6442182
2019-04-02,212.70932006835938,286.8524475097656,288.87457275390625,283.72296142578125,286.3710021972656,10228747
2019-04-03,211.45977783203125,285.1673583984375,287.9116516113281,284.2044372558594,286.94873046875,9413878
2019-04-04,210.49581909179688,283.8674011230469,286.2746887207031,282.8563537597656,285.0229187011719,7233298
2019-04-05,210.3173370361328,283.6266784667969,285.4080810546875,281.7971496582031,284.108154296875,8107661
2019-04-08,209.0320587158203,281.8934326171875,284.05999755859375,280.88238525390625,283.72296142578125,5492542
2019-04-09,211.56689453125,285.3117980957031,285.69696044921875,281.4119873046875,281.6527099609375,6413515
2019-04-10,210.4244384765625,283.7711181640625,285.5525207519531,282.6156311035156,285.071044921875,5540095
2019-04-11,211.6382598876953,285.4080810546875,286.41912841796875,282.1341552734375,283.6266784667969,11179559
2019-04-12,218.31446838378906,294.4113464355469,296.0001525878906,284.63775634765625,285.6488037109375,22658578
2019-04-15,218.13597106933594,294.17059326171875,298.50372314453125,293.0632629394531,296.4815979003906,13098155
2019-04-16,219.34979248046875,295.80755615234375,298.45556640625,294.7965087890625,295.4223937988281,10121522
2019-04-18,217.35047912597656,293.11138916015625,296.8186340332031,292.29290771484375,296.8186340332031,9178504
2019-04-22,215.49404907226562,290.6078186035156,294.17059326171875,289.8856201171875,292.581787109375,6929432
2019-04-23,216.636474609375,292.14849853515625,293.4965515136719,290.3670959472656,290.9448547363281,7784732
2019-04-24,218.8142852783203,295.08538818359375,295.80755615234375,287.4302062988281,292.14849853515625,11888770
2019-04-25,217.17198181152344,292.87066650390625,298.3111572265625,290.8004150390625,295.855712890625,24135743
2019-04-26,217.4576416015625,293.2558288574219,295.0372314453125,291.33001708984375,293.3039855957031,4834044
2019-04-30,215.17269897460938,290.17449951171875,296.14459228515625,288.39312744140625,293.2558288574219,11593138
2019-05-02,217.77894592285156,293.68914794921875,295.1335144042969,289.45233154296875,289.93377685546875,7781859
2019-05-03,217.24339294433594,292.9669494628906,296.04827880859375,292.05218505859375,292.9669494628906,6112578
2019-05-06,219.20700073242188,295.614990234375,296.096435546875,289.5967712402344,292.7262268066406,6997113
2019-05-07,215.5654296875,290.7041015625,298.02227783203125,289.69305419921875,296.8186340332031,8989234
2019-05-08,214.67291259765625,289.5004577636719,292.14849853515625,287.57464599609375,288.87457275390625,8179360
2019-05-09,214.10165405273438,288.7301330566406,290.1263732910156,285.35992431640625,288.29681396484375,10617358
2019-05-10,212.6022491455078,286.7080078125,289.3078918457031,285.8895263671875,288.87457275390625,7170576
2019-05-13,206.5686798095703,278.5713806152344,292.2447814941406,277.0307312011719,284.1562805175781,37262425
2019-05-14,210.1745147705078,283.4341125488281,287.1894836425781,278.1380615234375,280.2083435058594,21959611
2019-05-15,212.1023712158203,286.0339660644531,288.2005310058594,281.1712646484375,286.51544189453125,18583184
2019-05-16,210.4601287841797,283.81927490234375,285.98583984375,282.3749084472656,285.98583984375,7637614
2019-05-17,215.20838928222656,290.22265625,291.1374206542969,284.1562805175781,284.1562805175781,11626049
2019-05-20,219.20700073242188,295.614990234375,296.14459228515625,290.8966979980469,295.4705505371094,11437612
2019-05-21,218.42156982421875,294.5557861328125,298.50372314453125,293.97802734375,295.614990234375,10923996
2019-05-22,218.29153442382812,288.63385009765625,291.57073974609375,285.7932434082031,290.9448547363281,14266773
2019-05-23,209.8802947998047,277.5121765136719,294.26690673828125,276.356689453125,293.68914794921875,32589058
2019-05-24,211.51885986328125,279.6787414550781,280.834228515625,276.6455383300781,280.6897888183594,11298665
2019-05-27,211.81016540527344,280.06390380859375,282.66375732421875,278.3306579589844,280.4490661621094,9371741
2019-05-28,210.39007568359375,278.18621826171875,281.1712646484375,277.4158935546875,280.9786682128906,16199349
2019-05-29,209.8074493408203,277.4158935546875,280.88238525390625,276.9344177246094,278.0899353027344,7534947
2019-05-30,210.20803833007812,277.94549560546875,280.2564697265625,277.60845947265625,278.2825012207031,8989691
2019-05-31,202.85272216796875,268.22003173828125,280.6897888183594,267.16082763671875,278.6195373535156,27294002
2019-06-03,202.85272216796875,268.22003173828125,271.0606384277344,265.090576171875,270.96435546875,20323304
2019-06-04,203.36251831054688,268.8940734863281,271.6865234375,268.4607849121094,268.8940734863281,14384170
2019-06-06,200.81362915039062,265.52386474609375,270.0014343261719,265.090576171875,270.0014343261719,11071548
2019-06-07,200.4495086669922,265.04241943359375,266.5349426269531,264.0313720703125,266.5349426269531,7995725
2019-06-10,203.4717254638672,269.03851318359375,270.1458740234375,266.6312255859375,267.97930908203125,8947150
2019-06-11,203.7994384765625,269.4718322753906,270.96435546875,268.845947265625,270.4828796386719,8787243
2019-06-12,203.8722686767578,269.568115234375,270.96435546875,267.93115234375,270.96435546875,8565517
2019-06-13,204.3456268310547,270.19403076171875,270.91619873046875,268.22003173828125,268.55706787109375,7475823
2019-06-14,202.48863220214844,267.73858642578125,270.09771728515625,266.8719482421875,270.09771728515625,8212601
2019-06-17,200.26747131347656,264.80169677734375,268.5089111328125,264.2720947265625,268.5089111328125,10398919
2019-06-18,200.34027099609375,264.8979797363281,267.5459899902344,263.8387756347656,265.9090576171875,14378973
2019-06-19,201.8695831298828,266.92010498046875,268.55706787109375,265.37945556640625,265.4757385253906,9394923
2019-06-20,201.7239532470703,266.7275085449219,267.6423034667969,265.1387023925781,266.7275085449219,10973042
2019-06-21,199.72125244140625,264.0794982910156,266.3905029296875,263.1165771484375,266.3905029296875,19311989
2019-06-24,201.1777801513672,266.0053405761719,267.208984375,264.0794982910156,264.0794982910156,9279182
2019-06-25,202.81631469726562,268.1719055175781,269.61627197265625,264.0794982910156,264.8498229980469,12856683
2019-06-26,202.01524353027344,267.1127014160156,268.3644714355469,266.10162353515625,268.1237487792969,7707084
2019-06-27,199.17510986328125,263.3573303222656,267.8830261230469,262.68328857421875,267.6423034667969,24205884
2019-06-28,199.4299774169922,263.6943359375,265.2350158691406,262.3944091796875,263.93505859375,8775151
2019-07-01,200.23104858398438,264.7535400390625,266.0053405761719,263.98321533203125,264.22393798828125,5236646
2019-07-02,199.4299774169922,263.6943359375,265.4275817871094,263.0684509277344,265.1387023925781,10360661
2019-07-03,201.50547790527344,266.43865966796875,267.25714111328125,262.057373046875,264.1276550292969,18818695
2019-07-04,202.19729614257812,267.3534240722656,267.93115234375,264.9942626953125,267.16082763671875,10071080
2019-07-05,203.5081329345703,269.086669921875,271.3976745605469,258.061279296875,267.3534240722656,38474130
2019-07-08,202.05165100097656,267.16082763671875,272.4087219238281,265.572021484375,269.7607116699219,12637923
2019-07-09,198.88381958007812,262.97216796875,267.25714111328125,262.057373046875,266.67938232421875,8003290
2019-07-10,198.92022705078125,263.0202941894531,265.04241943359375,260.70928955078125,263.40545654296875,8477115
2019-07-11,200.74081420898438,265.4275817871094,266.6312255859375,263.45361328125,263.8387756347656,8727346
2019-07-12,200.30386352539062,264.8498229980469,266.1979064941406,262.97216796875,265.1868591308594,10872126
2019-07-15,197.3180389404297,260.9018859863281,265.37945556640625,260.5167236328125,264.80169677734375,8865479
2019-07-16,198.04632568359375,261.86480712890625,262.6351318359375,260.5648498535156,260.9500427246094,6602372
2019-07-17,198.73812866210938,262.7795715332031,263.0202941894531,260.6611633300781,262.34625244140625,6536611
2019-07-18,198.8109588623047,262.8758544921875,264.8979797363281,262.2018127441406,262.8277282714844,9447100
2019-07-19,195.38821411132812,258.35015869140625,264.0794982910156,258.061279296875,263.93505859375,8294444
2019-07-22,192.5480194091797,254.59478759765625,258.2538757324219,254.20962524414062,258.061279296875,14037538
2019-07-23,197.09959411621094,260.6130065917969,261.62408447265625,255.17254638671875,255.65399169921875,14951457
2019-07-24,197.24525451660156,260.80560302734375,263.212890625,257.9649963378906,260.2760009765625,12537555
2019-07-25,195.0604705810547,257.9168395996094,262.3944091796875,257.0020751953125,260.9500427246094,18350433
2019-07-26,196.9175262451172,260.3722839355469,260.9500427246094,257.0020751953125,258.7834777832031,4972441
2019-07-29,194.98768615722656,257.820556640625,261.094482421875,256.6169128417969,259.98712158203125,5738104
2019-07-30,195.82516479492188,258.92791748046875,260.0834045410156,256.6650695800781,258.061279296875,13743007
2019-07-31,196.7718963623047,260.1796875,261.04632568359375,256.1354675292969,258.6390380859375,14175457
2019-08-01,194.842041015625,257.6279602050781,260.6611633300781,256.6169128417969,260.4204406738281,6153824
2019-08-02,192.62088012695312,254.6910858154297,257.29095458984375,253.34300231933594,257.29095458984375,9233326
2019-08-05,189.1981201171875,250.16537475585938,254.6910858154297,248.09510803222656,254.59478759765625,12001827
2019-08-06,188.54269409179688,249.2987518310547,251.80233764648438,248.57656860351562,249.15431213378906,9770895
2019-08-07,184.71942138671875,244.2434539794922,249.73207092285156,243.71385192871094,249.4431915283203,8816780
2019-08-08,187.70523071289062,248.19140625,249.10617065429688,243.6175537109375,245.5433807373047,6616227
2019-08-09,185.11996459960938,244.77305603027344,249.2506103515625,244.09901428222656,249.2506103515625,10309668
2019-08-13,179.3668212890625,237.16603088378906,244.58047485351562,234.95132446289062,244.3878936767578,21801393
2019-08-14,181.1510009765625,239.52516174316406,244.1953125,234.9994659423828,237.16603088378906,14340858
2019-08-16,184.24606323242188,243.6175537109375,244.00271606445312,238.22523498535156,239.52516174316406,10735480
2019-08-19,183.19009399414062,242.22132873535156,247.75808715820312,241.64358520507812,244.09901428222656,13006987
2019-08-20,179.51246643066406,237.35861206054688,242.6064910888672,236.34754943847656,242.26947021484375,15577976
2019-08-21,175.83482360839844,232.49588012695312,237.7437744140625,231.9181365966797,237.5511932373047,15303762
2019-08-22,174.81529235839844,231.14779663085938,236.8771514892578,230.13674926757812,233.21807861328125,10917955
2019-08-23,171.938720703125,227.3442840576172,230.57005310058594,225.94805908203125,230.13674926757812,17073495
2019-08-26,176.5994873046875,233.50694274902344,234.42172241210938,226.2369384765625,231.77369689941406,13352257
2019-08-27,178.78419494628906,236.39569091796875,237.16603088378906,233.69952392578125,234.90316772460938,15089362
2019-08-28,179.11192321777344,236.82901000976562,238.46595764160156,234.08470153808594,237.02159118652344,9237042
2019-08-29,175.65277099609375,232.25515747070312,236.34754943847656,231.2440948486328,234.90316772460938,11532941
2019-08-30,178.89346313476562,236.54013061523438,238.03265380859375,230.1848907470703,233.7476806640625,12225631
2019-09-03,175.90765380859375,232.59217834472656,235.38462829589844,231.72555541992188,235.38462829589844,9913882
2019-09-04,177.1456756591797,234.2291259765625,235.48092651367188,232.3514404296875,232.64031982421875,7303230
2019-09-05,177.8739013671875,235.19204711914062,237.7437744140625,233.02548217773438,233.02548217773438,8777107
2019-09-06,177.6190185546875,234.8550262451172,236.7327117919922,234.2291259765625,235.2401885986328,9039911
2019-09-09,178.78419494628906,236.39569091796875,237.35861206054688,234.1809844970703,235.57720947265625,9435127
2019-09-11,177.50978088378906,234.71058654785156,236.34754943847656,233.9884033203125,235.52906799316406,9314093
2019-09-12,175.3250732421875,231.82183837890625,235.9142303466797,231.0996551513672,235.2401885986328,8395088
2019-09-13,174.70602416992188,231.0033721923828,233.45880126953125,229.75157165527344,232.0625762939453,14572355
2019-09-16,174.3419189453125,230.52191162109375,231.9181365966797,229.46270751953125,230.61819458007812,7357494
2019-09-17,172.73977661132812,228.40350341796875,231.19595336914062,228.01832580566406,230.90707397460938,11083300
2019-09-18,174.23268127441406,230.37747192382812,233.31436157226562,225.3703155517578,228.88494873046875,20724917
2019-09-19,172.3756866455078,227.9220428466797,231.051513671875,227.3442840576172,231.051513671875,8810026
2019-09-20,173.3588104248047,229.2219696044922,239.28443908691406,225.6110382080078,228.21090698242188,66016326
2019-09-23,185.5933074951172,245.39895629882812,250.83941650390625,240.6325225830078,240.7288055419922,54044544
2019-09-24,186.4307861328125,246.5063018798828,248.43212890625,244.3878936767578,245.5433807373047,17828419
2019-09-25,180.27713012695312,238.3696746826172,246.7470245361328,233.69952392578125,245.63967895507812,21390350
2019-09-26,182.35260009765625,241.11398315429688,242.07688903808594,237.1178741455078,238.12893676757812,18534981
2019-09-27,184.20965576171875,243.5694122314453,248.43212890625,240.7288055419922,240.7288055419922,18211017
2019-09-30,189.2345428466797,250.21353149414062,251.1282958984375,240.15106201171875,245.3026580810547,21381205
2019-10-01,186.3579559326172,246.41000366210938,252.71710205078125,245.5433807373047,249.4913330078125,16035574
2019-10-03,190.54539489746094,251.94677734375,252.42823791503906,246.554443359375,248.1432647705078,12832216
2019-10-04,187.34109497070312,247.70994567871094,254.1133270263672,245.73597717285156,253.2467041015625,18781574
2019-10-07,183.44500732421875,242.558349609375,248.43212890625,241.40284729003906,247.95066833496094,22082491
2019-10-09,179.9494171142578,237.9363555908203,242.84722900390625,237.16603088378906,241.98060607910156,22332047
2019-10-10,177.10923767089844,234.1809844970703,238.46595764160156,233.65138244628906,237.84005737304688,25230638
2019-10-11,177.65545654296875,234.90316772460938,237.06973266601562,232.1588592529297,234.1809844970703,26037798
2019-10-14,177.7646942138672,235.047607421875,237.26231384277344,233.9884033203125,236.34754943847656,15280471
2019-10-15,180.3135528564453,238.41781616210938,239.95848083496094,235.96238708496094,235.96238708496094,10373904
2019-10-16,177.4369659423828,234.6143035888672,238.41781616210938,233.169921875,238.22523498535156,16681940
2019-10-17,179.03912353515625,236.7327117919922,237.5511932373047,234.806884765625,234.95132446289062,14175284
2019-10-18,179.51246643066406,237.35861206054688,238.6103973388672,236.01052856445312,236.8771514892578,13327812
2019-10-22,181.26028442382812,239.6696014404297,241.78802490234375,235.8660888671875,235.9142303466797,18979485
2019-10-23,182.8260040283203,241.7398681640625,242.6064910888672,239.8140411376953,241.11398315429688,13325639
2019-10-24,181.3695068359375,239.8140411376953,244.58047485351562,238.7548370361328,243.23239135742188,17438024
2019-10-25,180.38633728027344,238.51409912109375,247.66180419921875,237.84005737304688,247.3729248046875,33846376
2019-10-27,182.35260009765625,241.11398315429688,241.78802490234375,240.43994140625,240.6806640625,3252338
2019-10-29,184.42808532714844,243.85829162597656,245.63967895507812,240.29550170898438,241.64358520507812,12397313
2019-10-30,188.90682983398438,249.78021240234375,254.20962524414062,244.8693389892578,246.5063018798828,35611812
2019-10-31,187.63238525390625,248.09510803222656,253.10226440429688,246.69888305664062,250.3579559326172,17296427
2019-11-01,190.29051208496094,251.60975646972656,253.2467041015625,249.15431213378906,249.73207092285156,13055757
2019-11-04,189.8899688720703,251.0801544189453,255.1243896484375,250.40611267089844,253.1985626220703,8199342
2019-11-05,191.45570373535156,253.15042114257812,254.20962524414062,249.0098876953125,251.3208770751953,10674212
2019-11-06,190.326904296875,251.65789794921875,254.0170440673828,250.3579559326172,253.1985626220703,9198544
2019-11-07,193.60403442382812,255.9910125732422,256.42431640625,252.28379821777344,253.15042114257812,15351749
2019-11-08,189.70790100097656,250.83941650390625,255.60585021972656,250.3579559326172,255.02810668945312,12357632
2019-11-11,188.94322204589844,249.82835388183594,252.62081909179688,249.2024688720703,250.9357147216797,7524183
2019-11-13,184.86508178710938,244.43603515625,249.63577270507812,243.76199340820312,249.2987518310547,10664859
2019-11-14,184.9014892578125,244.4841766357422,246.41000366210938,243.85829162597656,244.6767578125,9222757
2019-11-15,182.53469848632812,241.35470581054688,246.2655792236328,240.7288055419922,244.82119750976562,17386229
2019-11-18,182.60751342773438,241.4510040283203,242.89537048339844,239.52516174316406,242.12503051757812,8167820
2019-11-19,181.55154418945312,240.0547637939453,242.46205139160156,239.5733184814453,242.41390991210938,12621028
2019-11-20,182.5711212158203,241.40284729003906,241.98060607910156,237.5511932373047,240.0547637939453,10362358
2019-11-21,178.92987060546875,236.58827209472656,242.07688903808594,235.96238708496094,242.07688903808594,10793493
2019-11-22,180.34994506835938,238.46595764160156,243.28053283691406,237.5030517578125,237.9844970703125,17000856
2019-11-25,180.4227752685547,238.562255859375,239.18814086914062,237.1178741455078,238.562255859375,10994413
2019-11-26,181.44232177734375,239.91033935546875,241.11398315429688,238.51409912109375,239.4288787841797,20539741
2019-11-27,179.8401641845703,237.7919158935547,240.77696228027344,237.45489501953125,240.4880828857422,9182137
2019-11-28,179.65811157226562,237.5511932373047,238.7548370361328,236.54013061523438,238.12893676757812,11416080
2019-11-29,179.4396514892578,237.26231384277344,238.22523498535156,235.9142303466797,237.59933471679688,10185713
2019-12-02,178.38368225097656,235.8660888671875,237.7437744140625,235.48092651367188,236.8771514892578,10356741
2019-12-03,177.72825622558594,234.9994659423828,236.6845703125,233.65138244628906,235.8660888671875,8442322
2019-12-04,177.07284545898438,234.13284301757812,234.9994659423828,233.02548217773438,234.46986389160156,12406762
2019-12-05,179.8401641845703,237.7919158935547,238.32151794433594,234.08470153808594,234.13284301757812,11699738
2019-12-06,177.21849060058594,234.32542419433594,237.9844970703125,233.50694274902344,237.84005737304688,10773814
2019-12-09,175.83482360839844,232.49588012695312,234.27728271484375,232.0625762939453,233.9884033203125,6981671
2019-12-10,171.57460021972656,226.86282348632812,232.7366180419922,226.2850799560547,232.64031982421875,15972570
2019-12-11,173.03106689453125,228.78866577148438,229.94415283203125,226.86282348632812,226.86282348632812,14331297
2019-12-12,173.72293090820312,229.70343017578125,231.292236328125,228.78866577148438,229.2219696044922,10704007
2019-12-13,175.944091796875,232.64031982421875,233.50694274902344,230.32933044433594,231.0996551513672,8521473
2019-12-16,172.5213165283203,228.1146240234375,234.37356567382812,227.58502197265625,233.9884033203125,12476974
2019-12-17,175.54351806640625,232.1107177734375,232.7366180419922,228.69236755371094,228.69236755371094,16534369
2019-12-18,178.52932739257812,236.0586700439453,238.1770782470703,230.8589324951172,231.6774139404297,17794641
2019-12-19,177.94676208496094,235.28834533691406,238.70669555664062,234.2291259765625,236.92529296875,9699414
2019-12-20,175.61636352539062,232.20701599121094,236.01052856445312,231.2440948486328,235.28834533691406,14495913
2019-12-23,173.97781372070312,230.0404510498047,233.7958221435547,229.7997283935547,233.02548217773438,19817033
2019-12-24,173.86856079101562,229.89601135253906,231.292236328125,229.3664093017578,230.13674926757812,8200254
2019-12-26,172.44850158691406,228.01832580566406,230.52191162109375,227.58502197265625,230.0404510498047,15017235
2019-12-27,172.5213165283203,228.1146240234375,229.60714721679688,227.68130493164062,228.69236755371094,9048085
2019-12-30,173.468017578125,229.3664093017578,231.96627807617188,228.69236755371094,229.173828125,13680470
2019-12-31,173.10394287109375,228.88494873046875,230.08859252929688,228.59608459472656,229.70343017578125,7417112
2020-01-01,173.39523315429688,229.27012634277344,229.75157165527344,228.3072052001953,229.75157165527344,4370931
2020-01-02,174.6696319580078,230.95521545410156,232.01443481445312,229.27012634277344,229.3664093017578,8726602
2020-01-03,173.6865234375,229.65528869628906,232.0625762939453,229.173828125,232.0625762939453,9642051
2020-01-06,171.21047973632812,226.38137817382812,229.46270751953125,226.2850799560547,228.69236755371094,7930726
2020-01-07,171.3925323486328,226.62210083007812,229.07752990722656,225.89991760253906,227.296142578125,8740894
2020-01-08,170.55503845214844,225.51475524902344,227.055419921875,224.5999755859375,225.32217407226562,7314466
2020-01-09,171.72024536132812,227.055419921875,227.82574462890625,226.33322143554688,226.86282348632812,9816703
2020-01-10,173.32237243652344,229.173828125,229.89601135253906,228.01832580566406,228.78866577148438,10357864
2020-01-13,174.23268127441406,230.37747192382812,231.58111572265625,229.41455078125,229.65528869628906,12715178
2020-01-14,177.1456756591797,234.2291259765625,234.7587432861328,229.46270751953125,231.34039306640625,12299570
2020-01-15,176.52667236328125,233.41065979003906,233.9884033203125,232.1588592529297,233.5550994873047,5687654
2020-01-16,175.3250732421875,231.82183837890625,234.8550262451172,231.19595336914062,233.50694274902344,9730522
2020-01-17,174.74244689941406,231.051513671875,233.1217803955078,230.52191162109375,231.82183837890625,7677106
2020-01-20,176.1625213623047,232.92919921875,234.2291259765625,231.14779663085938,231.14779663085938,8329721
2020-01-21,173.6501007080078,229.60714721679688,232.49588012695312,229.173828125,232.49588012695312,9939680
2020-01-22,173.3588104248047,229.2219696044922,230.71449279785156,228.3072052001953,230.71449279785156,7949731
2020-01-23,173.2495880126953,229.07752990722656,229.89601135253906,228.1146240234375,229.27012634277344,6356150
2020-01-24,173.43162536621094,229.31826782226562,230.2330322265625,228.21090698242188,228.59608459472656,7063834
2020-01-27,170.84637451171875,225.89991760253906,228.59608459472656,225.6110382080078,228.21090698242188,7100949
2020-01-28,168.04258728027344,222.19268798828125,227.15170288085938,221.95196533203125,226.0443572998047,15144538
2020-01-29,172.33926391601562,227.87388610839844,228.83680725097656,222.57786560058594,222.91488647460938,21258057
2020-01-30,170.44583129882812,225.3703155517578,228.21090698242188,224.3592529296875,228.1627655029297,10794458
2020-01-31,171.2469024658203,226.4295196533203,229.55899047851562,225.3703155517578,227.00726318359375,19166671
2020-02-03,151.18373107910156,199.9011993408203,208.8563232421875,197.3976287841797,207.0267791748047,82836335
2020-02-04,157.04611206054688,207.65267944335938,209.5303497314453,201.3937225341797,202.98252868652344,37145337
2020-02-05,157.62869262695312,208.42300415039062,209.43406677246094,203.6565704345703,208.278564453125,22072147
2020-02-06,155.5167999267578,205.63055419921875,211.74505615234375,203.94544982910156,209.91552734375,28443398
2020-02-07,155.40753173828125,205.48611450195312,207.70082092285156,204.86021423339844,205.87127685546875,17793265
2020-02-10,153.33206176757812,202.74180603027344,206.1120147705078,202.26034545898438,206.06385803222656,9987781
2020-02-11,154.824951171875,204.7157745361328,208.9044647216797,203.94544982910156,208.4711456298828,30951617
2020-02-12,155.15264892578125,205.1490936279297,206.83419799804688,203.94544982910156,205.48611450195312,10310789
2020-02-13,154.315185546875,204.04173278808594,205.5342559814453,203.36770629882812,205.1490936279297,9505645
2020-02-14,151.2565460205078,199.99749755859375,205.00465393066406,199.13087463378906,204.37875366210938,14260540
2020-02-17,149.1446533203125,197.20504760742188,200.91226196289062,196.43470764160156,200.286376953125,16161290
2020-02-18,148.4528045654297,196.29026794433594,197.01246643066406,193.0644989013672,196.9643096923828,21741128
2020-02-19,150.52830505371094,199.03457641601562,199.4678955078125,196.29026794433594,197.6383514404297,9403278
2020-02-20,151.07449340820312,199.7567596435547,200.81597900390625,197.8309326171875,199.32345581054688,16193373
2020-02-24,147.83380126953125,195.47178649902344,199.7567596435547,194.31629943847656,199.32345581054688,17233132
2020-02-25,146.95989990234375,194.31629943847656,197.7827911376953,194.0274200439453,196.24212646484375,15903285
2020-02-26,144.6295166015625,191.23497009277344,194.4607391357422,189.020263671875,193.2089385986328,18557438
2020-02-27,143.8648681640625,190.22390747070312,191.7645721435547,188.63510131835938,191.04238891601562,17936226
2020-02-28,143.8648681640625,190.22390747070312,192.48675537109375,184.92787170410156,187.7684783935547,33885063
2020-03-02,142.226318359375,188.05734252929688,195.9051055908203,186.46853637695312,192.10159301757812,19274852
2020-03-03,141.17034912109375,186.66111755371094,190.1276092529297,185.40933227539062,189.69430541992188,18638624
2020-03-04,136.54600524902344,180.54661560058594,188.29808044433594,179.6318359375,187.72032165527344,28729502
2020-03-05,136.946533203125,181.0762176513672,184.10939025878906,179.6318359375,180.59475708007812,20797182
2020-03-06,132.3585968017578,175.0098419189453,177.99488830566406,173.08401489257812,177.99488830566406,27795285
2020-03-09,129.04507446289062,170.6285858154297,172.36183166503906,168.02871704101562,172.36183166503906,22633662
2020-03-11,127.91629028320312,169.1360626220703,170.1952667236328,165.95843505859375,167.54725646972656,29032759
2020-03-12,113.46063995361328,150.02220153808594,162.87710571289062,144.96688842773438,162.73268127441406,54043896
2020-03-13,118.15780639648438,156.23300170898438,157.91810607910156,129.6083984375,144.43728637695312,63962722
2020-03-16,107.2341079711914,141.78927612304688,152.2368927001953,139.86343383789062,152.14060974121094,34535653
2020-03-17,108.61778259277344,143.61880493164062,150.02220153808594,140.63377380371094,142.51145935058594,49492914
2020-03-18,109.7465591430664,145.111328125,148.9148406982422,141.88555908203125,146.45941162109375,52178352
2020-03-19,117.86653137207031,155.84783935546875,157.4847869873047,139.38198852539062,145.111328125,93204936
2020-03-20,127.80705261230469,168.9916229248047,169.9545440673828,158.97731018066406,158.97731018066406,64384067
2020-03-23,112.36824798583984,148.57781982421875,155.9922637939453,143.6669464111328,152.14060974121094,53330913
2020-03-24,109.0183334350586,144.14840698242188,157.6292266845703,141.93370056152344,156.90704345703125,54576761
2020-03-25,107.30695343017578,141.88555908203125,146.3631134033203,133.84521484375,145.40020751953125,64913270
2020-03-26,113.89754486083984,150.59994506835938,153.4886932373047,137.93760681152344,144.43728637695312,60694283
2020-03-27,118.84962463378906,157.14776611328125,159.84393310546875,149.25186157226562,155.9922637939453,33893412
2020-03-30,115.93666076660156,153.29611206054688,158.78472900390625,150.26292419433594,150.26292419433594,29203338
2020-03-31,125.03971862792969,165.33255004882812,167.40281677246094,155.5589599609375,157.91810607910156,44272500
2020-04-01,121.18001556396484,160.22909545898438,166.34361267089844,158.4477081298828,165.33255004882812,18840671
2020-04-03,129.55482482910156,171.30262756347656,175.97276306152344,160.8068389892578,161.6734619140625,65288649
2020-04-07,132.21295166015625,174.8172607421875,178.8133544921875,167.21023559570312,178.8133544921875,37509626
2020-04-08,130.10101318359375,172.02481079101562,177.17640686035156,170.09898376464844,174.14321899414062,39007671
2020-04-09,134.90745544433594,178.3800506591797,179.34295654296875,173.32473754882812,177.17640686035156,44268652
2020-04-13,132.24932861328125,174.8654022216797,179.72813415527344,174.33580017089844,177.65786743164062,18427550
2020-04-15,137.8932342529297,182.3280029296875,186.56483459472656,175.92462158203125,177.22454833984375,50983406
2020-04-16,135.70852661132812,179.4392547607422,184.10939025878906,178.5726318359375,182.61688232421875,28122965
2020-04-17,136.98294067382812,181.12435913085938,184.30197143554688,180.01699829101562,183.38720703125,27694463
2020-04-20,131.5939483642578,173.998779296875,182.90574645996094,172.84329223632812,182.90574645996094,37141676
2020-04-21,130.7928466796875,172.9395751953125,177.4652862548828,169.52122497558594,171.39891052246094,24232310
2020-04-22,132.72268676757812,175.49130249023438,176.7430877685547,169.47308349609375,172.36183166503906,26132520
2020-04-23,131.48468017578125,173.85433959960938,177.17640686035156,172.9877166748047,176.16534423828125,34237726
2020-04-24,131.1205596923828,173.37289428710938,176.02090454101562,172.65069580078125,174.28765869140625,18744844
2020-04-27,130.97494506835938,173.18031311035156,175.53944396972656,172.65069580078125,173.5654754638672,13589672
2020-04-28,130.68362426757812,172.79513549804688,174.09507751464844,171.44705200195312,173.32473754882812,18488267
2020-04-29,132.64990234375,175.39500427246094,176.11720275878906,172.9877166748047,173.8061981201172,22287597
2020-04-30,132.5770263671875,175.29872131347656,178.04302978515625,173.758056640625,178.04302978515625,31326446
2020-05-04,126.7510986328125,167.59539794921875,175.0098419189453,164.3214874267578,175.0098419189453,31461042
2020-05-05,126.64185333251953,167.45095825195312,170.8693084716797,165.62142944335938,168.51016235351562,18389548
2020-05-06,119.35940551757812,157.82180786132812,165.04367065429688,154.5478973388672,165.04367065429688,68112675
2020-05-07,117.24749755859375,155.02935791015625,159.69949340820312,154.5478973388672,157.91810607910156,25183509
2020-05-08,115.24481201171875,152.38133239746094,158.06253051757812,151.27398681640625,157.8699493408203,26281664
2020-05-11,115.39044952392578,152.57391357421875,157.4366455078125,152.14060974121094,154.06643676757812,18792383
2020-05-12,120.19686889648438,158.9291534423828,159.7476348876953,151.65914916992188,152.57391357421875,22211224
2020-05-13,120.45176696777344,159.26617431640625,167.16207885742188,158.39955139160156,166.96949768066406,20785966
2020-05-14,119.28658294677734,157.7255096435547,162.01048278808594,155.94412231445312,158.39955139160156,15525762
2020-05-15,119.90560913085938,158.5439910888672,159.3624725341797,155.17379760742188,156.18484497070312,15526021
2020-05-18,119.9784164428711,158.64028930664062,161.09571838378906,157.09962463378906,159.84393310546875,21602419
2020-05-19,124.347900390625,164.4177703857422,165.28440856933594,158.97731018066406,160.3253936767578,20917906
2020-05-20,127.98912048339844,169.23236083984375,170.43600463867188,164.65850830078125,165.57327270507812,26295911
2020-05-21,137.60194396972656,181.94284057617188,183.38720703125,166.247314453125,169.08792114257812,60630670
2020-05-22,135.70852661132812,179.4392547607422,184.78343200683594,177.754150390625,181.02806091308594,40516307
2020-05-26,139.60464477539062,184.59085083007812,187.72032165527344,180.83547973632812,182.9539031982422,55283582
2020-05-27,139.93234252929688,185.024169921875,186.70925903320312,179.96885681152344,185.36119079589844,25491463
2020-05-28,138.8399658203125,183.5797882080078,185.74635314941406,181.99098205566406,185.16859436035156,25524647
2020-05-29,143.7191925048828,190.0313262939453,190.65721130371094,181.99098205566406,183.38720703125,37214719
2020-06-01,146.04962158203125,193.11265563964844,197.6383514404297,191.62013244628906,193.54595947265625,29606349
2020-06-02,143.64637756347656,189.93502807617188,194.41258239746094,189.40542602539062,194.41258239746094,23502975
2020-06-03,143.24586486816406,189.40542602539062,193.44967651367188,188.34622192382812,192.5830535888672,19710133
2020-06-04,145.75830078125,192.7274932861328,194.99034118652344,187.7684783935547,190.41648864746094,22843181
2020-06-05,145.64906311035156,192.5830535888672,194.50888061523438,191.28311157226562,194.31629943847656,15193091
2020-06-08,143.93768310546875,190.3201904296875,196.09768676757812,189.69430541992188,195.37550354003906,20304292
2020-06-09,144.5566864013672,191.138671875,198.55311584472656,190.3201904296875,190.89794921875,41451482
2020-06-10,144.95721435546875,191.66827392578125,195.61622619628906,190.9460906982422,192.05345153808594,28247205
2020-06-11,141.46163940429688,187.04627990722656,193.7866973876953,186.42039489746094,192.5830535888672,20611505
2020-06-12,141.2067413330078,186.70925903320312,187.9610595703125,180.8836212158203,181.94284057617188,23431727
2020-06-15,136.3275146484375,180.2577362060547,186.75741577148438,179.39111328125,186.70925903320312,25404661
2020-06-16,134.7253875732422,178.13931274414062,183.86866760253906,175.15428161621094,183.72422790527344,28700454
2020-06-17,131.95802307128906,174.48023986816406,178.13931274414062,173.998779296875,177.17640686035156,24952658
2020-06-18,135.89056396484375,179.6799774169922,180.54661560058594,173.998779296875,174.48023986816406,30000032
2020-06-19,134.03353881835938,177.22454833984375,180.97991943359375,176.79124450683594,180.16143798828125,31707306
2020-06-22,134.7253875732422,178.13931274414062,180.54661560058594,176.35792541503906,179.5836944580078,32605144
2020-06-23,135.34439086914062,178.95779418945312,180.54661560058594,177.89859008789062,178.5244903564453,27569189
2020-06-24,139.7138671875,184.73529052734375,187.47959899902344,179.24667358398438,180.4503173828125,56757828
2020-06-25,147.1783905029297,194.60516357421875,195.9532470703125,184.54270935058594,185.12045288085938,78484846
2020-06-26,142.15347290039062,187.9610595703125,201.6344451904297,186.1315155029297,198.36053466796875,74727243
2020-06-29,143.64637756347656,189.93502807617188,195.47178649902344,188.92396545410156,194.99034118652344,95027403
2020-06-30,141.7529296875,187.43145751953125,192.0052947998047,186.80555725097656,192.0052947998047,42797633
2020-07-01,147.76097106933594,195.37550354003906,196.29026794433594,187.43145751953125,187.43145751953125,46004000
2020-07-02,149.90928649902344,198.2161102294922,199.08273315429688,195.03848266601562,196.86802673339844,40835235
2020-07-03,151.1472930908203,199.85305786132812,200.767822265625,198.36053466796875,200.286376953125,39352660
2020-07-06,153.28854370117188,192.39047241210938,194.4607391357422,191.57199096679688,192.92007446289062,36046969
2020-07-07,149.030517578125,187.04627990722656,193.0644989013672,186.80555725097656,192.5830535888672,32467210
2020-07-08,150.60330200195312,189.020263671875,190.60906982421875,187.04627990722656,187.04627990722656,22093693
2020-07-09,149.95115661621094,188.2017822265625,189.69430541992188,186.9499969482422,189.59800720214844,19492371
2020-07-10,149.10723876953125,187.142578125,189.2128448486328,186.80555725097656,187.91290283203125,16815128
2020-07-13,151.5623016357422,190.22390747070312,191.37940979003906,187.86476135253906,188.63510131835938,21079233
2020-07-14,150.2964324951172,188.63510131835938,192.10159301757812,185.60191345214844,190.0794677734375,19185879
2020-07-15,152.444580078125,191.3312530517578,192.5830535888672,187.28701782226562,189.0684051513672,24692471
2020-07-16,148.72361755371094,186.66111755371094,191.47569274902344,184.87973022460938,191.3312530517578,22997164
2020-07-17,148.87705993652344,186.85369873046875,188.1536407470703,185.84263610839844,186.1315155029297,15455455
2020-07-20,147.8413543701172,185.55377197265625,188.10549926757812,185.2167510986328,187.7684783935547,19643434
2020-07-21,147.49609375,185.12045288085938,186.99813842773438,184.3982696533203,184.97601318359375,29089491
2020-07-22,150.79510498046875,189.260986328125,190.56092834472656,185.36119079589844,185.84263610839844,33826583
2020-07-23,153.97901916503906,193.25709533691406,194.0274200439453,189.50172424316406,190.3201904296875,32700809
2020-07-24,153.13507080078125,192.1978759765625,194.22000122070312,189.98316955566406,193.54595947265625,62500933
2020-07-27,150.68002319335938,189.11654663085938,193.0644989013672,187.91290283203125,193.0644989013672,23517850
2020-07-28,149.91281127929688,188.1536407470703,191.28311157226562,187.81661987304688,189.69430541992188,20029937
2020-07-29,150.91015625,189.40542602539062,190.8498077392578,186.22781372070312,186.2759552001953,15402845
2020-07-30,148.3400421142578,186.17965698242188,191.04238891601562,185.36119079589844,191.04238891601562,16943579
2020-07-31,148.9538116455078,186.9499969482422,189.6461639404297,186.3240966796875,186.3240966796875,17294202
2020-08-03,147.7646026611328,185.4574737548828,186.80555725097656,184.78343200683594,186.80555725097656,13776301
2020-08-04,148.57020568847656,186.46853637695312,188.53880310058594,185.4574737548828,185.4574737548828,17849565
2020-08-05,147.9180450439453,185.65005493164062,187.38330078125,184.59085083007812,187.28701782226562,50646546
2020-08-06,149.8744354248047,188.10549926757812,188.34622192382812,185.93893432617188,186.99813842773438,18574935
2020-08-07,150.41148376464844,188.77952575683594,189.69430541992188,186.9499969482422,188.2499237060547,21717194
2020-08-10,152.55967712402344,191.47569274902344,192.24603271484375,189.11654663085938,189.11654663085938,17108987
2020-08-11,155.781982421875,195.5199432373047,199.99749755859375,192.5830535888672,192.5830535888672,57266693
2020-08-12,156.66424560546875,196.62728881835938,197.30133056640625,192.9682159423828,194.99034118652344,22106836
2020-08-13,154.554443359375,193.97927856445312,196.62728881835938,189.79058837890625,195.9532470703125,23573090
2020-08-14,150.68002319335938,189.11654663085938,195.80880737304688,188.2499237060547,194.12371826171875,29858596
2020-08-17,152.48294067382812,191.37940979003906,192.10159301757812,189.54986572265625,190.7053680419922,12192938
2020-08-18,152.32952880859375,191.18682861328125,192.48675537109375,189.93502807617188,192.48675537109375,12969115
2020-08-19,152.25279235839844,191.0905303955078,194.22000122070312,190.75350952148438,191.23497009277344,16070316
2020-08-20,150.2196807861328,188.53880310058594,189.8868865966797,187.3351593017578,189.69430541992188,17561721
2020-08-21,150.98690795898438,189.50172424316406,191.81271362304688,189.020263671875,190.65721130371094,17897538
2020-08-24,150.91015625,189.40542602539062,191.62013244628906,189.0684051513672,189.93502807617188,15304895
2020-08-25,149.91281127929688,188.1536407470703,190.9460906982422,187.86476135253906,189.93502807617188,15784633
2020-08-26,149.56753540039062,187.72032165527344,189.260986328125,186.46853637695312,189.2128448486328,23502769
2020-08-27,149.030517578125,187.04627990722656,191.5238494873047,186.70925903320312,191.138671875,49030500
2020-08-28,150.02789306640625,188.29808044433594,189.020263671875,186.85369873046875,187.38330078125,35979788
2020-08-31,146.61378479003906,184.0131072998047,191.62013244628906,182.9539031982422,191.62013244628906,100730476
2020-09-01,145.92332458496094,183.146484375,185.2167510986328,181.268798828125,184.0131072998047,41311165
2020-09-02,146.8056182861328,184.2538299560547,185.84263610839844,182.61688232421875,184.2056884765625,21378178
2020-09-03,146.99740600585938,184.4945526123047,186.0833740234375,182.9539031982422,184.30197143554688,16295787
2020-09-04,143.2380828857422,179.77627563476562,182.9539031982422,178.8133544921875,182.9539031982422,42983034
2020-09-07,145.07937622070312,182.08726501464844,183.4353485107422,174.09507751464844,180.30587768554688,33918419
2020-09-08,144.3505096435547,181.17250061035156,183.48350524902344,177.754150390625,182.5687255859375,26574542
2020-09-09,141.01316833496094,176.98382568359375,179.34295654296875,175.53944396972656,178.6207733154297,28901363
2020-09-10,141.85708618164062,178.04302978515625,178.8133544921875,176.40606689453125,177.27268981933594,18469229
2020-09-11,141.12826538085938,177.12826538085938,179.5836944580078,175.97276306152344,178.04302978515625,19997552
2020-09-14,140.6679229736328,176.55050659179688,178.95779418945312,176.21348571777344,178.90965270996094,32185628
2020-09-15,139.478759765625,175.0579833984375,177.36898803710938,174.09507751464844,177.17640686035156,31956903
2020-09-16,138.59645080566406,173.9506378173828,176.6949462890625,173.37289428710938,175.10614013671875,52591750
2020-09-17,137.02366638183594,171.97666931152344,174.7691192626953,171.20632934570312,174.09507751464844,35240133
2020-09-18,137.4072723388672,172.45811462402344,173.18031311035156,170.43600463867188,172.8914337158203,30929813
2020-09-21,134.83714294433594,169.23236083984375,173.90249633789062,168.55831909179688,173.32473754882812,24811451
2020-09-22,133.64796447753906,167.73983764648438,170.1952667236328,167.3065185546875,169.23236083984375,19242719
2020-09-23,132.34368896484375,166.10287475585938,170.96560668945312,165.33255004882812,168.46202087402344,64164525
2020-09-24,127.77881622314453,160.37353515625,165.3806915283203,159.98837280273438,165.33255004882812,32698988
2020-09-25,131.00108337402344,164.4177703857422,164.85108947753906,160.8068389892578,162.63638305664062,27650738
2020-09-28,132.9574737548828,166.8732147216797,168.3175811767578,164.1770477294922,164.65850830078125,24087933
2020-09-29,129.96533203125,163.1178436279297,168.26943969726562,162.73268127441406,168.26943969726562,26602326
2020-09-30,131.7299346923828,165.33255004882812,165.71771240234375,162.4438018798828,163.69558715820312,19193371
2020-10-01,131.07778930664062,164.51406860351562,168.125,163.79188537597656,168.02871704101562,20517295
2020-10-05,129.85028076171875,162.97340393066406,166.39175415039062,162.491943359375,164.75479125976562,25234767
2020-10-06,130.34896850585938,163.59930419921875,165.2362518310547,161.86605834960938,163.21412658691406,22728054
2020-10-07,130.0420684814453,163.21412658691406,164.5622100830078,162.73268127441406,163.69558715820312,16913783
2020-10-08,128.23912048339844,160.95127868652344,164.08074951171875,160.71055603027344,163.79188537597656,26484289
2020-10-09,128.77615356445312,161.6253204345703,162.63638305664062,160.1809539794922,161.28829956054688,23234939
2020-10-12,132.11355590820312,165.8140106201172,168.70274353027344,163.69558715820312,164.1770477294922,68801924
2020-10-13,130.54075622558594,163.84002685546875,168.36572265625,163.21412658691406,166.4398956298828,37058708
2020-10-14,128.73780822753906,161.57717895507812,164.65850830078125,160.85499572753906,164.22518920898438,39688050
2020-10-15,126.62798309326172,158.9291534423828,161.57717895507812,158.4477081298828,161.4808807373047,28161148
2020-10-16,127.12667083740234,159.5550537109375,160.6142578125,157.7255096435547,159.3624725341797,21006060
2020-10-19,129.0830535888672,162.01048278808594,162.63638305664062,159.98837280273438,160.6142578125,19748904
2020-10-20,128.4692840576172,161.2401580810547,162.0586395263672,160.51797485351562,161.76976013183594,16770677
2020-10-21,128.62271118164062,161.4327392578125,162.63638305664062,160.4216766357422,161.91419982910156,17113482
2020-10-22,129.313232421875,162.2993621826172,162.82896423339844,160.8068389892578,161.33645629882812,22893091
2020-10-23,131.00108337402344,164.4177703857422,164.65850830078125,161.52903747558594,162.6845245361328,20921450
2020-10-26,129.313232421875,162.2993621826172,165.2362518310547,162.01048278808594,165.1399688720703,16699886
2020-10-27,128.27749633789062,160.9994354248047,163.02154541015625,160.5661163330078,162.251220703125,47652264
2020-10-28,126.97323608398438,159.3624725341797,162.251220703125,158.88101196289062,162.251220703125,17468592
2020-10-29,125.70732116699219,157.77366638183594,159.79579162597656,157.38848876953125,158.88101196289062,21816186
2020-10-30,126.78141784667969,159.1217498779297,160.6142578125,157.29220581054688,157.91810607910156,16976909
2020-11-02,127.93223571777344,160.5661163330078,160.9994354248047,158.35140991210938,160.6142578125,14924105
2020-11-03,130.5023956298828,163.79188537597656,164.4177703857422,160.90313720703125,160.9994354248047,23473408
2020-11-04,130.272216796875,163.5030059814453,165.4288330078125,161.96234130859375,163.74374389648438,19533203
2020-11-05,134.06991577148438,168.26943969726562,168.51016235351562,163.88816833496094,164.89923095703125,28037401
2020-11-06,133.45614624023438,167.4990997314453,170.6285858154297,166.96949768066406,169.9545440673828,35571152
2020-11-09,132.57386779785156,166.39175415039062,170.72486877441406,165.47698974609375,167.4990997314453,36645472
2020-11-10,136.83187866210938,171.73593139648438,172.8914337158203,165.47698974609375,168.51016235351562,59672371
2020-11-11,142.1639862060547,178.42819213867188,179.00595092773438,171.97666931152344,172.9395751953125,65757234
2020-11-12,144.23544311523438,181.02806091308594,181.75025939941406,177.03196716308594,178.3319091796875,48153554
2020-11-13,143.5449676513672,180.16143798828125,181.79840087890625,178.66893005371094,180.2577362060547,29284742
2020-11-14,144.69580078125,181.60581970214844,182.9539031982422,181.0762176513672,182.03912353515625,8066280
2020-11-17,143.7367706298828,180.4021759033203,182.3761444091797,179.48739624023438,181.99098205566406,21757459
2020-11-18,141.2049560546875,177.22454833984375,181.4613800048828,175.97276306152344,179.87257385253906,27620283
2020-11-19,144.1587371826172,180.93177795410156,184.68714904785156,175.92462158203125,176.02090454101562,50871154
2020-11-20,147.0741424560547,184.59085083007812,184.87973022460938,179.15037536621094,181.79840087890625,47052232
2020-11-23,146.4219970703125,183.77236938476562,185.36119079589844,181.65396118164062,184.87973022460938,24073204
2020-11-24,150.02789306640625,188.29808044433594,189.16470336914062,183.53164672851562,183.53164672851562,47160760
2020-11-25,148.72361755371094,186.66111755371094,190.60906982421875,185.36119079589844,188.73138427734375,43263598
2020-11-26,149.4524688720703,187.5758819580078,188.58694458007812,185.40933227539062,187.86476135253906,25155854
2020-11-27,148.57020568847656,186.46853637695312,188.49066162109375,186.0352325439453,187.23887634277344,32594141
2020-12-01,149.14559936523438,187.1907196044922,189.0684051513672,185.264892578125,187.7684783935547,16505446
2020-12-02,150.33477783203125,188.68324279785156,191.37940979003906,186.3722381591797,187.7684783935547,29520716
2020-12-03,150.5265655517578,188.92396545410156,189.8868865966797,187.3351593017578,189.8868865966797,29087754
2020-12-04,152.06101989746094,190.8498077392578,191.9571533203125,189.2128448486328,189.54986572265625,23005484
2020-12-07,155.8586883544922,195.61622619628906,196.19398498535156,190.2720489501953,190.8498077392578,37068111
2020-12-08,155.32164001464844,194.9421844482422,197.10874938964844,192.1497344970703,196.3384246826172,32042241
2020-12-09,157.58489990234375,197.7827911376953,200.09378051757812,197.06060791015625,197.3976287841797,41212760
2020-12-10,163.18553161621094,204.81207275390625,205.72683715820312,195.61622619628906,198.98643493652344,67739601
2020-12-11,165.947509765625,208.278564453125,209.86737060546875,205.43797302246094,206.49717712402344,62645643
2020-12-14,165.640625,207.89340209960938,210.49327087402344,207.0267791748047,209.86737060546875,28029531
2020-12-15,163.83766174316406,205.63055419921875,208.37486267089844,203.75286865234375,207.2675018310547,24151252
2020-12-16,164.1829071044922,206.06385803222656,207.55638122558594,205.5823974609375,205.82313537597656,20304621
2020-12-17,163.4540557861328,205.1490936279297,207.12306213378906,203.4158477783203,206.25643920898438,23248344
2020-12-18,164.56649780273438,206.54531860351562,207.94154357910156,201.97146606445312,205.19723510742188,24690701
2020-12-21,155.70523071289062,195.42364501953125,206.73789978027344,191.7645721435547,206.54531860351562,43445980
2020-12-22,156.0504608154297,195.85696411132812,198.6012725830078,189.59800720214844,195.56808471679688,42564860
2020-12-23,159.38784790039062,200.04563903808594,200.527099609375,194.50888061523438,195.47178649902344,24608258
2020-12-24,160.0399932861328,200.86412048339844,202.8380889892578,197.97537231445312,202.2122039794922,23645158
2020-12-28,160.73046875,201.73074340820312,202.40478515625,200.14193725585938,201.24928283691406,16347233
2020-12-29,162.30325317382812,203.70472717285156,205.5823974609375,202.30848693847656,202.69366455078125,27568853
2020-12-30,161.99635314941406,203.31954956054688,205.5823974609375,201.7788848876953,204.81207275390625,19654130
2020-12-31,160.3468780517578,201.24928283691406,203.4639892578125,200.81597900390625,202.74180603027344,18947950
2021-01-01,164.0678253173828,205.91941833496094,206.25643920898438,201.5381622314453,202.11590576171875,20279389
2021-01-04,163.72256469726562,205.48611450195312,207.98968505859375,204.2343292236328,206.06385803222656,27927482
2021-01-05,162.22650146484375,203.60842895507812,205.3416748046875,202.78994750976562,204.57135009765625,18718244
2021-01-06,157.58489990234375,197.7827911376953,203.6565704345703,196.91616821289062,203.60842895507812,50957586
2021-01-07,155.5901641845703,195.27920532226562,199.9011993408203,194.60516357421875,198.4568328857422,36298522
2021-01-08,154.5927734375,194.0274200439453,198.36053466796875,192.8237762451172,196.771728515625,58600546
2021-01-11,155.36001586914062,194.99034118652344,198.4568328857422,193.7866973876953,196.43470764160156,44625924
2021-01-12,158.39047241210938,198.79385375976562,199.22715759277344,194.12371826171875,195.47178649902344,36989137
2021-01-13,162.07308959960938,203.4158477783203,205.1009521484375,197.6383514404297,199.7567596435547,66387977
2021-01-14,164.29800415039062,206.2082977294922,208.4711456298828,203.75286865234375,204.13803100585938,50164605
2021-01-15,167.13665771484375,209.77108764648438,210.39698791503906,203.36770629882812,206.93048095703125,60567280
2021-01-18,168.59437561035156,211.6006317138672,213.76718139648438,206.64161682128906,210.30068969726562,70211602
2021-01-19,167.9038848876953,210.73399353027344,213.47830200195312,209.43406677246094,212.8042755126953,33009228
2021-01-20,166.98321533203125,209.57850646972656,210.87843322753906,207.70082092285156,210.39698791503906,46392916
2021-01-21,163.9527587890625,205.77499389648438,211.35989379882812,204.3306121826172,210.87843322753906,30116008
2021-01-22,161.651123046875,202.88624572753906,206.78604125976562,201.3937225341797,206.06385803222656,25663922
2021-01-25,159.4261932373047,200.09378051757812,204.61949157714844,199.17901611328125,204.13803100585938,25929487
2021-01-27,161.6127471923828,202.8380889892578,204.76393127441406,199.4197540283203,200.286376953125,50338134
2021-01-28,158.50552368164062,198.93829345703125,203.17510986328125,198.11981201171875,201.49002075195312,22984352
2021-01-29,155.93539428710938,195.7125244140625,201.05670166015625,194.8459014892578,200.81597900390625,24679902
2021-02-01,165.678955078125,207.94154357910156,209.86737060546875,194.31629943847656,196.43470764160156,59968324
2021-02-02,167.4051971435547,210.1081085205078,215.21156311035156,208.95260620117188,211.8413543701172,50324035
2021-02-03,166.29275512695312,208.71188354492188,213.76718139648438,207.70082092285156,213.2857208251953,55709225
2021-02-04,176.419921875,221.42236328125,222.81858825683594,207.98968505859375,208.0859832763672,109894300
2021-02-05,179.7956085205078,225.6591796875,229.9923095703125,218.82249450683594,223.540771484375,130323308
2021-02-08,178.8366241455078,224.45553588867188,229.2219696044922,222.91488647460938,228.69236755371094,43093963
2021-02-09,175.69105529785156,220.50758361816406,230.32933044433594,219.7372589111328,225.89991760253906,73377134
2021-02-10,174.57858276367188,219.11135864257812,222.5297088623047,214.82638549804688,220.50758361816406,49104142
2021-02-11,173.73464965820312,218.05215454101562,220.7964630126953,216.17446899414062,220.50758361816406,45311749
2021-02-12,166.82977294921875,209.38592529296875,217.37811279296875,207.79710388183594,217.37811279296875,114826417
2021-02-15,167.71206665039062,210.49327087402344,212.8042755126953,209.43406677246094,210.3488311767578,33000365
2021-02-16,167.4435577392578,210.15625,213.57460021972656,209.19334411621094,210.9265899658203,30271502
2021-02-17,167.0599365234375,209.67478942871094,210.30068969726562,208.51930236816406,209.5303497314453,20615018
2021-02-18,167.9038848876953,210.73399353027344,212.41909790039062,209.81922912597656,210.1081085205078,24997592
2021-02-19,165.678955078125,207.94154357910156,210.7821502685547,206.06385803222656,210.73399353027344,29208388
2021-02-22,162.76449584960938,199.37159729003906,204.13803100585938,198.36053466796875,204.13803100585938,53531490
2021-02-23,163.9043426513672,200.767822265625,202.74180603027344,199.32345581054688,200.286376953125,27703323
2021-02-24,164.1794891357422,201.10484313964844,202.01962280273438,198.8419952392578,201.3455810546875,13667471
2021-02-25,164.4153594970703,201.3937225341797,203.36770629882812,201.05670166015625,201.73074340820312,26953713
2021-02-26,160.24896240234375,196.29026794433594,200.286376953125,195.47178649902344,199.56417846679688,45101885
2021-03-01,162.64657592773438,199.22715759277344,200.04563903808594,196.48284912109375,197.8309326171875,16850430
2021-03-02,165.00491333007812,202.11590576171875,202.98252868652344,198.8419952392578,199.32345581054688,26590262
2021-03-03,165.0442352294922,202.1640625,204.13803100585938,201.05670166015625,204.13803100585938,21648963
2021-03-04,164.8477325439453,201.92332458496094,203.4639892578125,199.9011993408203,201.05670166015625,25858155
2021-03-05,163.9436798095703,200.81597900390625,202.2122039794922,199.5160369873047,200.286376953125,17990773
2021-03-08,163.51129150390625,200.286376953125,202.98252868652344,199.99749755859375,201.92332458496094,23874105
2021-03-09,163.3540802001953,200.09378051757812,201.97146606445312,197.15689086914062,200.9604034423828,23463213
2021-03-10,162.3321533203125,198.8419952392578,201.44186401367188,198.16795349121094,201.3455810546875,20358192
2021-03-12,161.31021118164062,197.5902099609375,200.286376953125,195.9532470703125,200.286376953125,31973696
2021-03-15,161.5067138671875,197.8309326171875,198.36053466796875,194.12371826171875,198.2161102294922,42699297
2021-03-16,163.39340209960938,200.14193725585938,201.1529998779297,197.34947204589844,198.74571228027344,50641203
2021-03-17,165.55519104003906,202.78994750976562,205.9675750732422,200.81597900390625,204.3306121826172,81604999
2021-03-18,171.09730529785156,209.57850646972656,210.9747314453125,204.04173278808594,205.1009521484375,95536034
2021-03-19,175.263671875,214.68194580078125,217.76327514648438,207.55638122558594,210.87843322753906,139352860
2021-03-22,177.66134643554688,217.6188507080078,218.00401306152344,213.2857208251953,215.0189666748047,47823778
2021-03-23,174.67410278320312,213.9597625732422,219.64096069335938,213.0931396484375,216.6559295654297,43165463
2021-03-24,169.7609100341797,207.94154357910156,214.5375213623047,207.2675018310547,212.8042755126953,28672557
2021-03-25,166.34132385253906,203.75286865234375,207.94154357910156,201.2974395751953,207.1712188720703,42248040
2021-03-26,165.79104614257812,203.07882690429688,206.49717712402344,202.54922485351562,206.30459594726562,27083832
2021-03-30,168.6603240966797,206.5934600830078,207.0267791748047,202.5973663330078,205.3416748046875,28862387
2021-03-31,171.76548767089844,210.39698791503906,211.1673126220703,204.81207275390625,206.1120147705078,37890481
2021-04-01,172.9839630126953,211.88949584960938,212.41909790039062,209.24148559570312,211.8413543701172,30182056
2021-04-05,167.08811950683594,204.66763305664062,211.8413543701172,202.69366455078125,209.5303497314453,32586507
2021-04-06,167.16673278808594,204.76393127441406,206.9786376953125,202.3566436767578,205.87127685546875,26663018
2021-04-07,168.07077026367188,205.87127685546875,207.2193603515625,204.57135009765625,204.81207275390625,15790468
2021-04-08,167.638427734375,205.3416748046875,208.0859832763672,204.95651245117188,206.88233947753906,14660557
2021-04-09,167.5205078125,205.19723510742188,207.94154357910156,204.66763305664062,205.82313537597656,16994483
2021-04-12,161.38877868652344,197.68649291992188,203.17510986328125,197.3976287841797,202.2122039794922,35840817
2021-04-13,164.0615692138672,200.9604034423828,201.92332458496094,198.36053466796875,199.32345581054688,21027436
2021-04-15,162.48936462402344,199.03457641601562,202.6455078125,198.36053466796875,201.24928283691406,18205903
2021-04-16,163.47201538085938,200.23822021484375,201.49002075195312,198.8419952392578,200.286376953125,13824608
2021-04-19,161.62464904785156,197.97537231445312,198.4568328857422,196.19398498535156,197.3976287841797,16400507
2021-04-20,160.01312255859375,196.00140380859375,199.32345581054688,194.99034118652344,198.55311584472656,22187707
2021-04-22,161.8604736328125,198.26425170898438,198.6494140625,193.11265563964844,194.50888061523438,24030915
2021-04-23,161.42813110351562,197.73464965820312,199.32345581054688,196.67544555664062,196.67544555664062,20381213
2021-04-26,161.38877868652344,197.68649291992188,199.08273315429688,197.10874938964844,198.16795349121094,20652091
2021-04-27,161.46742248535156,197.7827911376953,199.2753143310547,197.44577026367188,197.68649291992188,11885588
2021-04-28,161.54605102539062,197.87908935546875,198.8419952392578,197.68649291992188,198.36053466796875,13197445
2021-04-29,160.6027069091797,196.7235870361328,199.85305786132812,196.48284912109375,199.4197540283203,13601150
2021-04-30,159.26629638671875,195.0866241455078,198.07167053222656,194.50888061523438,196.3384246826172,17130954
2021-05-03,157.96923828125,193.49781799316406,194.36444091796875,192.5830535888672,193.73854064941406,21405441
2021-05-04,156.90797424316406,192.1978759765625,194.8459014892578,191.7164306640625,193.73854064941406,18962501
2021-05-05,158.32298278808594,193.93113708496094,194.50888061523438,192.10159301757812,193.97927856445312,14396547
2021-05-06,159.38421630859375,195.23106384277344,198.31239318847656,194.60516357421875,194.79776000976562,14872429
2021-05-07,161.42813110351562,197.73464965820312,198.79385375976562,195.42364501953125,195.42364501953125,20213092
2021-05-10,161.58534240722656,197.92723083496094,199.7567596435547,197.3976287841797,199.4678955078125,16922951
2021-05-11,160.36688232421875,196.43470764160156,198.8419952392578,196.19398498535156,196.3384246826172,14277000
2021-05-12,159.77728271484375,195.7125244140625,197.6383514404297,195.32736206054688,196.3384246826172,17174525
2021-05-14,166.852294921875,204.37875366210938,205.2935333251953,196.43470764160156,197.3976287841797,64021335
2021-05-17,167.12744140625,204.7157745361328,208.95260620117188,203.80101013183594,208.76002502441406,39465392
2021-05-18,165.1228485107422,202.26034545898438,206.64161682128906,201.87518310546875,206.16015625,31653409
2021-05-19,163.31478881835938,200.04563903808594,203.56028747558594,199.85305786132812,202.26034545898438,25345241
2021-05-20,162.7252197265625,199.32345581054688,201.5381622314453,199.13087463378906,200.7196807861328,21688686
2021-05-21,164.3367462158203,201.2974395751953,202.06776428222656,199.7086181640625,199.9011993408203,23509878
2021-05-24,166.26271057128906,203.6565704345703,204.18617248535156,200.04563903808594,201.73074340820312,29977506
2021-05-25,165.79104614257812,203.07882690429688,205.48611450195312,202.4529266357422,205.1009521484375,26310600
2021-05-26,165.55519104003906,202.78994750976562,204.57135009765625,202.50108337402344,203.94544982910156,18253046
2021-05-27,165.98756408691406,203.31954956054688,206.2082977294922,202.50108337402344,203.17510986328125,49385674
2021-05-28,167.36326599121094,205.00465393066406,205.5823974609375,203.70472717285156,204.61949157714844,26583388
2021-05-31,170.27188110351562,208.56744384765625,209.81922912597656,206.4490203857422,207.0267791748047,75852502
2021-06-01,169.2106170654297,207.2675018310547,211.26361083984375,206.30459594726562,209.91552734375,40247686
2021-06-02,164.2974395751953,201.24928283691406,204.57135009765625,200.86412048339844,202.69366455078125,100377464
2021-06-03,164.3367462158203,201.2974395751953,202.93438720703125,200.9604034423828,202.93438720703125,48454441
2021-06-04,164.1009063720703,201.00856018066406,201.92332458496094,200.286376953125,201.73074340820312,31286264
2021-06-07,166.22341918945312,203.60842895507812,204.523193359375,202.40478515625,202.5973663330078,32643869
2021-06-08,167.9528350830078,205.72683715820312,206.30459594726562,203.36770629882812,204.3306121826172,22080199
2021-06-09,167.048828125,204.61949157714844,206.78604125976562,203.6565704345703,206.06385803222656,25846432
2021-06-10,169.29049682617188,201.5381622314453,203.56028747558594,199.80491638183594,200.9604034423828,31902690
2021-06-11,168.15811157226562,200.19007873535156,202.6455078125,200.04563903808594,202.50108337402344,22249404
2021-06-14,167.67283630371094,199.61233520507812,200.7196807861328,197.5902099609375,200.23822021484375,18358717
2021-06-15,167.47059631347656,199.37159729003906,200.67153930664062,199.32345581054688,199.85305786132812,15426377
2021-06-16,168.11766052246094,200.14193725585938,201.5863037109375,199.37159729003906,199.37159729003906,20878518
2021-06-17,166.3382110595703,198.0235137939453,200.286376953125,197.3976287841797,199.2753143310547,22304032
2021-06-18,165.448486328125,196.9643096923828,198.79385375976562,194.99034118652344,198.36053466796875,24475206
2021-06-21,165.36761474609375,196.86802673339844,198.36053466796875,194.89404296875,195.56808471679688,19809308
2021-06-22,165.89334106445312,197.49391174316406,198.6012725830078,196.771728515625,198.4568328857422,18737552
2021-06-23,164.96316528320312,196.38656616210938,198.2161102294922,196.04954528808594,198.0235137939453,13059519
2021-06-24,164.39698791503906,195.7125244140625,197.06060791015625,195.03848266601562,196.86802673339844,23299321
2021-06-25,165.8529052734375,197.44577026367188,197.97537231445312,196.19398498535156,196.43470764160156,14411660
2021-06-28,164.6800994873047,196.04954528808594,198.26425170898438,195.80880737304688,198.26425170898438,15190488
2021-06-29,164.4374237060547,195.7606658935547,197.68649291992188,195.61622619628906,196.04954528808594,13839294
2021-06-30,163.95213317871094,195.18292236328125,196.8198699951172,195.03848266601562,196.7235870361328,16556397
2021-07-01,164.1947784423828,195.47178649902344,196.24212646484375,194.6533203125,195.37550354003906,10583793
2021-07-02,163.70948791503906,194.89404296875,196.1458282470703,194.74960327148438,195.7606658935547,13187847
2021-07-05,164.72052001953125,196.09768676757812,196.531005859375,195.18292236328125,195.47178649902344,10642939
2021-07-06,163.7903594970703,194.99034118652344,196.24212646484375,194.74960327148438,195.7125244140625,11515716
2021-07-07,164.8014373779297,196.19398498535156,197.5902099609375,194.79776000976562,194.99034118652344,18568033
2021-07-08,163.38597106933594,194.50888061523438,196.91616821289062,194.31629943847656,195.9532470703125,21730892
2021-07-09,162.86021423339844,193.8829803466797,194.8459014892578,193.44967651367188,194.50888061523438,12289809
2021-07-12,162.65798950195312,193.6422576904297,195.03848266601562,193.49781799316406,194.50888061523438,13589278
2021-07-13,163.2646026611328,194.36444091796875,194.7014617919922,193.8829803466797,194.50888061523438,11247522
2021-07-14,165.08453369140625,196.531005859375,197.5420684814453,194.22000122070312,194.36444091796875,21269167
2021-07-15,166.8235321044922,198.6012725830078,200.767822265625,195.37550354003906,196.8198699951172,29963443
2021-07-16,168.15811157226562,200.19007873535156,201.87518310546875,199.5160369873047,199.99749755859375,30137464
2021-07-19,168.03677368164062,200.04563903808594,201.73074340820312,198.6975555419922,199.13087463378906,17099088
2021-07-20,167.26840209960938,199.13087463378906,201.5381622314453,198.74571228027344,200.4789581298828,24567907
2021-07-22,167.43014526367188,199.32345581054688,200.527099609375,198.2161102294922,199.32345581054688,19016769
2021-07-23,171.79788208007812,204.523193359375,205.67869567871094,198.8419952392578,199.32345581054688,46241640
2021-07-26,170.78683471679688,203.31954956054688,207.36380004882812,202.98252868652344,206.06385803222656,49084040
2021-07-27,168.76473999023438,200.91226196289062,205.1009521484375,200.23822021484375,204.13803100585938,25378089
2021-07-28,169.1287384033203,201.3455810546875,202.2122039794922,199.7567596435547,200.5752410888672,15304399
2021-07-29,166.66172790527344,198.40869140625,202.40478515625,198.0235137939453,201.3455810546875,16204679
2021-07-30,165.77203369140625,197.34947204589844,199.4197540283203,197.01246643066406,198.4568328857422,15515733
2021-08-02,167.67283630371094,199.61233520507812,199.80491638183594,197.8309326171875,198.79385375976562,10046707
2021-08-03,169.77578735351562,202.11590576171875,203.07882690429688,198.79385375976562,199.80491638183594,19179805
2021-08-04,168.72427368164062,200.86412048339844,203.2714080810547,200.38265991210938,203.07882690429688,11421835
2021-08-05,174.1030731201172,207.2675018310547,208.71188354492188,199.22715759277344,200.86412048339844,48995450
2021-08-06,173.2942657470703,206.30459594726562,207.98968505859375,204.7157745361328,207.4119415283203,24489836
2021-08-09,172.93028259277344,205.87127685546875,209.0970458984375,204.81207275390625,207.0267791748047,21142199
2021-08-10,169.73532104492188,202.06776428222656,206.49717712402344,200.81597900390625,206.06385803222656,18855165
2021-08-11,168.76473999023438,200.91226196289062,202.78994750976562,199.7567596435547,202.06776428222656,16012451
2021-08-12,168.9669647216797,201.1529998779297,206.25643920898438,200.62339782714844,202.4529266357422,28758718
2021-08-13,171.02951049804688,203.60842895507812,204.42691040039062,201.44186401367188,202.06776428222656,19576945
2021-08-16,170.5846405029297,203.07882690429688,205.3416748046875,202.69366455078125,203.56028747558594,11621038
2021-08-17,169.2095947265625,201.44186401367188,203.6565704345703,201.05670166015625,202.98252868652344,8161139
2021-08-18,169.0074005126953,201.20114135742188,203.6565704345703,200.62339782714844,201.82704162597656,11149120
2021-08-20,168.9669647216797,201.1529998779297,202.88624572753906,199.03457641601562,199.32345581054688,20168965
2021-08-23,166.86395263671875,198.6494140625,202.40478515625,198.36053466796875,201.73074340820312,10319044
2021-08-24,166.41909790039062,198.11981201171875,199.32345581054688,197.10874938964844,199.32345581054688,12971124
2021-08-25,166.94485473632812,198.74571228027344,200.19007873535156,198.36053466796875,198.74571228027344,10994627
2021-08-26,165.48892211914062,197.01246643066406,199.17901611328125,196.771728515625,198.74571228027344,15407558
2021-08-27,166.54043579101562,198.26425170898438,199.17901611328125,197.30133056640625,197.3976287841797,10879860
2021-08-30,168.23898315429688,200.286376953125,200.4789581298828,198.36053466796875,198.36053466796875,12550267
2021-08-31,170.9081573486328,203.4639892578125,203.75286865234375,199.56417846679688,200.3345184326172,26802390
2021-09-01,169.45225524902344,201.73074340820312,204.42691040039062,201.5381622314453,203.17510986328125,16867486
2021-09-02,169.65444946289062,201.97146606445312,203.6565704345703,201.24928283691406,201.24928283691406,14872714
2021-09-03,170.34197998046875,202.78994750976562,203.4158477783203,201.97146606445312,201.97146606445312,10622796
2021-09-06,169.29049682617188,201.5381622314453,203.36770629882812,201.2974395751953,203.17510986328125,11041632
2021-09-07,171.27212524414062,203.89730834960938,206.40087890625,202.3566436767578,203.07882690429688,38933378
2021-09-08,170.8677215576172,203.4158477783203,205.1009521484375,201.92332458496094,204.37875366210938,17897021
2021-09-09,172.00010681152344,204.76393127441406,205.9675750732422,202.74180603027344,203.2232666015625,19784972
2021-09-13,173.21336364746094,206.2082977294922,207.1712188720703,203.94544982910156,205.43797302246094,16661794
2021-09-14,174.7906036376953,208.0859832763672,209.19334411621094,206.25643920898438,206.93048095703125,20377545
2021-09-15,174.70970153808594,207.98968505859375,209.1451873779297,207.31565856933594,209.0489044189453,21028598
2021-09-16,186.64012145996094,222.19268798828125,224.9851531982422,208.278564453125,208.9044647216797,154986538
2021-09-17,186.9636688232422,222.57786560058594,228.49978637695312,220.6038818359375,224.3592529296875,82563658
2021-09-20,189.06666564941406,225.08143615722656,230.47377014160156,221.7112274169922,222.4334259033203,73101936
2021-09-21,195.33518981933594,232.54403686523438,233.45880126953125,223.1074676513672,226.2369384765625,58854434
2021-09-22,196.95286560058594,234.46986389160156,236.6845703125,231.77369689941406,234.46986389160156,54648494
2021-09-23,196.14402770996094,233.50694274902344,236.4919891357422,232.7366180419922,235.9142303466797,22630330
2021-09-24,192.8682403564453,229.60714721679688,234.95132446289062,228.88494873046875,234.95132446289062,25779310
2021-09-27,193.07044982910156,229.84786987304688,232.8810577392578,226.76654052734375,230.90707397460938,23772123
2021-09-28,192.30201721191406,228.93310546875,232.64031982421875,227.536865234375,230.95521545410156,16319138
2021-09-29,192.58511352539062,229.27012634277344,232.44773864746094,226.95912170410156,227.2480010986328,16045073
2021-09-30,191.0078887939453,227.39244079589844,231.4848175048828,226.52581787109375,231.0033721923828,16987893
2021-10-01,190.36082458496094,226.62210083007812,228.21090698242188,224.26295471191406,226.4776611328125,16570661
2021-10-04,191.37184143066406,227.82574462890625,229.51084899902344,226.6702423095703,227.2480010986328,11098123
2021-10-05,189.8350372314453,225.99620056152344,228.64422607421875,225.80361938476562,227.63316345214844,9578825
2021-10-06,187.0445556640625,222.6741485595703,227.63316345214844,222.04824829101562,226.09249877929688,18179336
2021-10-07,188.41958618164062,224.3111114501953,226.2369384765625,223.68521118164062,224.3592529296875,10770973
2021-10-08,187.40853881835938,223.1074676513672,226.09249877929688,222.62600708007812,226.0443572998047,10114327
2021-10-11,192.544677734375,229.2219696044922,230.61819458007812,223.1074676513672,223.39633178710938,22000303
2021-10-12,195.1734161376953,232.3514404296875,233.9884033203125,229.173828125,229.75157165527344,30347455
2021-10-13,201.56324768066406,239.95848083496094,241.59542846679688,231.2440948486328,233.5550994873047,52091422
2021-10-14,207.50823974609375,247.03590393066406,252.1393585205078,241.06582641601562,243.85829162597656,88696178
2021-10-18,212.36126708984375,252.8134002685547,255.46141052246094,247.80624389648438,251.3208770751953,62614961
2021-10-19,198.93453979492188,236.82901000976562,252.8134002685547,235.96238708496094,251.70603942871094,61336411
2021-10-20,199.4602508544922,237.45489501953125,239.28443908691406,233.3625030517578,236.82901000976562,49663940
2021-10-21,197.9234619140625,235.6253662109375,239.13999938964844,234.08470153808594,238.802978515625,23385990
2021-10-22,191.37184143066406,227.82574462890625,236.6845703125,225.03329467773438,235.6253662109375,36905793
2021-10-25,188.78355407714844,224.74441528320312,227.87388610839844,221.95196533203125,225.41845703125,23194065
2021-10-26,191.45274353027344,227.9220428466797,230.13674926757812,223.97409057617188,225.41845703125,19663381
2021-10-27,192.8682403564453,229.60714721679688,232.3514404296875,227.44058227539062,231.34039306640625,26909428
2021-10-28,182.0701904296875,216.75222778320312,227.19985961914062,215.8374481201172,226.38137817382812,48064941
2021-10-29,180.5334014892578,214.9226837158203,219.785400390625,214.05606079101562,216.6559295654297,27668175
2021-11-01,183.4856414794922,218.43731689453125,219.11135864257812,214.24864196777344,215.8374481201172,24090945
2021-11-02,182.47459411621094,217.23367309570312,220.74832153320312,216.17446899414062,219.544677734375,14896284
2021-11-03,179.92674255371094,214.20050048828125,218.43731689453125,213.47830200195312,217.6188507080078,18530527
2021-11-04,183.24301147460938,218.14845275878906,218.87063598632812,215.69300842285156,216.51148986816406,7295341
2021-11-08,185.87173461914062,221.27792358398438,222.14454650878906,217.32997131347656,221.18162536621094,21051238
2021-11-09,185.02244567871094,220.26686096191406,222.33712768554688,219.40023803710938,221.32606506347656,11964518
2021-11-10,186.72103881835938,222.2889862060547,224.21481323242188,218.7743377685547,219.01507568359375,13948380
2021-11-11,186.0334930419922,221.4705047607422,222.91488647460938,220.07427978515625,221.8556671142578,8448263
2021-11-12,188.37913513183594,224.26295471191406,225.27401733398438,220.6520233154297,222.62600708007812,12312123
2021-11-15,192.58511352539062,229.27012634277344,230.13674926757812,224.45553588867188,225.27401733398438,40247848
2021-11-16,190.4416961669922,226.71839904785156,230.76263427734375,226.2850799560547,230.1848907470703,15241184
2021-11-17,193.7174835205078,230.61819458007812,236.15496826171875,226.91098022460938,227.2480010986328,48496295
2021-11-18,192.0998077392578,228.69236755371094,233.9884033203125,227.536865234375,231.0996551513672,21005037
2021-11-22,186.761474609375,222.33712768554688,231.82183837890625,221.03720092773438,229.07752990722656,23443628
2021-11-23,187.32765197753906,223.01116943359375,224.07037353515625,220.6520233154297,220.6520233154297,13950744
2021-11-24,184.1731414794922,219.25579833984375,224.07037353515625,218.5336151123047,223.82965087890625,14684422
2021-11-25,187.08499145507812,222.7222900390625,223.5889129638672,217.37811279296875,218.58175659179688,24825493
2021-11-26,181.18043518066406,215.69300842285156,221.51864624023438,214.82638549804688,220.4113006591797,28067913
2021-11-29,179.15834045410156,213.2857208251953,215.35598754882812,212.033935546875,213.76718139648438,22985358
2021-11-30,178.87522888183594,212.94869995117188,216.8485107421875,211.8413543701172,213.76718139648438,24408641
2021-12-01,179.48187255859375,213.6708984375,215.0189666748047,212.41909790039062,213.76718139648438,13496307
2021-12-02,182.35328674316406,217.08924865722656,217.76327514648438,213.0931396484375,213.6708984375,16517389
2021-12-03,179.2796630859375,213.43016052246094,217.81143188476562,213.14129638671875,216.6559295654297,14325920
2021-12-06,176.24652099609375,209.81922912597656,213.9597625732422,209.43406677246094,213.43016052246094,13644352
2021-12-07,178.4708251953125,212.46725463867188,213.7190399169922,210.01181030273438,210.7821502685547,9246755
2021-12-08,181.9488525390625,216.6077880859375,217.28182983398438,212.8042755126953,212.8042755126953,10241656
2021-12-09,190.40122985839844,226.6702423095703,227.68130493164062,214.7301025390625,214.7301025390625,39714672
2021-12-10,190.96742248535156,227.3442840576172,230.08859252929688,225.08143615722656,227.44058227539062,36517117
2021-12-13,189.75416564941406,225.89991760253906,229.89601135253906,225.4665985107422,229.173828125,22903720
2021-12-14,184.901123046875,220.12242126464844,228.3072052001953,219.11135864257812,226.2850799560547,38953007
2021-12-15,181.2209014892578,215.7411651611328,223.5889129638672,215.11526489257812,221.4705047607422,35987634
2021-12-16,180.29071044921875,214.63380432128906,217.76327514648438,212.61167907714844,217.6188507080078,25131188
2021-12-17,176.28697204589844,209.86737060546875,214.58566284179688,208.71188354492188,214.5375213623047,30827201
2021-12-20,171.79788208007812,204.523193359375,208.2304229736328,202.01962280273438,208.2304229736328,38778895
2021-12-21,171.8787841796875,204.61949157714844,207.4600830078125,203.2232666015625,206.06385803222656,20142586
2021-12-22,171.47434997558594,204.13803100585938,206.25643920898438,203.2714080810547,206.06385803222656,17903428
2021-12-23,175.76123046875,209.24148559570312,210.3488311767578,205.2935333251953,205.9675750732422,23065082
2021-12-24,176.32740783691406,209.91552734375,212.274658203125,208.42300415039062,209.91552734375,17220191
2021-12-27,175.9634246826172,209.48220825195312,210.3488311767578,207.65267944335938,210.30068969726562,8467106
2021-12-28,177.98553466796875,211.88949584960938,212.41909790039062,209.91552734375,209.91552734375,12014352
2021-12-29,175.31634521484375,208.71188354492188,212.13023376464844,208.278564453125,211.8413543701172,11923119
2021-12-30,174.70970153808594,207.98968505859375,209.81922912597656,207.50823974609375,208.56744384765625,10116360
2021-12-31,176.36785888671875,209.9636688232422,210.68585205078125,208.13412475585938,208.8563232421875,7875890
2022-01-03,177.21713256835938,210.9747314453125,211.69691467285156,209.00074768066406,209.9636688232422,8064567
2022-01-04,178.14727783203125,212.0820770263672,213.47830200195312,210.9265899658203,211.35989379882812,9398805
2022-01-05,178.38995361328125,212.37095642089844,213.2857208251953,210.54141235351562,211.50433349609375,11663111
2022-01-06,176.8936004638672,210.58956909179688,212.2265167236328,210.1081085205078,210.87843322753906,9295303
2022-01-07,176.6509246826172,210.30068969726562,212.46725463867188,209.43406677246094,211.64877319335938,9196075
2022-01-10,180.6142578125,215.0189666748047,216.36705017089844,210.7821502685547,211.74505615234375,16451394
2022-01-11,179.5223388671875,213.7190399169922,215.93374633789062,212.99685668945312,215.06712341308594,8329596
2022-01-12,180.16940307617188,214.48936462402344,215.35598754882812,213.38201904296875,214.24864196777344,13665682
2022-01-13,181.13999938964844,215.64486694335938,217.42626953125,214.48936462402344,215.5967254638672,11944029
2022-01-14,180.04808044433594,214.34494018554688,216.46334838867188,214.05606079101562,215.64486694335938,10976796
2022-01-17,181.66575622558594,216.27076721191406,217.23367309570312,213.14129638671875,214.34494018554688,12792728
2022-01-18,178.55172729492188,212.56353759765625,218.87063598632812,212.13023376464844,216.27076721191406,14948456
2022-01-19,178.22817993164062,212.17837524414062,214.15234375,210.58956909179688,212.56353759765625,11915686
2022-01-20,176.9340362548828,210.63771057128906,213.91162109375,209.91552734375,212.37095642089844,17997322
2022-01-21,175.5590057373047,209.00074768066406,212.32281494140625,207.98968505859375,210.39698791503906,17225050
2022-01-24,171.31259155273438,203.94544982910156,209.67478942871094,203.07882690429688,209.00074768066406,18023332
2022-01-25,173.3346710205078,206.3527374267578,206.73789978027344,201.7788848876953,204.13803100585938,19028606
2022-01-27,173.5773468017578,206.64161682128906,207.50823974609375,203.2714080810547,203.4158477783203,24041247
2022-01-28,176.00384521484375,209.5303497314453,211.11917114257812,207.12306213378906,207.12306213378906,15865353
2022-01-31,178.1068572998047,212.033935546875,212.56353759765625,209.0489044189453,210.39698791503906,15618203
2022-02-01,184.21360778808594,219.30393981933594,220.31500244140625,211.0228729248047,212.8042755126953,44871108
2022-02-02,187.77249145507812,223.540771484375,224.64813232421875,220.50758361816406,221.4705047607422,42714702
2022-02-03,189.63282775878906,225.75547790527344,226.4776611328125,223.20375061035156,223.540771484375,28918394
2022-02-04,189.5115203857422,225.6110382080078,229.65528869628906,222.96302795410156,228.45164489746094,58889867
2022-02-07,186.19528198242188,221.6630859375,226.0443572998047,220.02613830566406,225.32217407226562,25101983
2022-02-08,187.0445556640625,222.6741485595703,223.68521118164062,220.5557403564453,221.75938415527344,16825239
2022-02-09,186.15480041503906,221.6149444580078,224.3592529296875,220.26686096191406,223.68521118164062,12351873
2022-02-10,187.8533935546875,223.63706970214844,224.74441528320312,219.30393981933594,220.21871948242188,20317032
2022-02-11,188.01516723632812,223.82965087890625,224.64813232421875,221.27792358398438,223.39633178710938,18793513
2022-02-14,181.76353454589844,211.31175231933594,217.6188507080078,210.39698791503906,217.6188507080078,23621214
2022-02-15,184.7039031982422,214.7301025390625,215.21156311035156,210.44512939453125,212.8042755126953,13371177
2022-02-16,184.49684143066406,214.48936462402344,216.36705017089844,213.62274169921875,215.50042724609375,11664158
2022-02-17,184.4139862060547,214.39308166503906,216.030029296875,212.6598358154297,214.7782440185547,14564261
2022-02-18,183.79283142089844,213.6708984375,215.1634063720703,213.2857208251953,214.39308166503906,9004891
2022-02-21,180.5625457763672,209.91552734375,213.0931396484375,209.0970458984375,212.13023376464844,16750193
2022-02-22,177.95350646972656,206.88233947753906,208.8563232421875,205.1009521484375,207.0267791748047,26741024
2022-02-23,178.86460876464844,207.94154357910156,209.43406677246094,207.07492065429688,208.76002502441406,11438476
2022-02-24,172.69400024414062,200.767822265625,205.3898162841797,199.32345581054688,202.2122039794922,42933709
2022-02-25,177.2080535888672,206.01571655273438,208.4711456298828,202.74180603027344,203.6565704345703,24543858
2022-02-28,178.78176879882812,207.8452606201172,208.42300415039062,202.98252868652344,205.2935333251953,20806226
2022-03-02,178.32623291015625,207.31565856933594,208.56744384765625,204.57135009765625,206.4490203857422,20039140
2022-03-03,181.72215270996094,211.26361083984375,212.033935546875,207.98968505859375,208.037841796875,29631546
2022-03-04,186.77455139160156,217.13739013671875,218.9669189453125,208.95260620117188,209.62664794921875,69409780
2022-03-07,186.31903076171875,216.6077880859375,218.58175659179688,211.93765258789062,213.76718139648438,47001716
2022-03-08,187.93414306640625,218.4854736328125,219.9779815673828,215.45228576660156,215.5967254638672,37424203
2022-03-09,189.8805694580078,220.74832153320312,222.81858825683594,217.7151336669922,219.25579833984375,43923809
2022-03-10,192.1583251953125,223.39633178710938,223.87779235839844,219.40023803710938,222.4334259033203,37523806
2022-03-11,195.7613067626953,227.58502197265625,228.3072052001953,221.6149444580078,223.300048828125,43305144
2022-03-14,197.95620727539062,230.13674926757812,230.57005310058594,226.57395935058594,227.4887237548828,36465969
2022-03-15,197.00367736816406,229.02938842773438,232.44773864746094,227.15170288085938,230.13674926757812,34269168
2022-03-16,200.93797302246094,233.60324096679688,233.9884033203125,230.2330322265625,231.0996551513672,22462538
2022-03-17,202.84298706054688,235.8179473876953,236.29940795898438,233.69952392578125,236.15496826171875,35541798
2022-03-21,202.5116729736328,235.43276977539062,238.562255859375,234.7587432861328,236.78085327148438,29052540
2022-03-22,206.860107421875,240.4880828857422,241.4510040283203,234.51800537109375,235.48092651367188,38368305
2022-03-23,208.7237091064453,242.65464782714844,244.29159545898438,239.28443908691406,242.12503051757812,42051087
2022-03-24,211.08425903320312,245.39895629882812,246.98776245117188,242.12503051757812,242.6064910888672,39712133
2022-03-25,209.84185791015625,243.95457458496094,246.2655792236328,240.00662231445312,245.83226013183594,30412482
2022-03-28,212.90646362304688,247.51736450195312,248.43212890625,243.1842498779297,244.58047485351562,25876007
2022-03-29,210.877197265625,245.15821838378906,247.95066833496094,244.33973693847656,247.51736450195312,18820674
2022-03-30,206.40451049804688,239.95848083496094,246.89146423339844,239.4288787841797,245.63967895507812,18281803
2022-03-31,207.60552978515625,241.35470581054688,244.91749572753906,240.2473602294922,240.34364318847656,26644916
2022-04-01,209.8004608154297,243.90643310546875,245.88040161132812,239.5733184814453,240.7288055419922,14856664
2022-04-04,211.5812225341797,245.97669982910156,248.33584594726562,241.78802490234375,243.71385192871094,16520039
2022-04-05,214.89427185058594,249.82835388183594,252.1393585205078,245.63967895507812,246.554443359375,28230046
2022-04-06,215.01852416992188,249.97279357910156,253.58372497558594,247.75808715820312,247.95066833496094,20352716
2022-04-07,212.57516479492188,247.1322021484375,252.47637939453125,246.313720703125,248.43212890625,16679649
2022-04-08,221.8103485107422,257.86871337890625,258.8797607421875,246.5063018798828,248.43212890625,39283623
2022-04-11,221.56187438964844,257.579833984375,263.0202941894531,256.1354675292969,258.7834777832031,47924937
2022-04-12,219.32550048828125,254.97994995117188,258.68719482421875,253.34300231933594,257.0020751953125,24460888
2022-04-13,223.25979614257812,259.5538024902344,260.5648498535156,253.8726043701172,255.46141052246094,22239115
2022-04-18,223.71534729003906,260.0834045410156,262.3944091796875,257.339111328125,258.061279296875,25339139
2022-04-19,216.63365173339844,251.85047912597656,262.3944091796875,249.2024688720703,261.9129333496094,24280577
2022-04-20,214.9771270751953,249.92465209960938,255.60585021972656,247.9988250732422,253.15042114257812,25454589
2022-04-21,215.68115234375,250.74313354492188,254.64292907714844,249.97279357910156,250.069091796875,24313956
2022-04-22,216.26095581054688,251.41717529296875,253.2467041015625,248.96173095703125,250.3579559326172,16274820
2022-04-25,211.4156036376953,245.78411865234375,249.39505004882812,243.13609313964844,249.2024688720703,25140992
2022-04-26,214.4801788330078,249.34690856933594,251.03199768066406,246.7470245361328,247.08404541015625,21327644
2022-04-27,213.27915954589844,247.95066833496094,248.91358947753906,246.2655792236328,246.69888305664062,17219401
2022-04-28,216.26095581054688,251.41717529296875,253.92074584960938,248.57656860351562,249.8765106201172,28999835
2022-04-29,214.9771270751953,249.92465209960938,253.2467041015625,248.91358947753906,253.2467041015625,21206335
2022-05-02,217.95887756347656,253.39114379882812,254.6910858154297,247.51736450195312,248.43212890625,19696250
2022-05-04,215.14279174804688,250.1172332763672,256.18359375,249.0098876953125,254.20962524414062,26951488
2022-05-05,217.0478057861328,252.33193969726562,255.36512756347656,250.74313354492188,252.28379821777344,18623544
2022-05-06,220.85781860351562,256.7613525390625,257.4353942871094,249.2987518310547,249.39505004882812,35818441
2022-05-09,217.79324340820312,253.1985626220703,256.2799072265625,250.8875732421875,256.2799072265625,22228031
2022-05-10,215.14279174804688,250.1172332763672,256.9057922363281,249.4913330078125,252.28379821777344,18727774
2022-05-11,211.74688720703125,246.16928100585938,252.47637939453125,242.41390991210938,249.39505004882812,18012072
2022-05-12,209.46914672851562,243.52127075195312,246.89146423339844,239.91033935546875,245.5433807373047,20816708
2022-05-13,214.1902618408203,249.0098876953125,251.1764373779297,245.0619354248047,245.4952392578125,12380764
2022-05-16,210.46304321289062,244.6767578125,250.309814453125,243.6175537109375,250.309814453125,8502159
2022-05-17,219.24270629882812,254.8836669921875,255.65399169921875,245.35079956054688,245.5433807373047,18483427
2022-05-18,220.98207092285156,256.9057922363281,257.86871337890625,253.39114379882812,256.1354675292969,20978307
2022-05-19,228.31224060058594,265.4275817871094,268.8940734863281,252.86154174804688,252.86154174804688,81302807
2022-05-20,231.9152069091797,269.61627197265625,271.8791198730469,266.7275085449219,266.7275085449219,33617466
2022-05-23,227.35972595214844,264.3202209472656,270.0495910644531,262.92401123046875,269.61627197265625,22535903
2022-05-24,224.33657836914062,260.80560302734375,264.80169677734375,259.98712158203125,264.80169677734375,16146766
2022-05-25,225.8688507080078,262.58697509765625,263.74249267578125,260.46856689453125,262.8277282714844,15877459
2022-05-26,226.2852020263672,256.80950927734375,258.302001953125,254.065185546875,258.302001953125,19129574
2022-05-27,228.40635681152344,259.216796875,260.6611633300781,255.22068786621094,259.0242004394531,13986762
2022-05-30,228.27906799316406,259.0723571777344,260.9500427246094,257.6761169433594,260.46856689453125,12274291
2022-05-31,229.6366424560547,260.6130065917969,264.3202209472656,256.5206298828125,259.0723571777344,24102167
2022-06-01,230.65480041503906,261.7685241699219,263.93505859375,260.1796875,260.6130065917969,15265925
2022-06-02,232.0547637939453,263.3573303222656,264.2720947265625,257.9168395996094,260.6611633300781,14789457
2022-06-03,231.3759765625,262.58697509765625,265.4757385253906,261.52777099609375,264.80169677734375,12968807
2022-06-06,233.15774536132812,264.6091003417969,265.572021484375,259.6982421875,262.2981262207031,11345943
2022-06-07,232.39414978027344,263.74249267578125,264.80169677734375,262.1536865234375,263.0684509277344,11245578
2022-06-08,227.3033447265625,257.9649963378906,264.22393798828125,256.3280334472656,263.7906188964844,14915091
2022-06-09,229.80633544921875,260.80560302734375,261.62408447265625,255.8947296142578,257.86871337890625,10239939
2022-06-10,229.21240234375,260.1315612792969,260.9500427246094,258.7834777832031,259.0723571777344,8693455
2022-06-13,224.5458526611328,254.8355255126953,259.1204833984375,253.2467041015625,256.5206298828125,11519902
2022-06-14,225.224609375,255.60585021972656,257.53167724609375,253.29486083984375,253.4392852783203,7708043
2022-06-15,223.48529052734375,253.6318817138672,257.3872375488281,253.29486083984375,256.1354675292969,5254329
2022-06-16,221.1944122314453,251.03199768066406,257.9649963378906,249.8765106201172,257.0983581542969,14843837
2022-06-17,223.4004364013672,253.53558349609375,254.35406494140625,248.96173095703125,249.39505004882812,17296080
2022-06-20,224.07920837402344,254.30592346191406,256.2799072265625,251.65789794921875,253.53558349609375,17738981
2022-06-21,229.0002899169922,259.8908386230469,260.80560302734375,254.30592346191406,255.17254638671875,14417711
2022-06-22,225.09735107421875,255.46141052246094,260.2760009765625,255.0762481689453,257.0983581542969,11756920
2022-06-23,225.2670135498047,255.65399169921875,257.339111328125,252.66896057128906,255.65399169921875,9416459
2022-06-24,225.56398010253906,255.9910125732422,258.3983154296875,255.36512756347656,256.23175048828125,7283228
2022-06-27,229.04269409179688,259.93896484375,260.6130065917969,256.6169128417969,257.0983581542969,8487729
2022-06-28,230.65480041503906,261.7685241699219,262.1536865234375,258.59088134765625,258.92791748046875,11673046
2022-06-29,232.52142333984375,263.8869323730469,264.80169677734375,259.16864013671875,259.2649230957031,16635367
2022-06-30,232.0547637939453,263.3573303222656,264.5128173828125,261.9129333496094,263.7906188964844,20003893
2022-07-01,241.2605743408203,273.8049621582031,274.43084716796875,261.1426086425781,263.3573303222656,36520000
2022-07-04,247.6664581298828,281.074951171875,282.42303466796875,274.2382507324219,275.0567321777344,41417701
2022-07-05,243.42417907714844,276.2603759765625,282.1341552734375,275.1530456542969,282.1341552734375,19283789
2022-07-06,245.46046447753906,278.5713806152344,279.24542236328125,274.7197265625,275.49005126953125,18997440
2022-07-07,247.7089080810547,281.12310791015625,282.2785949707031,277.8010559082031,280.2083435058594,14326277
2022-07-08,248.64222717285156,282.18231201171875,283.5303955078125,279.6305847167969,282.0378723144531,11538313
2022-07-11,250.29672241210938,284.05999755859375,285.93768310546875,281.2193908691406,282.1341552734375,12828405
2022-07-12,248.34527587890625,281.8453063964844,284.3970031738281,280.1120300292969,282.1341552734375,14616684
2022-07-13,249.49069213867188,283.1452331542969,283.8674011230469,281.8453063964844,282.1341552734375,9634877
2022-07-14,246.77561950683594,280.06390380859375,285.35992431640625,278.42694091796875,283.3859558105469,13930984
2022-07-15,249.06642150878906,282.66375732421875,283.0970764160156,278.76397705078125,281.1712646484375,11450042
2022-07-18,250.55128479003906,284.348876953125,285.3117980957031,282.8563537597656,284.05999755859375,11751684
2022-07-19,249.9573516845703,283.6748352050781,284.63775634765625,281.8453063964844,284.05999755859375,9542292
2022-07-20,253.0117950439453,287.1413269042969,288.39312744140625,282.7119140625,283.9637145996094,16397373
2022-07-21,254.1571807861328,288.4412536621094,290.99298095703125,286.94873046875,287.9116516113281,16660697
2022-07-22,255.0056610107422,289.4041748046875,291.2818603515625,287.0450439453125,288.87457275390625,10351425
2022-07-25,255.47235107421875,289.93377685546875,291.7151794433594,287.7190856933594,287.9116516113281,11050533
2022-07-26,256.6177673339844,291.23370361328125,292.4855041503906,289.3078918457031,289.8374938964844,10114261
2022-07-27,258.06011962890625,292.87066650390625,293.68914794921875,289.45233154296875,291.6188659667969,9706094
2022-07-28,257.4662170410156,292.1966247558594,293.8817443847656,291.1855773925781,293.5928649902344,11256515
2022-07-29,257.1268310546875,291.81146240234375,294.5557861328125,290.17449951171875,293.68914794921875,17584873
2022-08-01,260.9024963378906,296.096435546875,297.3482360839844,291.859619140625,292.7262268066406,16501510
2022-08-02,262.98126220703125,298.45556640625,304.9071044921875,296.7704772949219,298.50372314453125,40483892
2022-08-03,261.4540100097656,296.7223205566406,299.370361328125,292.38922119140625,299.370361328125,18376724
2022-08-04,262.59942626953125,298.02227783203125,298.84075927734375,295.7594299316406,296.577880859375,16514348
2022-08-05,263.744873046875,299.32220458984375,300.2369689941406,297.6371154785156,298.02227783203125,10477269
2022-08-08,265.69635009765625,301.5368957519531,302.3072509765625,298.5518798828125,299.4184875488281,8627072
2022-08-10,264.0418395996094,299.6592102050781,302.4516906738281,299.2259216308594,301.5368957519531,9267241
2022-08-11,259.8419494628906,294.8927917480469,301.8257751464844,293.97802734375,301.3924560546875,11305242
2022-08-12,261.79339599609375,297.10748291015625,297.92596435546875,293.20770263671875,294.8927917480469,6669853
2022-08-16,263.49029541015625,299.0333251953125,299.9480895996094,297.10748291015625,297.10748291015625,8941455
2022-08-17,265.187255859375,300.95916748046875,301.6332092285156,299.4666442871094,300.14068603515625,8283028
2022-08-18,267.8175048828125,303.9441833496094,304.2812194824219,301.0072937011719,301.3924560546875,10264507
2022-08-19,264.7205505371094,300.4295654296875,304.4256591796875,299.6592102050781,304.4256591796875,10823811
2022-08-22,266.7569274902344,302.74053955078125,305.244140625,299.4666442871094,299.6592102050781,11793184
2022-08-23,268.02960205078125,304.1849365234375,304.2812194824219,300.5258483886719,301.3443298339844,9698555
2022-08-24,266.50238037109375,302.4516906738281,307.603271484375,301.44061279296875,304.0404968261719,11783894
2022-08-25,265.017578125,300.7665710449219,304.6663818359375,300.0444030761719,303.7516174316406,8057930
2022-08-26,265.4842224121094,301.2961730957031,303.7034606933594,300.4295654296875,303.07757568359375,7224507
2022-08-29,266.03570556640625,301.9220886230469,303.2701416015625,297.3963623046875,298.50372314453125,11798961
2022-08-30,271.93255615234375,308.6143493652344,309.48095703125,302.5960998535156,302.5960998535156,18516092
2022-09-01,269.47198486328125,305.8218688964844,309.96240234375,304.2812194824219,307.65142822265625,13765474
2022-09-02,274.1809387207031,311.1660461425781,312.22528076171875,306.25518798828125,306.8810729980469,26750910
2022-09-05,279.0172119140625,316.6546630859375,317.3768615722656,311.7438049316406,312.94744873046875,18144801
2022-09-06,277.5747985839844,315.0177307128906,317.76202392578125,314.2955322265625,317.76202392578125,12431779
2022-09-07,276.6839294433594,314.00665283203125,316.12506103515625,313.18817138671875,313.9103698730469,8397233
2022-09-08,279.9080810546875,317.6657409667969,318.33978271484375,315.354736328125,316.7991027832031,11331350
2022-09-09,280.4172058105469,318.2434997558594,320.93963623046875,317.76202392578125,318.33978271484375,9770432
2022-09-12,280.75653076171875,318.628662109375,320.0730285644531,317.76202392578125,319.6878662109375,9048240
2022-09-13,283.7261657714844,321.9988708496094,322.57659912109375,318.33978271484375,319.39898681640625,10925371
2022-09-14,284.5322265625,322.91363525390625,326.4282531738281,318.6767883300781,318.7249450683594,12739464
2022-09-15,283.47161865234375,321.7099914550781,324.55059814453125,320.5544738769531,323.9246826171875,8742900
2022-09-16,281.095947265625,319.0138244628906,322.1914367675781,317.47314453125,320.0248718261719,12973988
2022-09-19,284.7442932128906,323.15435791015625,324.4061584472656,316.8954162597656,316.8954162597656,14918717
2022-09-20,285.0837097167969,323.5395202636719,327.0060119628906,322.57659912109375,326.1875305175781,9892945
2022-09-21,289.28363037109375,328.3059387207031,332.3983459472656,323.0580749511719,323.5395202636719,21800547
2022-09-22,292.7622985839844,332.25390625,335.8166809082031,328.2578125,328.3540954589844,25111230
2022-09-23,293.90771484375,333.5538330078125,336.5870361328125,330.5688171386719,334.613037109375,23718397
2022-09-26,282.1989440917969,320.265625,333.1205139160156,319.4471435546875,332.0613098144531,16829922
2022-09-27,284.10797119140625,322.4321594238281,326.9578857421875,321.6136779785156,322.57659912109375,10375837
2022-09-28,275.7082214355469,312.8993225097656,320.93963623046875,312.2734069824219,319.63970947265625,16151900
2022-09-29,282.58074951171875,320.69891357421875,322.4803161621094,315.595458984375,316.7991027832031,18985406
2022-09-30,281.8595275878906,319.88043212890625,323.2987976074219,317.9064636230469,320.69891357421875,12906555
2022-10-03,275.24151611328125,312.36968994140625,320.6507873535156,311.2623596191406,320.5544738769531,9462192
2022-10-04,282.4110412597656,320.50634765625,321.6136779785156,315.8362121582031,316.51025390625,9142294
2022-10-06,285.63519287109375,324.1654052734375,326.7171325683594,320.21746826171875,322.57659912109375,23091432
2022-10-07,283.47161865234375,321.7099914550781,324.3580017089844,319.0138244628906,324.3098449707031,10910698
2022-10-10,278.16876220703125,315.6917724609375,319.15826416015625,313.9585266113281,317.76202392578125,9750594
2022-10-11,276.8536376953125,314.1992492675781,318.1953430175781,313.0437316894531,316.7991027832031,11018577
2022-10-12,280.0777893066406,317.8583068847656,319.15826416015625,312.70672607421875,315.7880554199219,10735673
2022-10-13,278.8475036621094,316.46209716796875,319.0138244628906,315.8362121582031,317.7138977050781,7546587
2022-10-14,281.77471923828125,319.7841491699219,321.51739501953125,318.58050537109375,319.97674560546875,6672357
2022-10-17,281.9019775390625,319.9285888671875,322.33587646484375,317.3768615722656,318.82122802734375,7195922
2022-10-18,288.7320861816406,327.6800537109375,328.3540954589844,321.1803894042969,321.5655517578125,21691854
2022-10-19,293.8653259277344,333.5057067871094,334.5649108886719,327.1986083984375,330.376220703125,16923690
2022-10-20,296.7076416015625,336.7314758300781,337.93511962890625,332.01318359375,334.131591796875,19186222
2022-10-21,293.2289733886719,332.78350830078125,340.1016540527344,331.72430419921875,340.1016540527344,28426343
2022-10-24,295.0107727050781,334.8056335449219,336.7314758300781,334.131591796875,336.00927734375,3292671
2022-10-25,293.8228759765625,333.4575500488281,336.53887939453125,330.90582275390625,336.49072265625,17906260
2022-10-27,293.398681640625,332.9761047363281,335.4315185546875,331.0984191894531,333.7945556640625,19273344
2022-10-28,293.398681640625,332.9761047363281,335.6722412109375,332.30206298828125,334.66119384765625,13572499
2022-10-31,295.8592224121094,335.7685546875,337.5018005371094,331.96502685546875,335.0945129394531,14358449
2022-11-01,296.5379638671875,336.53887939453125,337.5018005371094,334.3241882324219,336.29815673828125,20422565
2022-11-02,300.9075927734375,341.4978942871094,343.0385437011719,335.5759582519531,335.5759582519531,17427813
2022-11-03,300.1015319824219,340.5831298828125,345.2051086425781,339.9090881347656,340.87200927734375,11149636
2022-11-04,300.0166320800781,340.48681640625,342.7978210449219,339.4276123046875,340.87200927734375,8709851
2022-11-07,299.9317932128906,340.3905334472656,343.1348571777344,337.02032470703125,341.83489990234375,10437370
2022-11-09,306.0407409667969,347.3235168457031,348.04571533203125,340.1016540527344,340.3905334472656,21404869
2022-11-10,302.0529479980469,342.7978210449219,346.5531921386719,340.9682922363281,345.68658447265625,20071989
2022-11-11,302.34991455078125,343.1348571777344,347.56427001953125,341.4978942871094,346.64947509765625,11372654
2022-11-14,294.5865173339844,334.3241882324219,343.71258544921875,333.7464294433594,343.1348571777344,18319254
2022-11-15,292.9320068359375,332.4465026855469,336.00927734375,326.57269287109375,336.00927734375,16046491
2022-11-16,291.9562683105469,331.3391418457031,333.9871520996094,328.97998046875,332.8797912597656,7897812
2022-11-17,291.6169128417969,330.9539794921875,334.5649108886719,329.894775390625,331.3391418457031,10379179
2022-11-18,289.3684387207031,328.4022521972656,331.96502685546875,327.1986083984375,330.9539794921875,8140173
2022-11-21,286.1018371582031,324.69500732421875,327.39117431640625,321.9988708496094,326.5245666503906,9553090
2022-11-22,288.6896667480469,327.63189697265625,328.3540954589844,323.2506408691406,324.50244140625,6746019
2022-11-23,288.3078918457031,327.1986083984375,329.3170166015625,324.98388671875,329.3170166015625,8067471
2022-11-24,289.11395263671875,328.1133728027344,329.7984619140625,325.03204345703125,327.1986083984375,8454385
2022-11-25,288.7320861816406,327.6800537109375,329.2207336425781,325.27276611328125,328.3540954589844,7200274
2022-11-28,288.5199890136719,327.4393310546875,329.0762939453125,326.1875305175781,327.39117431640625,10284123
2022-11-29,290.4290466308594,329.60589599609375,332.20574951171875,327.39117431640625,327.39117431640625,10582296
2022-11-30,288.47760009765625,327.39117431640625,331.38726806640625,326.4282531738281,328.5948181152344,23425220
2022-12-01,288.09576416015625,326.9578857421875,329.02813720703125,324.3098449707031,329.02813720703125,17270904
2022-12-02,286.0594787597656,324.6468811035156,328.1615295410156,324.26171875,326.7652893066406,8711914
2022-12-05,285.7201232910156,324.26171875,326.2838439941406,321.75811767578125,325.1283264160156,10090597
2022-12-06,286.1867370605469,324.79132080078125,325.6579284667969,321.7099914550781,321.7099914550781,6571118
2022-12-07,288.5624084472656,327.48748779296875,328.8355407714844,324.1654052734375,325.9468078613281,10191144
2022-12-08,287.1200256347656,325.85052490234375,329.4614562988281,324.98388671875,327.5837707519531,6439244
2022-12-09,289.6654052734375,328.7392578125,329.7984619140625,325.4653625488281,327.15045166015625,8445424
2022-12-12,291.1926574707031,330.4725036621094,331.24285888671875,327.48748779296875,328.3540954589844,11646572
2022-12-13,293.2289733886719,332.78350830078125,333.1686706542969,329.7021789550781,331.72430419921875,11105261
2022-12-14,293.0592956542969,332.5909118652344,334.4685974121094,331.0021057128906,333.1686706542969,7664099
2022-12-15,287.5018310546875,326.2838439941406,333.26495361328125,325.4653625488281,331.96502685546875,8469001
2022-12-16,284.3200988769531,322.67291259765625,326.33197021484375,319.0138244628906,324.98388671875,12907968
2022-12-19,288.9018249511719,327.8726501464844,329.6540222167969,322.91363525390625,324.3098449707031,8113695
2022-12-20,288.6048278808594,327.5356140136719,328.3059387207031,324.26171875,327.4393310546875,5693354
2022-12-21,284.3625183105469,322.7210388183594,328.5948181152344,322.09515380859375,328.3540954589844,7316532
2022-12-22,282.07171630859375,320.1211853027344,324.8876037597656,317.6657409667969,323.2025146484375,6838031
2022-12-23,277.1929626464844,314.58441162109375,319.5915832519531,313.28448486328125,318.628662109375,10461859
2022-12-26,283.8958740234375,322.1914367675781,322.67291259765625,313.4289245605469,314.3918151855469,9934633
2022-12-27,282.66558837890625,320.79522705078125,323.9246826171875,317.9064636230469,323.15435791015625,6986433
2022-12-28,283.7261657714844,321.9988708496094,322.57659912109375,319.2063903808594,320.50634765625,8035558
2022-12-29,284.5322265625,322.91363525390625,323.2987976074219,319.2545471191406,321.9507141113281,8417520
2022-12-30,281.3080749511719,319.2545471191406,324.26171875,318.2434997558594,322.9617614746094,7228324
2023-01-02,282.4110412597656,320.50634765625,321.6136779785156,317.4250183105469,318.628662109375,6181118
2023-01-03,280.9262390136719,318.82122802734375,320.98779296875,318.00274658203125,319.2063903808594,6228015
2023-01-04,277.44757080078125,314.873291015625,320.1693115234375,313.9103698730469,319.5434265136719,6947412
2023-01-05,282.92010498046875,321.0840759277344,321.51739501953125,316.0287780761719,316.46209716796875,8486143
2023-01-06,284.2776794433594,322.624755859375,325.03204345703125,320.7470703125,322.2877197265625,8603181
2023-01-09,286.8230895996094,325.51348876953125,328.6429748535156,323.6839599609375,324.45428466796875,11027747
2023-01-10,282.877685546875,321.03594970703125,325.85052490234375,320.21746826171875,325.3690490722656,7217255
2023-01-11,281.5201721191406,319.4952697753906,322.67291259765625,319.0138244628906,322.67291259765625,4760847
2023-01-12,279.86566162109375,317.6175842285156,321.228515625,315.9324951171875,321.03594970703125,6894087
2023-01-13,278.9323425292969,316.5583801269531,319.9285888671875,314.2955322265625,317.6175842285156,14967746
2023-01-16,280.1626281738281,317.9546203613281,319.88043212890625,315.40289306640625,318.09906005859375,8571826
2023-01-17,281.9019775390625,319.9285888671875,321.1322326660156,316.8954162597656,317.9546203613281,14240647
2023-01-18,283.93829345703125,322.2395935058594,324.0691223144531,320.0730285644531,321.6136779785156,13039078
2023-01-19,281.8171691894531,319.8323059082031,323.2025146484375,319.350830078125,321.6136779785156,8667564
2023-01-20,283.8958740234375,322.1914367675781,322.7691955566406,317.03985595703125,319.6878662109375,13608325
2023-01-23,286.5685119628906,325.224609375,325.60980224609375,320.69891357421875,323.5395202636719,7399204
2023-01-24,287.5867004394531,326.380126953125,328.1133728027344,325.0802001953125,325.27276611328125,12776694
2023-01-25,287.84124755859375,326.66900634765625,328.3540954589844,322.81732177734375,326.33197021484375,12978859
2023-01-27,293.5683898925781,333.1686706542969,335.9129943847656,328.8355407714844,329.1244201660156,21850457
2023-01-30,292.5502014160156,332.01318359375,338.7054443359375,329.1725769042969,334.0353088378906,14634225
2023-01-31,298.9560852050781,339.2831726074219,341.83489990234375,328.4022521972656,333.1686706542969,17794183
2023-02-01,306.63470458984375,347.99755859375,352.1380920410156,316.8954162597656,339.9090881347656,67003785
2023-02-02,321.2282409667969,364.5597229003906,370.4335021972656,347.03466796875,348.1901550292969,57892084
2023-02-03,322.96759033203125,366.53369140625,368.0743408203125,358.2044677734375,367.7373352050781,23153980
2023-02-06,325.3008728027344,369.18170166015625,373.8037109375,365.5226135253906,368.3150939941406,26783409
2023-02-07,316.6889953613281,359.4081115722656,369.66314697265625,354.7861328125,369.66314697265625,21438758
2023-02-08,318.6404724121094,361.6228332519531,363.30792236328125,357.7711486816406,360.85247802734375,10821785
2023-02-09,317.5374755859375,360.37103271484375,365.9078063964844,358.3489074707031,360.13031005859375,12318006
2023-02-10,315.076904296875,357.5785827636719,362.97088623046875,356.5675048828125,358.3970642089844,10674456
2023-02-13,317.4949951171875,360.3228759765625,361.2376403808594,356.27862548828125,359.1673889160156,10282470
2023-02-14,327.888671875,372.11859130859375,373.27410888671875,359.8895568847656,361.0932312011719,30246745
2023-02-15,329.59710693359375,368.0262145996094,368.652099609375,364.5115661621094,367.5928955078125,12679568
2023-02-16,329.89892578125,368.36322021484375,370.9631042480469,366.8706970214844,367.8336181640625,10151755
2023-02-17,330.6319274902344,369.18170166015625,370.2890625,365.18560791015625,366.9188537597656,7967611
2023-02-20,331.1924743652344,369.8075866699219,373.1296691894531,367.1595764160156,370.4335021972656,8105569
2023-02-21,329.64019775390625,368.0743408203125,371.5889892578125,367.54473876953125,370.7223815917969,8577674
2023-02-22,331.0199890136719,369.6150207519531,370.6260681152344,365.9078063964844,367.8336181640625,9306194
2023-02-23,334.25390625,373.2259521484375,379.38861083984375,368.892822265625,370.1927795410156,19555814
2023-02-24,332.0979919433594,370.81866455078125,374.57403564453125,366.8706970214844,374.57403564453125,13407431
2023-02-27,329.59710693359375,368.0262145996094,372.45562744140625,364.0782470703125,370.81866455078125,8455904
2023-02-28,324.8540954589844,362.73016357421875,370.00018310546875,361.0932312011719,368.3150939941406,16997837
2023-03-01,326.57879638671875,364.656005859375,366.29296875,359.7451477050781,360.37103271484375,8065784
2023-03-02,323.8623962402344,361.6228332519531,365.66705322265625,360.8043518066406,365.42633056640625,5212922
2023-03-03,331.9686279296875,370.6742248535156,371.1075439453125,362.1524353027344,363.01904296875,8495772
2023-03-06,334.7281799316406,373.75555419921875,377.9442443847656,370.9631042480469,371.5889892578125,11126980
2023-03-08,338.3932189941406,377.8479309082031,378.57012939453125,370.81866455078125,373.6111145019531,9261146
2023-03-09,334.1676940917969,373.1296691894531,379.0034484863281,371.3482666015625,377.55908203125,10005328
2023-03-10,334.5988464355469,373.6111145019531,375.7295227050781,369.2779846191406,372.6000671386719,8684320
2023-03-13,330.8475341796875,369.42242431640625,376.403564453125,368.3150939941406,374.7666015625,9130473
2023-03-14,327.441162109375,365.6189270019531,372.11859130859375,363.2116394042969,371.39642333984375,10623744
2023-03-15,327.1824645996094,365.3300476074219,370.04833984375,363.9819641113281,366.8706970214844,8748113
2023-03-16,328.9503173828125,367.30401611328125,368.170654296875,362.8746032714844,366.48553466796875,16315136
2023-03-17,323.8623962402344,361.6228332519531,370.7223815917969,355.9416198730469,370.7223815917969,50787703
2023-03-20,326.6650695800781,364.7522888183594,365.2818908691406,358.2044677734375,359.4562683105469,10512002
2023-03-21,325.0696716308594,362.97088623046875,364.7522888183594,360.1784362792969,364.7522888183594,12057999
2023-03-22,325.75958251953125,363.7412414550781,364.8004455566406,360.3228759765625,362.97088623046875,4958761
2023-03-23,328.2604675292969,366.53369140625,368.5558166503906,360.5154724121094,363.01904296875,10127917
2023-03-24,326.57879638671875,364.656005859375,368.7965393066406,363.9819641113281,367.3521728515625,10317108
2023-03-27,327.87237548828125,366.1003723144531,370.1446228027344,362.3931579589844,363.9338073730469,11232922
2023-03-28,327.48431396484375,365.66705322265625,368.170654296875,364.12640380859375,366.1003723144531,9523719
2023-03-29,330.0714111328125,368.5558166503906,369.75946044921875,363.1634826660156,366.1003723144531,10551626
2023-03-31,330.71820068359375,369.2779846191406,370.24090576171875,365.9078063964844,367.8336181640625,9877493
2023-04-03,326.7513122558594,364.84857177734375,369.75946044921875,364.4634094238281,369.75946044921875,7331070
2023-04-05,333.21905517578125,372.0704650878906,372.69635009765625,364.84857177734375,364.84857177734375,12055499
2023-04-06,334.038330078125,372.9852294921875,375.8258056640625,369.9520263671875,372.3111877441406,13394394
2023-04-10,335.0731201171875,374.1407165527344,375.5369567871094,370.48162841796875,372.9852294921875,7044256
2023-04-11,341.4977722167969,381.3144226074219,383.3365478515625,373.6111145019531,374.1407165527344,18939829
2023-04-12,339.3849792480469,378.9552917480469,383.0476989746094,377.55908203125,382.9995422363281,10122932
2023-04-13,341.1528625488281,380.92926025390625,381.8921813964844,379.0997314453125,380.8329772949219,6292395
2023-04-17,345.0766296386719,385.310546875,387.0919189453125,378.32940673828125,378.32940673828125,11466474
2023-04-18,343.6536865234375,383.7217102050781,387.0919189453125,382.27734375,385.1661071777344,9860308
2023-04-19,343.8693542480469,383.96246337890625,386.4660339355469,381.3144226074219,381.3625793457031,10119480
2023-04-20,345.20599365234375,385.4549865722656,387.71783447265625,382.9513854980469,385.1661071777344,6924577
2023-04-21,352.061767578125,393.1101379394531,393.83233642578125,384.2513427734375,385.4549865722656,14801099
2023-04-24,352.44989013671875,393.54345703125,394.7952575683594,389.2103271484375,394.7952575683594,6212135
2023-04-25,354.90765380859375,396.28778076171875,398.2135925292969,392.2916564941406,393.54345703125,9180650
2023-04-26,355.51129150390625,396.9618225097656,397.6839904785156,393.8804931640625,396.7210693359375,7914219
2023-04-27,358.74517822265625,400.57275390625,401.92083740234375,395.7581787109375,396.9136657714844,13100076
2023-04-28,366.9807434082031,409.7685852050781,412.3684387207031,398.3580322265625,402.4985656738281,13208557
2023-05-02,366.0321960449219,408.7093811035156,411.164794921875,405.57989501953125,410.201904296875,10648421
2023-05-03,368.3605651855469,411.3092346191406,412.60919189453125,406.39837646484375,408.27606201171875,7607609
2023-05-04,366.1615295410156,408.85382080078125,411.164794921875,408.27606201171875,409.5278625488281,8292456
2023-05-05,369.7403259277344,412.84991455078125,415.8830871582031,408.61309814453125,410.15374755859375,12890455
2023-05-08,372.0687561035156,415.44976806640625,417.3756103515625,413.42767333984375,415.0164794921875,7522610
2023-05-09,365.47161865234375,408.0834655761719,417.08673095703125,405.8687744140625,416.7497253417969,10377820
2023-05-10,366.80828857421875,409.57598876953125,410.5389099121094,406.5428161621094,408.2279052734375,10130159
2023-05-11,362.5395812988281,404.8095703125,411.54998779296875,403.3652038574219,411.4055480957031,16597954
2023-05-12,362.58270263671875,404.85772705078125,407.0242614746094,400.6208801269531,404.8095703125,11564770
2023-05-15,368.9211120605469,411.9351501464844,412.8017578125,403.5096435546875,404.4244079589844,9503538
2023-05-16,365.6009521484375,408.2279052734375,414.0535583496094,407.79461669921875,414.0535583496094,8302077
2023-05-17,368.7486267089844,411.7425537109375,413.04248046875,406.927978515625,408.4205017089844,9844782
2023-05-18,361.9359130859375,404.1355285644531,416.4126892089844,402.5948791503906,414.0535583496094,24919291
2023-05-19,362.0653076171875,404.27996826171875,407.4094543457031,396.0951843261719,405.33917236328125,26759905
2023-05-22,366.2909240722656,408.9982604980469,409.9611511230469,403.5577697753906,406.3020935058594,16015615
2023-05-23,370.0852966308594,413.2350769042969,415.20904541015625,408.4686584472656,410.201904296875,9068926
2023-05-24,373.8366394042969,417.42376708984375,418.6274108886719,411.164794921875,412.4165954589844,11921823
2023-05-25,380.4337463378906,424.7900695800781,426.0418395996094,418.675537109375,420.7458190917969,18905572
2023-05-26,382.5465087890625,427.1492004394531,428.2565612792969,423.2012634277344,426.95660400390625,13496209
2023-05-29,387.2895202636719,432.4452209472656,435.04510498046875,427.6306457519531,428.4972839355469,20589822
2023-05-30,396.6940612792969,433.215576171875,434.7080993652344,424.6456298828125,424.6456298828125,19627897
2023-05-31,392.8144226074219,428.9787292480469,435.2377014160156,426.0418395996094,432.6378173828125,14821960
2023-06-01,387.7003173828125,423.3938293457031,430.4231262207031,422.71978759765625,430.4231262207031,9142172
2023-06-02,390.96270751953125,426.95660400390625,428.4010009765625,423.4901123046875,423.6827087402344,9558309
2023-06-05,388.5379638671875,424.30859375,430.2786865234375,423.77899169921875,428.4972839355469,7427630
2023-06-06,390.4337463378906,426.3788757324219,427.1492004394531,424.06787109375,424.4530334472656,6703067
2023-06-07,391.4477233886719,427.4862365722656,429.1231689453125,426.3307189941406,427.53436279296875,7833952
2023-06-08,390.5219421386719,426.47515869140625,429.219482421875,425.5122375488281,429.17132568359375,7294955
2023-06-09,386.59814453125,422.190185546875,428.2084045410156,419.0125732421875,419.0125732421875,7329661
2023-06-12,385.2755432128906,420.7458190917969,424.59747314453125,417.7607727050781,423.6827087402344,9054977
2023-06-13,392.7262268066406,428.8824462890625,429.8453674316406,422.0457458496094,424.6456298828125,16732376
2023-06-14,391.9326477050781,428.0158386230469,431.1452941894531,427.29364013671875,429.700927734375,9039402
2023-06-15,395.10693359375,431.4823303222656,432.10821533203125,428.2565612792969,428.4972839355469,7787525
2023-06-16,399.515625,436.2969055175781,438.7041931152344,431.28973388671875,432.34893798828125,12181426
2023-06-19,399.9565124511719,436.7783508300781,438.9930725097656,435.4784240722656,437.8857116699219,4350517
2023-06-20,399.2951965332031,436.0561828613281,437.933837890625,433.456298828125,437.933837890625,4644353
2023-06-21,394.1811218261719,430.47125244140625,437.3561096191406,428.5454406738281,435.2377014160156,6292873
2023-06-22,394.7101135253906,431.04901123046875,432.974853515625,429.3157653808594,431.3860168457031,6892713
2023-06-23,392.1531066894531,428.2565612792969,431.04901123046875,426.2825927734375,430.9045715332031,6325479
2023-06-26,392.9907531738281,429.17132568359375,434.6599426269531,427.53436279296875,430.3268127441406,5688287
2023-06-27,392.46173095703125,428.59356689453125,430.6156921386719,426.71588134765625,429.5564880371094,5052984
2023-06-28,396.2091369628906,432.68597412109375,433.8896179199219,428.0158386230469,428.4972839355469,12548096
2023-06-30,398.1930236816406,434.8525390625,435.1895446777344,430.0379333496094,433.3118591308594,9456776
2023-07-03,408.4653015136719,446.07049560546875,448.67034912109375,433.3600158691406,434.8525390625,11111199
2023-07-04,411.1986389160156,449.0555114746094,450.64434814453125,442.7484436035156,447.7555847167969,8022597
2023-07-05,418.91387939453125,457.48101806640625,462.8252258300781,447.08154296875,449.0555114746094,16878943
2023-07-06,417.85577392578125,456.3255310058594,459.69573974609375,453.0516357421875,459.6475830078125,9835812
2023-07-07,413.0062561035156,451.0295104980469,457.8662109375,450.2591552734375,455.45892333984375,7605499
2023-07-10,410.7577819824219,448.5740661621094,453.4367980957031,446.5037841796875,452.5701599121094,6772454
2023-07-11,417.1944580078125,455.6033630371094,456.951416015625,448.718505859375,448.718505859375,8783282
2023-07-12,416.44500732421875,454.7848815917969,460.0327453613281,453.00347900390625,460.0327453613281,12816220
2023-07-13,416.1804504394531,454.4960021972656,459.0698547363281,453.5330810546875,456.3255310058594,8214385
2023-07-14,416.9739990234375,455.36260986328125,457.3847351074219,453.8700866699219,455.45892333984375,5277090
2023-07-17,416.48907470703125,454.8330078125,458.1550598144531,453.1479187011719,456.9032897949219,6325310
2023-07-18,416.621337890625,454.9774475097656,456.6144104003906,453.5330810546875,455.0256042480469,5558415
2023-07-19,422.22039794921875,461.09197998046875,462.63262939453125,450.7406311035156,455.2181701660156,14401395
2023-07-20,433.947509765625,473.89874267578125,475.3912658691406,458.63653564453125,462.10302734375,21030102
2023-07-21,432.4485168457031,472.26177978515625,479.242919921875,468.9397277832031,473.56170654296875,14510084
2023-07-24,415.6073303222656,453.8700866699219,481.16876220703125,450.78875732421875,475.1505126953125,40477929
2023-07-25,407.62762451171875,445.1557312011719,451.12579345703125,438.5115966796875,450.54803466796875,45211370
2023-07-26,416.40087890625,454.7367248535156,455.45892333984375,444.91497802734375,447.6593017578125,18842179
2023-07-27,410.0523986816406,447.8037414550781,457.5291748046875,444.0002136230469,456.8070068359375,14528232
2023-07-28,413.0503234863281,451.07763671875,452.0405578613281,446.2149353027344,450.35546875,10362522
2023-07-31,410.6255187988281,448.42962646484375,452.2812805175781,446.31121826171875,451.60723876953125,8510403
2023-08-01,409.83197021484375,447.5630187988281,451.4627990722656,446.60009765625,448.718505859375,6686176
2023-08-02,405.68780517578125,443.03729248046875,447.5630187988281,441.0151672363281,447.37042236328125,10715605
2023-08-03,402.11676025390625,439.13751220703125,446.55194091796875,437.452392578125,443.03729248046875,11026824
2023-08-04,401.1468200683594,438.0782775878906,444.2890930175781,437.40423583984375,439.37823486328125,7097614
2023-08-07,401.1027526855469,438.0301513671875,439.61895751953125,434.22662353515625,437.25982666015625,9513953
2023-08-08,398.85430908203125,435.57470703125,440.0522766113281,434.3229064941406,440.0522766113281,6638681
2023-08-09,404.4092712402344,441.6410827636719,442.8447265625,430.3268127441406,435.57470703125,10134166
2023-08-10,398.32525634765625,434.9969482421875,442.2669677734375,432.34893798828125,441.8818054199219,13702317
2023-08-11,395.6800231933594,432.10821533203125,437.0672302246094,428.2565612792969,437.0672302246094,12028396
2023-08-14,396.07684326171875,432.5415344238281,434.5155029296875,428.5454406738281,432.10821533203125,7854074
2023-08-16,397.0026550292969,433.5525817871094,440.43743896484375,431.57861328125,434.2747802734375,15494896
2023-08-17,388.8465881347656,424.6456298828125,433.3118591308594,423.6827087402344,433.3118591308594,16896158
2023-08-18,389.4197082519531,425.2715148925781,426.9084777832031,422.23834228515625,424.6456298828125,20068497
2023-08-21,394.8424377441406,431.1934509277344,431.86749267578125,424.9826354980469,425.6085510253906,9940689
2023-08-22,400.52960205078125,437.40423583984375,438.2708740234375,430.4231262207031,432.34893798828125,10234488
2023-08-23,397.1790466308594,433.74517822265625,438.7523193359375,431.9637756347656,438.7041931152344,8770272
2023-08-24,397.5758361816406,434.1784973144531,436.68206787109375,432.6378173828125,433.8896179199219,6322751
2023-08-25,390.9186706542969,426.9084777832031,434.2747802734375,425.65667724609375,434.1784973144531,9628041
2023-08-28,389.19927978515625,425.0307922363281,430.2786865234375,424.6456298828125,428.4972839355469,7176903
2023-08-29,388.0530090332031,423.77899169921875,427.53436279296875,422.9123840332031,426.5233154296875,9845106
2023-08-30,390.4337463378906,426.3788757324219,427.53436279296875,424.1641540527344,424.6456298828125,7648569
2023-08-31,387.7003173828125,423.3938293457031,428.4010009765625,419.9273376464844,426.5714416503906,20666732
2023-09-01,388.8906555175781,424.6937561035156,428.4972839355469,422.0457458496094,423.6827087402344,11879159
2023-09-04,385.7605285644531,421.2754211425781,426.9084777832031,420.4569396972656,426.9084777832031,14128562
2023-09-05,390.6982727050781,426.6677551269531,428.0158386230469,422.23834228515625,422.6235046386719,8701612
2023-09-06,394.5337829589844,430.8564147949219,431.86749267578125,425.6085510253906,427.4862365722656,13358433
2023-09-07,393.1671142578125,429.3639221191406,432.34893798828125,428.11212158203125,432.1563720703125,8401953
2023-09-08,390.30145263671875,426.23443603515625,431.28973388671875,425.464111328125,431.28973388671875,10322317
2023-09-11,394.3133544921875,430.6156921386719,431.4823303222656,426.23443603515625,429.460205078125,9679540
2023-09-12,397.7962646484375,434.4192199707031,437.452392578125,429.0750427246094,432.2526550292969,14961276
2023-09-13,399.86834716796875,436.68206787109375,440.0522766113281,434.3710632324219,435.4302673339844,12268130
2023-09-14,396.73809814453125,433.2637023925781,438.9930725097656,430.56756591796875,438.9930725097656,14986708
2023-09-15,395.327392578125,431.7230529785156,435.333984375,430.4231262207031,431.4341735839844,15657801
2023-09-18,398.58978271484375,435.28582763671875,437.16351318359375,429.65277099609375,431.7230529785156,8513132
2023-09-20,399.38336181640625,436.1524658203125,438.22271728515625,432.8785400390625,434.9488220214844,10343224
2023-09-21,394.577880859375,430.9045715332031,436.7301940917969,428.0158386230469,436.0080261230469,11132308
2023-09-22,390.6982727050781,426.6677551269531,431.7712097167969,425.8492736816406,430.9045715332031,7795399
2023-09-25,390.25738525390625,426.186279296875,428.3046875,422.0939025878906,426.6677551269531,6005673
2023-09-26,390.1251220703125,426.0418395996094,428.0158386230469,423.3938293457031,427.1492004394531,5533023
2023-09-27,396.03277587890625,432.4933776855469,433.1192626953125,422.5272216796875,426.0418395996094,10894817
2023-09-28,388.62615966796875,424.4049072265625,433.2637023925781,423.29754638671875,433.2637023925781,10610213
2023-09-29,391.844482421875,427.9195251464844,429.0750427246094,422.9123840332031,425.6085510253906,8474326
2023-10-03,387.74444580078125,423.4419860839844,426.47515869140625,422.96051025390625,424.6456298828125,7770032
2023-10-04,384.52606201171875,419.9273376464844,425.3196716308594,417.2311706542969,423.4419860839844,13912656
2023-10-05,384.4819641113281,419.8791809082031,424.1641540527344,418.9162902832031,423.6827087402344,10416552
2023-10-06,389.8605651855469,425.7529602050781,427.1492004394531,420.4569396972656,421.6124267578125,8742804
2023-10-09,388.36163330078125,424.11602783203125,426.7640380859375,421.0346984863281,424.59747314453125,5827256
2023-10-10,391.844482421875,427.9195251464844,428.35284423828125,424.11602783203125,424.11602783203125,5207891
2023-10-11,395.2392272949219,431.62677001953125,432.7822570800781,428.3046875,430.6156921386719,7946195
2023-10-12,397.3994445800781,433.98590087890625,435.7191467285156,429.6046447753906,432.974853515625,12227957
2023-10-13,395.327392578125,431.7230529785156,435.04510498046875,430.4231262207031,433.16741943359375,7926432
2023-10-16,395.8564147949219,432.3008117675781,434.2747802734375,429.65277099609375,431.3860168457031,4377288
2023-10-17,399.82421875,436.6339111328125,437.6449890136719,432.34893798828125,433.1192626953125,7203352
2023-10-18,398.2370910644531,434.9006652832031,441.207763671875,434.2747802734375,437.40423583984375,7160492
2023-10-19,397.1349182128906,433.697021484375,438.0301513671875,430.2786865234375,433.0711364746094,9830006
2023-10-20,386.4659118652344,422.0457458496094,432.34893798828125,421.1309814453125,428.4972839355469,13521824
2023-10-23,384.3497314453125,419.7347412109375,423.6345520019531,417.0386047363281,421.7568664550781,7555671
2023-10-25,381.5281066894531,416.6534118652344,421.7568664550781,411.21295166015625,420.6976623535156,11308597
2023-10-26,382.9830322265625,418.24224853515625,420.4087829589844,413.6202392578125,413.6202392578125,19525305
2023-10-27,382.4539489746094,417.66448974609375,420.60137939453125,416.1719665527344,418.24224853515625,13638258
2023-10-30,379.54425048828125,414.48687744140625,420.9383850097656,412.4647521972656,418.434814453125,7911426
2023-10-31,377.73663330078125,412.51287841796875,417.2793273925781,412.03143310546875,414.0535583496094,8952141
2023-11-01,377.4721984863281,412.2240295410156,415.1127624511719,409.7204284667969,414.0535583496094,8297973
2023-11-02,380.1614685058594,415.1609191894531,416.6534118652344,412.7536315917969,414.1017150878906,8465990
2023-11-03,382.01312255859375,417.1830139160156,418.2903747558594,415.1127624511719,416.7497253417969,14334179
2023-11-06,383.86474609375,419.20513916015625,420.60137939453125,416.5090026855469,417.42376708984375,7589690
2023-11-07,381.5281066894531,416.6534118652344,418.7718505859375,416.1238098144531,418.7718505859375,5321353
2023-11-08,385.2755432128906,420.7458190917969,421.2754211425781,416.26824951171875,417.08673095703125,7248663
2023-11-09,383.0271301269531,418.2903747558594,421.7568664550781,417.8089294433594,421.5643005371094,8085620
2023-11-10,384.9228820800781,420.36065673828125,421.7568664550781,416.4608459472656,418.2903747558594,4236307
2023-11-13,384.4378967285156,419.8310546875,422.14202880859375,418.8681335449219,422.14202880859375,3888975
2023-11-15,389.68426513671875,425.5603942871094,426.0899963378906,421.2754211425781,421.8531799316406,7722827
2023-11-16,386.7745361328125,422.3827819824219,428.0158386230469,421.3717041015625,425.5603942871094,11276031
2023-11-17,387.30352783203125,422.96051025390625,425.1270751953125,422.0457458496094,422.96051025390625,6911592
2023-11-20,385.1432800292969,420.60137939453125,423.9715881347656,418.3866882324219,423.53826904296875,4502356
2023-11-21,384.6583557128906,420.07177734375,423.0086669921875,419.3495788574219,420.9383850097656,6228803
2023-11-22,387.7003173828125,423.3938293457031,424.06787109375,418.675537109375,420.7939758300781,5074887
2023-11-23,388.2734375,424.01971435546875,425.8492736816406,421.99761962890625,424.59747314453125,6611803
2023-11-24,386.0250244140625,421.5643005371094,425.8492736816406,420.6495361328125,424.6456298828125,7084608
2023-11-28,383.776611328125,419.1088562011719,422.71978759765625,418.7718505859375,421.7568664550781,9082513
2023-11-29,385.4960021972656,420.9865417480469,422.23834228515625,418.0496520996094,419.8310546875,14316126
2023-11-30,384.26153564453125,419.6384582519531,422.190185546875,418.3866882324219,420.5050964355469,15710110
2023-12-01,396.60589599609375,433.1192626953125,434.22662353515625,421.17913818359375,421.66058349609375,20081576
2023-12-04,400.353271484375,437.211669921875,439.4745178222656,434.2747802734375,438.1264343261719,13293194
2023-12-05,398.32525634765625,434.9969482421875,440.8226013183594,433.40814208984375,438.1264343261719,12603697
2023-12-06,408.4653015136719,446.07049560546875,447.2741394042969,435.333984375,437.0672302246094,21203900
2023-12-07,403.92431640625,441.1114807128906,447.5630187988281,440.43743896484375,447.5148620605469,11746535
2023-12-08,396.03277587890625,432.4933776855469,444.481689453125,431.86749267578125,442.8928527832031,19386851
2023-12-11,398.9425048828125,435.6709899902344,436.7783508300781,432.6378173828125,434.7562255859375,6854157
2023-12-12,399.515625,436.2969055175781,442.9410095214844,435.57470703125,437.3561096191406,10549319
2023-12-13,401.7640380859375,438.7523193359375,441.8336486816406,436.2969055175781,439.37823486328125,11718443
2023-12-14,405.68780517578125,443.03729248046875,443.9039306640625,432.7822570800781,442.9410095214844,14924265
2023-12-15,404.0124816894531,441.207763671875,445.7816162109375,438.1264343261719,444.7705383300781,16397959
2023-12-18,398.2370910644531,434.9006652832031,439.08935546875,433.64886474609375,438.1264343261719,12490839
2023-12-19,402.1608581542969,439.1856384277344,441.0151672363281,435.28582763671875,436.5376281738281,10664235
2023-12-20,397.6639709472656,434.2747802734375,442.21881103515625,432.6378173828125,441.97808837890625,10766954
2023-12-21,398.0607604980469,434.7080993652344,436.92279052734375,427.9676818847656,432.34893798828125,11584223
2023-12-22,401.3673095703125,438.31903076171875,438.9930725097656,433.8414611816406,436.2005920410156,11450973
2023-12-26,402.469482421875,439.5226745605469,441.8818054199219,437.8375549316406,439.13751220703125,6097422
2023-12-27,403.0425720214844,440.1485595703125,441.49664306640625,436.92279052734375,440.0522766113281,7833901
2023-12-28,409.21478271484375,446.88897705078125,447.4667053222656,439.1856384277344,440.2448425292969,21493169
2023-12-29,407.4512634277344,444.963134765625,450.54803466796875,444.2409362792969,446.88897705078125,13384631
2024-01-01,412.6976013183594,450.6924743652344,452.52203369140625,445.49273681640625,446.31121826171875,9706230
2024-01-02,414.7256164550781,452.9071960449219,453.8700866699219,446.4075012207031,452.5701599121094,10924918
2024-01-03,420.8096008300781,459.5513000488281,462.87335205078125,451.94427490234375,452.8108825683594,24961710
2024-01-04,420.06011962890625,458.7328186035156,463.5955505371094,456.6144104003906,462.1993103027344,12240910
2024-01-05,417.89990234375,456.3736877441406,461.62158203125,454.4960021972656,461.62158203125,9564086
2024-01-08,410.44921875,448.237060546875,457.8662109375,447.322265625,457.3847351074219,8311403
2024-01-09,409.61151123046875,447.322265625,452.52203369140625,446.4556579589844,450.1628723144531,5916180
2024-01-10,408.50933837890625,446.1186218261719,449.4407043457031,442.9891662597656,447.322265625,6123200
2024-01-11,407.93621826171875,445.49273681640625,449.24810791015625,444.0002136230469,446.88897705078125,6786448
2024-01-12,411.50726318359375,449.3925476074219,450.35546875,443.2780456542969,446.07049560546875,9714589
2024-01-15,412.3008117675781,450.2591552734375,453.0516357421875,448.8147888183594,452.5701599121094,7167978
2024-01-16,416.44500732421875,454.7848815917969,457.3847351074219,447.0334167480469,450.4517517089844,12531058
2024-01-17,411.41912841796875,449.2962646484375,459.3105773925781,447.94818115234375,453.9182434082031,11536527
2024-01-18,410.44921875,448.237060546875,450.4999084472656,437.693115234375,447.9963073730469,9495938
2024-01-19,415.7395935058594,454.0145263671875,455.45892333984375,449.1036682128906,451.1739501953125,12673308
2024-01-23,404.9823913574219,442.2669677734375,456.18109130859375,439.4745178222656,456.18109130859375,8728196
2024-01-24,408.7738342285156,446.4075012207031,450.06658935546875,441.1114807128906,443.03729248046875,22459072
2024-01-25,401.7640380859375,438.7523193359375,447.7074279785156,435.333984375,446.359375,20435547
2024-01-29,396.60589599609375,433.1192626953125,440.2929992675781,430.9045715332031,438.9930725097656,18557346
2024-01-30,386.24542236328125,421.8050231933594,436.8746337890625,421.17913818359375,430.4231262207031,45190319
2024-01-31,389.3315734863281,425.17523193359375,426.0899963378906,422.430908203125,423.6827087402344,20648695
2024-02-01,390.5219421386719,426.47515869140625,431.1452941894531,423.0086669921875,425.6085510253906,19903526
2024-02-02,388.0530090332031,423.77899169921875,430.6156921386719,423.2012634277344,428.4972839355469,17816750
2024-02-05,386.24542236328125,421.8050231933594,427.1973571777344,420.36065673828125,425.6085510253906,12505666
2024-02-06,380.38189697265625,415.4016418457031,424.54931640625,413.57208251953125,423.6827087402344,19487043
2024-02-07,380.7345886230469,415.78680419921875,418.8681335449219,414.8238830566406,418.8681335449219,13376903
2024-02-08,371.1029357910156,399.176513671875,413.1869201660156,393.4471740722656,413.09063720703125,50039587
2024-02-09,371.953369140625,400.0912780761719,408.4686584472656,393.4471740722656,394.89154052734375,33527317
2024-02-12,364.2099304199219,391.7620544433594,402.4985656738281,390.9917297363281,402.06524658203125,11326971
2024-02-13,364.12042236328125,391.665771484375,395.5655822753906,388.3437194824219,391.8102111816406,16207766
2024-02-14,368.4173889160156,396.28778076171875,396.9618225097656,389.4029235839844,390.943603515625,12618012
2024-02-15,361.5691223144531,388.9214782714844,399.176513671875,388.19927978515625,397.6839904785156,21169031
2024-02-16,362.1957702636719,389.59552001953125,394.3619384765625,384.5883483886719,389.9806823730469,38963810
2024-02-19,366.3584289550781,394.07305908203125,397.4432678222656,389.59552001953125,389.9806823730469,17602580
2024-02-20,363.53857421875,391.0398864746094,395.22857666015625,389.306640625,395.22857666015625,14626643
2024-02-21,361.0767822265625,388.3918762207031,394.89154052734375,386.4178771972656,391.906494140625,20162369
2024-02-22,371.013427734375,399.0802307128906,399.7542724609375,388.4881591796875,391.8102111816406,19321180
2024-02-23,368.2830810546875,396.1433410644531,400.4764404296875,395.2767028808594,400.4764404296875,11576964
2024-02-26,366.31365966796875,394.0249328613281,397.7321472167969,392.19537353515625,395.8544616699219,8289561
2024-02-27,368.0592346191406,395.902587890625,397.4432678222656,393.3990173339844,394.7952575683594,8083518
2024-02-28,365.5079650878906,393.1582946777344,397.05810546875,391.71392822265625,395.902587890625,8949664
2024-02-29,363.71759033203125,391.2324523925781,395.8063049316406,389.49920654296875,393.83233642578125,15468800
2024-03-01,366.5821838378906,394.31378173828125,397.82843017578125,392.3879699707031,393.7360534667969,12873024
2024-03-04,366.2241516113281,393.9286193847656,397.6358642578125,393.302734375,396.9618225097656,7103794
2024-03-05,363.5832824707031,391.0880126953125,396.1433410644531,388.9696044921875,394.4582214355469,10108373
2024-03-06,365.1051330566406,392.7249755859375,394.7471008300781,385.84014892578125,391.425048828125,11534613
2024-03-07,370.2077331542969,398.2135925292969,399.5616760253906,388.68072509765625,392.7249755859375,23907135
2024-03-11,366.49267578125,394.2174987792969,402.7874450683594,392.8694152832031,401.34307861328125,18298683
2024-03-12,362.0614929199219,389.4510803222656,391.425048828125,384.5401916503906,391.425048828125,36226074
2024-03-13,378.1749572753906,406.7835388183594,421.7568664550781,405.5317687988281,418.8681335449219,105525827
2024-03-14,375.6684265136719,404.0873718261719,409.7204284667969,402.4985656738281,406.3020935058594,31949569
2024-03-15,375.1760559082031,403.5577697753906,412.6573181152344,399.8505554199219,401.7282409667969,76074975
2024-03-18,373.698974609375,401.9689636230469,405.09844970703125,401.4393615722656,403.46148681640625,16547358
2024-03-19,366.626953125,394.3619384765625,403.9910888671875,393.54345703125,402.4985656738281,21803126
2024-03-20,372.1324462890625,400.28387451171875,401.1986389160156,394.3619384765625,394.7952575683594,20364534
2024-03-21,377.1007385253906,405.6280517578125,406.3502197265625,400.76531982421875,403.46148681640625,19968509
2024-03-22,383.680419921875,412.7054748535156,413.7165222167969,405.6280517578125,405.6280517578125,40358503
2024-03-26,382.83001708984375,411.79071044921875,413.2832336425781,409.7685852050781,409.7685852050781,10669833
2024-03-27,383.143310546875,412.1277160644531,412.9943542480469,410.63519287109375,411.164794921875,12698464
2024-03-28,383.4566345214844,412.4647521972656,417.1830139160156,411.164794921875,412.1277160644531,29009002
2024-04-01,381.97955322265625,410.8759460449219,415.3534851074219,409.9611511230469,413.1869201660156,9743648
2024-04-02,381.2186584472656,410.0574645996094,412.8017578125,408.85382080078125,412.8017578125,9194659
2024-04-03,380.63677978515625,409.4315490722656,412.8980712890625,405.3873291015625,410.201904296875,13152268
2024-04-04,378.44354248046875,407.0724182128906,411.5018310546875,404.328125,409.7685852050781,19065447
2024-04-05,382.740478515625,411.6944274902344,415.6905212402344,404.3762512207031,406.8316955566406,16768902
2024-04-08,384.12799072265625,413.1869201660156,415.4016418457031,411.8869934082031,412.4165954589844,8844633
2024-04-09,381.666259765625,410.5389099121094,415.4979248046875,409.7685852050781,414.48687744140625,6967273
2024-04-10,391.1553039550781,420.7458190917969,421.5643005371094,409.9611511230469,412.4165954589844,14547618
2024-04-12,385.0232238769531,414.14984130859375,419.59033203125,412.4165954589844,418.8681335449219,18785009
2024-04-15,381.2633972167969,410.1055908203125,413.2350769042969,407.21685791015625,412.1277160644531,9083087
2024-04-16,381.2633972167969,410.1055908203125,411.164794921875,407.5057373046875,407.5538635253906,10357752
2024-04-18,374.9522705078125,403.3170471191406,411.0685119628906,402.16156005859375,410.201904296875,22133191
2024-04-19,380.23394775390625,408.9982604980469,410.442626953125,400.57275390625,402.4985656738281,17221280
2024-04-22,380.726318359375,409.5278625488281,411.7425537109375,407.6501770019531,411.164794921875,7386048
2024-04-23,384.2175598144531,413.2832336425781,414.5350036621094,409.33526611328125,409.5278625488281,12484384
2024-04-24,383.9490051269531,412.9943542480469,414.8238830566406,412.4165954589844,413.33135986328125,6070285
2024-04-25,391.69244384765625,421.3235778808594,422.0457458496094,413.09063720703125,415.0164794921875,30337038
2024-04-26,393.8856506347656,423.6827087402344,426.8603210449219,420.2162170410156,422.96051025390625,15342965
2024-04-29,392.2743225097656,421.949462890625,426.0418395996094,418.48297119140625,425.6085510253906,12075706
2024-04-30,389.9915466308594,419.4940185546875,424.1641540527344,418.96441650390625,423.6345520019531,12528665
2024-05-02,392.9904479980469,422.71978759765625,426.186279296875,418.72369384765625,419.8310546875,24123523
2024-05-03,390.7076721191406,420.26434326171875,423.7308654785156,415.3534851074219,423.7308654785156,23786388
2024-05-06,389.1858825683594,418.6274108886719,424.11602783203125,417.2793273925781,421.7568664550781,10753860
2024-05-07,394.1989440917969,424.01971435546875,429.460205078125,419.0606994628906,420.6976623535156,26969062
2024-05-08,394.78082275390625,424.6456298828125,428.2084045410156,421.949462890625,424.8863525390625,10916481
2024-05-09,380.5472412109375,409.33526611328125,425.1270751953125,407.6501770019531,423.7308654785156,24314298
2024-05-10,387.9325866699219,417.2793273925781,420.1680603027344,410.683349609375,410.683349609375,14524604
2024-05-13,386.58984375,415.8349609375,419.30145263671875,413.57208251953125,417.1830139160156,7584217
2024-05-14,384.6651306152344,413.7646789550781,417.2311706542969,412.6573181152344,414.5350036621094,11423749
2024-05-15,382.9642639160156,411.9351501464844,417.1830139160156,410.924072265625,414.7757263183594,7856433
2024-05-16,386.2317199707031,415.44976806640625,416.55712890625,407.21685791015625,414.0535583496094,23911954
2024-05-17,390.5734558105469,420.11993408203125,421.2754211425781,412.9943542480469,416.36456298828125,11894830
2024-05-21,389.23065185546875,418.675537109375,420.8902587890625,417.1348876953125,419.8310546875,11175153
2024-05-22,393.796142578125,423.58642578125,425.5603942871094,419.2532958984375,421.1309814453125,11036895
2024-05-23,395.0941467285156,424.9826354980469,428.4010009765625,420.36065673828125,425.0307922363281,27244733
2024-05-24,390.4839172363281,420.02362060546875,426.0418395996094,419.1570129394531,424.6456298828125,13252938
2024-05-27,386.2764892578125,415.4979248046875,422.6235046386719,414.72760009765625,422.5272216796875,12282545
2024-05-28,384.03851318359375,413.09063720703125,416.4608459472656,412.3684387207031,416.07568359375,9668761
2024-05-29,385.78411865234375,414.96832275390625,416.36456298828125,409.7204284667969,409.7204284667969,10832067
2024-05-30,379.4282531738281,408.1316223144531,414.96832275390625,406.687255859375,412.60919189453125,21314885
2024-05-31,381.7557373046875,410.63519287109375,413.6202392578125,408.51678466796875,410.924072265625,29300711
2024-06-03,385.24700927734375,414.39056396484375,418.7718505859375,412.7536315917969,417.90521240234375,16116836
2024-06-04,378.535888671875,399.8023986816406,410.49078369140625,387.910400390625,410.201904296875,47791986
2024-06-05,392.302490234375,414.3424377441406,419.8310546875,402.5467224121094,406.3502197265625,28197030
2024-06-06,396.9521179199219,419.2532958984375,421.4679870605469,415.1127624511719,419.8310546875,32318523
2024-06-07,400.3709716796875,422.8642272949219,425.2715148925781,415.1127624511719,415.4016418457031,29543660
2024-06-10,398.3196716308594,420.6976623535156,424.6456298828125,419.6866149902344,423.6827087402344,11872688
2024-06-11,394.7640686035156,416.9422912597656,421.5643005371094,416.2201232910156,420.7939758300781,13158571
2024-06-12,394.1258850097656,416.26824951171875,418.2903747558594,414.2461242675781,414.5831604003906,10751658
2024-06-13,392.302490234375,414.3424377441406,420.6976623535156,413.8128356933594,420.6976623535156,9641349
2024-06-14,393.0774230957031,415.1609191894531,415.8830871582031,413.1387939453125,415.0164794921875,9572809
2024-06-18,390.8893737792969,412.84991455078125,418.0978088378906,412.3203125,416.9422912597656,14641141
2024-06-19,386.2397155761719,407.9390563964844,414.7757263183594,407.3612976074219,414.0535583496094,11329972
2024-06-20,385.9206237792969,407.6020202636719,410.683349609375,405.8687744140625,408.32421875,15147549
2024-06-21,382.54736328125,404.03924560546875,409.5278625488281,403.0281677246094,409.2389831542969,26176371
2024-06-24,385.9206237792969,407.6020202636719,408.2279052734375,404.4244079589844,404.4244079589844,9723008
2024-06-25,385.9206237792969,407.6020202636719,408.27606201171875,404.1836853027344,407.3131408691406,10655609
2024-06-26,386.5132141113281,408.2279052734375,410.5870666503906,406.39837646484375,407.3131408691406,11511714
2024-06-27,388.0175476074219,409.8167419433594,411.4055480957031,405.4836120605469,408.2279052734375,38438054
2024-06-28,387.3793640136719,409.1427001953125,412.1277160644531,407.79461669921875,409.7204284667969,18554411
2024-07-01,391.16290283203125,413.1387939453125,414.2942810058594,408.9019470214844,410.49078369140625,13391362
2024-07-02,387.9263610839844,409.7204284667969,414.679443359375,406.87982177734375,414.0535583496094,11177863
2024-07-03,390.4790954589844,412.4165954589844,413.7165222167969,409.7204284667969,410.2981872558594,7435499
2024-07-04,391.16290283203125,413.1387939453125,415.4979248046875,411.21295166015625,414.0535583496094,9478861
2024-07-05,395.356689453125,417.5682067871094,417.90521240234375,411.7425537109375,413.09063720703125,13427543
2024-07-08,404.42803955078125,427.1492004394531,428.06396484375,417.5682067871094,419.0125732421875,21311436
2024-07-09,412.6333312988281,435.8154296875,438.1264343261719,427.53436279296875,431.0008544921875,27489709
2024-07-10,411.5848693847656,434.7080993652344,438.4634704589844,429.941650390625,436.8746337890625,12065662
2024-07-11,418.1490783691406,441.6410827636719,442.4595642089844,432.06005859375,433.3118591308594,19556596
2024-07-12,418.51373291015625,442.0262451171875,446.07049560546875,438.9449157714844,441.6410827636719,19693114
2024-07-15,422.4796142578125,446.2149353027344,449.1518249511719,440.2448425292969,442.0262451171875,16876907
2024-07-16,424.43975830078125,448.2851867675781,449.4407043457031,444.2890930175781,446.2630615234375,13497253
2024-07-18,428.7247314453125,452.8108825683594,453.4367980957031,445.49273681640625,445.82977294921875,21907158
2024-07-19,432.6449890136719,456.951416015625,461.62158203125,451.9924011230469,453.5330810546875,25939326
2024-07-22,425.3514709472656,449.24810791015625,461.6697082519531,448.5740661621094,456.99957275390625,18762384
2024-07-23,448.7364196777344,473.9468688964844,478.95404052734375,449.1036682128906,449.24810791015625,56125835
2024-07-24,450.4230651855469,475.728271484375,491.7126770019531,472.4543762207031,477.60595703125,43693692
2024-07-25,446.68511962890625,471.78033447265625,477.60595703125,466.6768798828125,471.8284606933594,18567567
2024-07-26,457.8534240722656,483.5760498046875,487.6202697753906,469.32489013671875,475.728271484375,21534703
2024-07-29,452.2464599609375,477.65411376953125,487.4277038574219,475.728271484375,486.753662109375,12978187
2024-07-30,446.6395263671875,471.732177734375,479.3392028808594,470.5285339355469,477.89483642578125,13891052
2024-07-31,451.6082763671875,476.9800720214844,479.483642578125,472.3099365234375,474.1876220703125,11982586
2024-08-01,450.10400390625,475.3912658691406,478.3281555175781,472.74322509765625,477.55780029296875,12114803
2024-08-02,445.9101867675781,470.96185302734375,480.9280090332031,466.8213195800781,466.8213195800781,22141163
2024-08-05,443.08392333984375,467.976806640625,473.65802001953125,461.7659912109375,462.2474670410156,25022076
2024-08-06,443.357421875,468.26568603515625,473.4654235839844,466.09912109375,468.217529296875,14251363
2024-08-07,449.1466979980469,474.38018798828125,477.2207946777344,469.9989318847656,471.8284606933594,11320399
2024-08-08,451.0612487792969,476.4023132324219,479.53179931640625,474.2357482910156,475.6801452636719,21349889
2024-08-09,452.1097412109375,477.5096740722656,479.53179931640625,474.8135070800781,479.53179931640625,9556181
2024-08-12,450.92449951171875,476.25787353515625,481.4576110839844,473.7543029785156,473.7543029785156,9425644
2024-08-13,446.730712890625,471.8284606933594,479.3873596191406,470.14337158203125,477.55780029296875,8056478
2024-08-14,448.7364196777344,473.9468688964844,480.4947204589844,471.732177734375,473.7061462402344,9609981
2024-08-16,458.263671875,484.00933837890625,485.5018615722656,474.38018798828125,476.1615905761719,13643352
2024-08-19,457.16961669921875,482.8538513183594,490.4127197265625,481.07244873046875,486.0314636230469,10591508
2024-08-20,454.75360107421875,480.3021240234375,484.7315368652344,479.242919921875,482.4205322265625,6888634
2024-08-21,460.7708435058594,486.6573791503906,490.1238708496094,480.5428466796875,481.4576110839844,8801221
2024-08-22,459.9958801269531,485.8388977050781,489.64239501953125,482.8538513183594,489.0165100097656,8686423
2024-08-23,461.135498046875,487.04254150390625,488.1498718261719,481.40948486328125,486.3203430175781,8195369
2024-08-26,461.0443115234375,486.94622802734375,489.16094970703125,483.3834533691406,487.235107421875,8126402
2024-08-27,456.3946838378906,482.0353698730469,488.7757873535156,481.4576110839844,488.7276306152344,8260450
2024-08-28,453.3860778808594,478.8577575683594,483.6723327636719,478.0874328613281,481.8427734375,8081932
2024-08-29,460.497314453125,486.3684997558594,488.8720703125,478.9058837890625,479.53179931640625,19389694
2024-08-30,457.57989501953125,483.28717041015625,490.268310546875,481.65020751953125,483.3352966308594,15523349
2024-09-02,465.01019287109375,491.1349182128906,493.8792419433594,484.63525390625,485.3092956542969,16497266
2024-09-03,464.4176025390625,490.509033203125,496.8161315917969,489.0646667480469,491.1349182128906,12481552
2024-09-04,461.636962890625,487.5721435546875,491.1349182128906,481.40948486328125,481.4576110839844,8739052
2024-09-05,466.05865478515625,492.2422790527344,492.91632080078125,488.2461853027344,489.4979553222656,11318636
2024-09-06,457.3975524902344,483.0945739746094,493.0126037597656,478.71331787109375,493.0126037597656,14245025
2024-09-09,466.5600891113281,492.7718811035156,493.63848876953125,481.7946472167969,483.3834533691406,14265060
2024-09-10,468.2467346191406,494.55328369140625,495.9013366699219,489.88311767578125,492.91632080078125,11332248
2024-09-11,468.93048095703125,495.27545166015625,500.2344665527344,492.9644470214844,493.97552490234375,15497555
2024-09-12,473.6257019042969,500.2344665527344,501.1973876953125,489.6905517578125,495.9976501464844,19085324
2024-09-13,468.4746398925781,494.79400634765625,500.7159118652344,493.0126037597656,500.2344665527344,9165077
2024-09-16,465.9674987792969,492.14599609375,497.8271789550781,490.79791259765625,496.7679748535156,7821668
2024-09-17,462.9132995605469,488.92022705078125,494.505126953125,487.475830078125,492.09783935546875,10889862
2024-09-18,462.5486145019531,488.5350341796875,493.39776611328125,486.3684997558594,489.0165100097656,5638729
2024-09-19,463.369140625,489.40167236328125,495.7087707519531,488.6794738769531,491.0867614746094,14461616
2024-09-20,468.97607421875,495.3236083984375,498.1642150878906,489.16094970703125,493.0126037597656,24725118
2024-09-23,471.3008728027344,497.7790222167969,500.1863098144531,494.55328369140625,496.33465576171875,8105508
2024-09-24,469.7510070800781,496.14208984375,498.5975036621094,495.0828857421875,497.8271789550781,7015487
2024-09-25,471.8479309082031,498.3567810058594,500.0419006347656,493.3014831542969,496.3828125,8802667
2024-09-26,476.5887451171875,503.36395263671875,504.3268737792969,497.8271789550781,498.45306396484375,16086557
2024-09-27,476.5431213378906,503.3157958984375,508.90069580078125,500.9566650390625,500.9566650390625,17916386
2024-09-30,472.39495849609375,498.9345397949219,504.90460205078125,494.986572265625,501.2936706542969,10936940
2024-10-01,470.61712646484375,497.0568542480469,500.4751892089844,494.9384460449219,498.9345397949219,5285319
2024-10-03,467.4717712402344,493.73480224609375,496.57537841796875,489.2572326660156,489.6905517578125,16481353
2024-10-04,459.08416748046875,484.8759765625,498.1642150878906,482.95013427734375,491.0867614746094,18930962
2024-10-07,465.1469421386719,491.27935791015625,495.85321044921875,487.9573059082031,488.1980285644531,17114457
2024-10-08,463.0956115722656,489.11279296875,493.5422058105469,487.235107421875,491.0867614746094,9868331
2024-10-09,448.28057861328125,473.4654235839844,490.8941955566406,472.3580627441406,490.8941955566406,24874940
2024-10-10,448.5997009277344,473.8024597167969,477.2689514160156,471.2988586425781,476.9800720214844,13292273
2024-10-11,445.08966064453125,470.09521484375,475.6319885253906,469.32489013671875,474.71722412109375,14949380
2024-10-14,453.0669860839844,478.5207214355469,480.4947204589844,470.5285339355469,472.7913818359375,6970606
2024-10-15,454.52569580078125,480.0614013671875,480.8798828125,476.1615905761719,479.53179931640625,8347216
2024-10-16,449.64813232421875,474.9097900390625,480.35028076171875,474.09130859375,477.60595703125,6939430
2024-10-17,445.7278137207031,470.7692565917969,476.6430358886719,469.90264892578125,476.6430358886719,7669729
2024-10-18,443.7221374511719,468.6508483886719,473.32098388671875,460.6586608886719,470.62481689453125,22616838
2024-10-21,440.9414367675781,465.7139587402344,469.5174865722656,459.6475830078125,468.6508483886719,7680088
2024-10-22,439.2547912597656,463.93255615234375,470.2878112792969,462.9696350097656,465.7139587402344,12772970
2024-10-23,437.932861328125,462.5363464355469,465.3769226074219,461.7178649902344,463.1622314453125,10553961
2024-10-24,430.0466613769531,454.2071228027344,464.51031494140625,452.5701599121094,464.1251525878906,13596626
2024-10-25,439.7106628417969,464.4140319824219,475.19866943359375,456.6144104003906,458.1550598144531,32154050
2024-10-28,441.3972473144531,466.1954040527344,467.8805236816406,458.34765625,464.0769958496094,8946214
2024-10-29,444.8617248535156,469.8544921875,471.0581359863281,463.45111083984375,467.0138854980469,7131161
2024-10-30,448.1438293457031,473.32098388671875,474.95794677734375,468.458251953125,469.8544921875,6640080
2024-10-31,445.6366882324219,470.6729736328125,474.71722412109375,466.7250061035156,473.7543029785156,8111694
2024-11-01,447.00421142578125,472.1173400878906,473.8505859375,471.1544189453125,472.7913818359375,1517892
2024-11-04,441.8075256347656,466.62872314453125,475.1505126953125,461.7659912109375,475.1505126953125,8754385
2024-11-05,437.79608154296875,462.39190673828125,467.0620422363281,459.2624206542969,465.0399169921875,7610046
2024-11-06,438.6166076660156,463.2585144042969,466.4361572265625,460.27349853515625,462.39190673828125,11749720
2024-11-07,435.69915771484375,460.17718505859375,464.7991943359375,458.4439392089844,463.8844299316406,9267980
2024-11-08,435.8359375,460.3216247558594,462.87335205078125,456.99957275390625,460.17718505859375,6325023
2024-11-11,434.8330383300781,459.2624206542969,463.6436767578125,456.51812744140625,460.3216247558594,5700343
2024-11-12,431.09515380859375,455.3144836425781,460.225341796875,453.6775207519531,459.8883361816406,5236095
2024-11-13,430.50250244140625,454.6885681152344,457.0958557128906,450.88507080078125,452.6183166503906,11548660
2024-11-14,424.8044128417969,448.67034912109375,455.4107666015625,445.1075744628906,453.7256774902344,12087836
2024-11-18,425.3514709472656,449.24810791015625,450.4517517089844,444.8668518066406,448.718505859375,8448573
2024-11-19,426.080810546875,450.0184326171875,456.18109130859375,448.959228515625,450.64434814453125,7121472
2024-11-21,416.7815246582031,440.19671630859375,446.8408203125,438.5115966796875,443.9039306640625,20313155
2024-11-22,432.7361755371094,457.0477294921875,458.8291015625,438.6078796386719,439.28192138671875,20214206
2024-11-25,434.6963195800781,459.11798095703125,464.3177185058594,454.88116455078125,461.23638916015625,14427013
2024-11-26,434.8786926269531,459.3105773925781,464.75103759765625,456.51812744140625,462.1993103027344,6791715
2024-11-27,434.8330383300781,459.2624206542969,462.2956237792969,455.45892333984375,459.7920227050781,7339184
2024-11-28,432.964111328125,457.2884521484375,465.8583984375,453.0997619628906,459.3105773925781,14967609
2024-11-29,434.6507873535156,459.0698547363281,461.1401062011719,455.07373046875,455.6514892578125,8668142
2024-12-02,435.0610046386719,459.5031433105469,461.5252685546875,455.8440856933594,458.34765625,5689595
2024-12-03,430.8216247558594,455.0256042480469,455.8440856933594,445.5890197753906,448.718505859375,23073942
2024-12-04,425.8528747558594,449.7777099609375,460.466064453125,449.1036682128906,456.8070068359375,13957078
2024-12-05,426.2175598144531,450.1628723144531,455.2181701660156,445.3482971191406,450.2110290527344,27432375
2024-12-06,429.54522705078125,453.6775207519531,457.33660888671875,450.35546875,452.5701599121094,7842234
2024-12-09,423.8927307128906,447.7074279785156,454.4960021972656,445.7816162109375,454.0145263671875,12154116
2024-12-10,424.34857177734375,448.18890380859375,449.1518249511719,445.444580078125,448.0926208496094,9163636
2024-12-11,424.1662292480469,447.9963073730469,450.8369140625,447.4667053222656,449.8739929199219,7005617
2024-12-12,419.9268798828125,443.5187683105469,450.54803466796875,442.1225280761719,448.237060546875,13380617
2024-12-13,428.4967956542969,452.5701599121094,456.8070068359375,434.9006652832031,442.9410095214844,32976794
2024-12-16,428.5879821777344,452.66644287109375,456.8070068359375,450.64434814453125,452.8108825683594,9354160
2024-12-17,428.0865478515625,452.1368408203125,458.1550598144531,445.8778991699219,452.5701599121094,20608409
2024-12-18,428.95263671875,453.0516357421875,456.229248046875,449.5851135253906,455.1700439453125,12841386
2024-12-19,425.3514709472656,449.24810791015625,456.75885009765625,448.0444641113281,451.60723876953125,15161531
2024-12-20,423.6192321777344,447.4185791015625,450.11474609375,442.2669677734375,449.199951171875,20231570
2024-12-23,432.3715515136719,456.6625671386719,459.984619140625,450.2591552734375,453.7256774902344,19562956
2024-12-24,436.2005920410156,460.706787109375,462.4400329589844,455.12188720703125,457.2884521484375,12009880
2024-12-26,434.8330383300781,459.2624206542969,463.980712890625,458.34765625,462.7289123535156,9188830
2024-12-27,436.3373718261719,460.8512268066406,464.02886962890625,458.34765625,461.9585876464844,16906420
2024-12-30,434.8786926269531,459.3105773925781,463.5955505371094,458.34765625,462.9215087890625,13578360
2024-12-31,440.9414367675781,465.7139587402344,466.6768798828125,456.951416015625,460.706787109375,13787501
2025-01-01,441.2149963378906,466.0028381347656,468.7952880859375,464.26959228515625,467.976806640625,18931186
2025-01-02,445.8645935058594,470.9136962890625,471.8284606933594,464.4140319824219,467.3509216308594,27131131
2025-01-03,439.0724792480469,463.739990234375,472.7913818359375,462.05487060546875,472.0691833496094,38500784
2025-01-06,419.10430908203125,442.6499938964844,461.75,441.25,455.6000061035156,22009958
2025-01-07,417.63677978515625,441.1000061035156,447.6000061035156,440.1499938964844,445.5,14294780
2025-01-08,425.63726806640625,449.54998779296875,452.04998779296875,437.1000061035156,443.0,13482926
2025-01-09,426.15802001953125,450.1000061035156,460.6499938964844,446.04998779296875,449.3999938964844,19732649
2025-01-10,421.234619140625,444.8999938964844,452.0,442.5,449.95001220703125,9145729
2025-01-13,415.69580078125,439.04998779296875,444.0,435.0,435.0,17799607
2025-01-14,413.3760986328125,436.6000061035156,441.5,435.8500061035156,441.0,18048459
2025-01-15,414.08624267578125,437.3500061035156,441.79998779296875,435.3500061035156,436.6000061035156,9786805
2025-01-16,409.8255920410156,432.8500061035156,439.45001220703125,431.1000061035156,438.04998779296875,15774070
2025-01-17,416.78466796875,440.20001220703125,441.79998779296875,432.5,433.0,11270061
2025-01-20,414.4176330566406,437.70001220703125,441.20001220703125,436.0,439.0,8742771
2025-01-21,414.27557373046875,437.54998779296875,447.0,435.25,438.0,15686500
2025-01-22,413.7548522949219,437.0,441.95001220703125,436.54998779296875,439.8999938964844,9619648
2025-01-23,416.78466796875,440.20001220703125,441.8500061035156,434.1000061035156,435.0,8888248
2025-01-24,418.11016845703125,441.6000061035156,445.0,439.04998779296875,439.3999938964844,9665384
2025-01-27,416.68994140625,440.1000061035156,445.0,436.54998779296875,440.79998779296875,10480203
2025-01-28,412.2873229980469,435.45001220703125,441.79998779296875,434.5,440.0,20813072
2025-01-29,410.29901123046875,433.3500061035156,437.5,430.1000061035156,435.95001220703125,15158510
2025-01-30,412.9974365234375,436.20001220703125,438.0,431.45001220703125,433.0,22496695
2025-01-31,423.69635009765625,447.5,448.20001220703125,435.1000061035156,436.5,13546181
2025-02-01,437.9457702636719,462.54998779296875,471.5,439.54998779296875,448.0,30393007
2025-02-03,430.1819763183594,454.3500061035156,465.20001220703125,452.29998779296875,462.0,16991730
2025-02-04,430.93939208984375,455.1499938964844,460.3500061035156,448.75,458.0,18923681
2025-02-05,424.3117370605469,448.1499938964844,455.8500061035156,446.5,455.1499938964844,12836283
2025-02-06,417.63677978515625,441.1000061035156,450.0,438.20001220703125,450.0,17469129
2025-02-07,407.9319763183594,430.8500061035156,445.5,428.3999938964844,440.0,18875982
2025-02-10,404.4761657714844,427.20001220703125,433.29998779296875,426.5,427.0,12227140
2025-02-11,396.0495300292969,418.29998779296875,430.54998779296875,417.5,428.79998779296875,14288751
2025-02-12,394.22222900390625,409.8999938964844,413.79998779296875,407.6000061035156,413.1499938964844,13884574
2025-02-13,394.0299072265625,409.70001220703125,413.95001220703125,409.0,409.95001220703125,12989029
2025-02-14,394.558837890625,410.25,416.20001220703125,408.3999938964844,411.75,14124236
2025-02-17,392.97198486328125,408.6000061035156,411.3999938964844,406.75,409.79998779296875,11975265
2025-02-18,389.7500915527344,405.25,410.8500061035156,404.0,408.0,12998403
2025-02-19,390.8561096191406,406.3999938964844,408.79998779296875,404.5,404.79998779296875,7079032
2025-02-20,386.6724853515625,402.04998779296875,403.8999938964844,396.20001220703125,399.95001220703125,15355585
2025-02-21,385.5664367675781,400.8999938964844,403.25,399.20001220703125,402.04998779296875,8240986
2025-02-24,386.5282287597656,401.8999938964844,403.3999938964844,398.75,400.0,7037625
2025-02-25,389.3653869628906,404.8500061035156,407.0,400.5,402.0,15760891
2025-02-27,386.23968505859375,401.6000061035156,406.5,399.5,404.8500061035156,19051003
2025-02-28,379.8921203613281,395.0,402.5,392.20001220703125,399.0,31954776
2025-03-03,382.2484436035156,397.45001220703125,399.0,391.20001220703125,395.95001220703125,10702826
2025-03-04,379.74786376953125,394.8500061035156,397.20001220703125,392.8500061035156,395.3999938964844,13404774
2025-03-05,389.5577087402344,405.04998779296875,412.75,394.5,394.5,15665018
2025-03-06,390.1828918457031,405.70001220703125,409.70001220703125,400.54998779296875,409.1499938964844,17869996
2025-03-07,388.45172119140625,403.8999938964844,405.8500061035156,401.70001220703125,403.54998779296875,11180761
2025-03-10,389.5096435546875,405.0,406.8500061035156,400.3999938964844,401.04998779296875,9785018
2025-03-11,390.66375732421875,406.20001220703125,408.3999938964844,401.20001220703125,401.5,11099475
2025-03-12,396.6266174316406,412.3999938964844,413.29998779296875,404.0,406.3999938964844,13844306
2025-03-13,396.28997802734375,412.04998779296875,414.3999938964844,408.20001220703125,413.0,8196569
2025-03-17,392.3468322753906,407.95001220703125,416.25,407.0,413.0,5257805
2025-03-18,393.45281982421875,409.1000061035156,411.95001220703125,407.75,410.0,13861897
2025-03-19,387.63421630859375,403.04998779296875,410.75,402.6000061035156,410.0,12830387
2025-03-20,388.49981689453125,403.95001220703125,406.6499938964844,401.8999938964844,405.0,16994037
2025-03-21,390.0386047363281,405.54998779296875,407.5,401.70001220703125,405.95001220703125,25302035
2025-03-24,395.1839904785156,410.8999938964844,412.8500061035156,405.6000061035156,407.0,14362572
2025-03-25,394.12603759765625,409.79998779296875,415.25,408.70001220703125,412.0,20338110
2025-03-26,391.769775390625,407.3500061035156,411.20001220703125,406.25,410.29998779296875,13891436
2025-03-27,393.7894592285156,409.45001220703125,410.70001220703125,405.6499938964844,408.0,18642328
2025-03-28,394.0779724121094,409.75,415.6000061035156,408.1499938964844,410.8999938964844,12981873
2025-04-01,391.0965576171875,406.6499938964844,414.3999938964844,405.6000061035156,409.79998779296875,15206240
2025-04-02,393.40472412109375,409.04998779296875,410.0,406.04998779296875,407.04998779296875,8001323
2025-04-03,393.7413330078125,409.3999938964844,410.20001220703125,406.70001220703125,407.04998779296875,7059566
2025-04-04,394.0299072265625,409.70001220703125,412.79998779296875,404.5,407.5,18627592
2025-04-07,390.51947021484375,406.04998779296875,408.1000061035156,390.1499938964844,390.1499938964844,26762866
2025-04-08,396.7708740234375,412.54998779296875,415.79998779296875,407.25,411.8999938964844,18600796
2025-04-09,400.37744140625,416.29998779296875,419.04998779296875,411.25,413.0,21785572
2025-04-11,405.4266052246094,421.54998779296875,422.45001220703125,417.0,420.0,8939356
2025-04-15,404.32061767578125,420.3999938964844,429.20001220703125,419.0,429.20001220703125,11685880
2025-04-16,408.2157287597656,424.45001220703125,426.04998779296875,418.0,418.0,13034594
2025-04-17,410.90863037109375,427.25,427.8500061035156,421.54998779296875,425.0,22410217
2025-04-21,406.67694091796875,422.8500061035156,429.1000061035156,421.5,428.04998779296875,27388236
2025-04-22,417.0157775878906,433.6000061035156,434.79998779296875,423.54998779296875,425.95001220703125,32031936
2025-04-23,414.3709411621094,430.8500061035156,437.45001220703125,428.8500061035156,436.20001220703125,19566317
2025-04-24,413.60150146484375,430.04998779296875,436.04998779296875,429.29998779296875,431.8500061035156,26064089
2025-04-25,411.4375915527344,427.79998779296875,432.70001220703125,423.29998779296875,430.04998779296875,22944377
2025-04-28,412.3993225097656,428.79998779296875,430.5,424.75,426.6499938964844,6287095
2025-04-29,409.7064208984375,426.0,429.6000061035156,425.0,428.8999938964844,11189930
2025-04-30,409.5140686035156,425.79998779296875,429.29998779296875,422.0,427.3999938964844,10026546
2025-05-02,413.07257080078125,429.5,431.5,424.1000061035156,424.1000061035156,9263372
2025-05-05,420.2376403808594,436.95001220703125,438.5,429.3500061035156,430.25,11525305
2025-05-06,418.89117431640625,435.54998779296875,439.6499938964844,433.0,437.5,15026568
2025-05-07,414.6594543457031,431.1499938964844,435.0,429.70001220703125,433.3999938964844,9710361
2025-05-08,414.1304931640625,430.6000061035156,431.5,423.54998779296875,429.0,19937960
2025-05-09,407.35015869140625,423.54998779296875,429.1499938964844,423.0,425.95001220703125,8226512
2025-05-12,418.8431091308594,435.5,436.20001220703125,428.1499938964844,429.5,8031891
2025-05-13,411.53375244140625,427.8999938964844,437.95001220703125,425.3500061035156,434.8999938964844,14976369
2025-05-14,412.6878967285156,429.1000061035156,431.8500061035156,425.8999938964844,427.1000061035156,9557309
2025-05-15,416.1020812988281,432.6499938964844,435.3999938964844,426.0,429.1000061035156,24263510
2025-05-16,419.03546142578125,435.70001220703125,436.20001220703125,432.1000061035156,434.8999938964844,16402035
2025-05-19,418.6988220214844,435.3500061035156,438.5,432.6499938964844,435.0,7543854
2025-05-20,418.2660217285156,434.8999938964844,440.79998779296875,432.8999938964844,437.0,9868414
2025-05-21,416.438720703125,433.0,438.20001220703125,432.0,436.6000061035156,5776672
2025-05-22,409.8026123046875,426.1000061035156,433.0,422.8999938964844,433.0,19451749
2025-05-23,419.61248779296875,436.29998779296875,439.0,429.0,434.0,18536884
2025-05-26,425.9600524902344,442.8999938964844,443.54998779296875,436.75,438.25,13107662
2025-05-27,417.3042907714844,433.8999938964844,444.20001220703125,430.8500061035156,442.8999938964844,26986022
2025-05-28,411.57440185546875,420.20001220703125,422.6000061035156,413.0,417.70001220703125,431851622
2025-05-29,410.1541442871094,418.75,422.79998779296875,416.6000061035156,422.0,21478547
2025-05-30,409.468505859375,418.04998779296875,420.04998779296875,416.3999938964844,419.1000061035156,30656239
2025-06-02,410.6928405761719,419.29998779296875,420.45001220703125,414.54998779296875,418.29998779296875,14973380
2025-06-03,408.39111328125,416.95001220703125,421.70001220703125,415.6499938964844,419.0,13216486
2025-06-04,408.4400634765625,417.0,419.0,415.95001220703125,417.1499938964844,12598933
2025-06-05,410.4969482421875,419.1000061035156,420.95001220703125,415.75,418.5,13212523
2025-06-06,412.40692138671875,421.04998779296875,421.29998779296875,419.0,420.29998779296875,8774988
2025-06-09,414.3658752441406,423.04998779296875,423.6000061035156,420.5,422.0,10473123
2025-06-10,418.23480224609375,427.0,428.54998779296875,423.04998779296875,424.5,13041075
2025-06-11,417.4022216796875,426.1499938964844,428.1000061035156,424.8500061035156,428.0,20789182
2025-06-12,412.3579406738281,421.0,427.20001220703125,419.54998779296875,427.0,18508835
2025-06-13,405.4036865234375,413.8999938964844,419.3500061035156,413.5,415.0,17873926
2025-06-16,409.6154479980469,418.20001220703125,418.8999938964844,413.25,414.95001220703125,7006629
2025-06-17,408.83184814453125,417.3999938964844,419.04998779296875,415.70001220703125,418.1000061035156,9028406
2025-06-18,407.3626403808594,415.8999938964844,418.45001220703125,414.8999938964844,417.0,8036215
2025-06-19,407.4606018066406,416.0,418.25,414.79998779296875,415.6499938964844,12601006
2025-06-20,409.9582214355469,418.54998779296875,419.5,416.0,416.0,13203184
2025-06-23,405.4036865234375,413.8999938964844,417.5,411.75,417.0,14839890
2025-06-24,405.844482421875,414.3500061035156,420.6499938964844,413.75,416.8999938964844,16690068
2025-06-25,407.80340576171875,416.3500061035156,418.1499938964844,415.1000061035156,416.3999938964844,9946718
2025-06-26,411.67230224609375,420.29998779296875,420.8999938964844,416.25,417.20001220703125,13703918
2025-06-27,410.0561828613281,418.6499938964844,422.0,417.79998779296875,421.0,21409935
2025-06-30,407.9013671875,416.45001220703125,420.75,415.79998779296875,419.79998779296875,12317124
2025-07-01,406.5790710449219,415.1000061035156,418.8500061035156,414.8999938964844,417.0,13670465
2025-07-02,404.47320556640625,412.95001220703125,416.8999938964844,411.70001220703125,416.8999938964844,15990899
2025-07-03,404.864990234375,413.3500061035156,416.0,411.25,414.0,14185298
2025-07-04,404.0813903808594,412.54998779296875,415.0,411.75,414.8999938964844,8256733
2025-07-07,407.6075134277344,416.1499938964844,417.20001220703125,412.0,413.0,6845218
2025-07-08,408.635986328125,417.20001220703125,418.1000061035156,414.6499938964844,416.1499938964844,6807192
2025-07-09,410.83978271484375,419.45001220703125,420.29998779296875,415.45001220703125,416.20001220703125,9930533
2025-07-10,408.29315185546875,416.8500061035156,420.29998779296875,416.3999938964844,420.29998779296875,6220360
2025-07-11,408.2441711425781,416.79998779296875,418.04998779296875,415.5,417.0,8578844
2025-07-14,410.7908020019531,419.3999938964844,419.95001220703125,416.54998779296875,417.04998779296875,6896989
2025-07-15,413.4353942871094,422.1000061035156,422.3999938964844,419.0,420.8999938964844,8532755
2025-07-16,415.8840637207031,424.6000061035156,425.45001220703125,420.29998779296875,422.1000061035156,9780773
2025-07-17,415.2474060058594,423.95001220703125,425.8999938964844,423.0,425.79998779296875,7240795
2025-07-18,414.072021484375,422.75,425.20001220703125,420.1000061035156,425.20001220703125,6730256
2025-07-21,411.4764404296875,420.1000061035156,422.75,418.3999938964844,422.0,4822343
2025-07-22,407.4606018066406,416.0,420.3999938964844,415.20001220703125,420.1000061035156,9869507
2025-07-23,406.4321594238281,414.95001220703125,417.8999938964844,414.0,417.1000061035156,12196187
2025-07-24,401.5347900390625,409.95001220703125,415.8500061035156,409.45001220703125,415.8500061035156,9005157
2025-07-25,400.9960632324219,409.3999938964844,410.25,407.75,410.0,5824089
2025-07-28,401.4858093261719,409.8999938964844,410.8500061035156,408.6000061035156,410.79998779296875,8123337
2025-07-29,400.0655822753906,408.45001220703125,411.3999938964844,408.0,410.0,6811772
2025-07-30,399.2330322265625,407.6000061035156,409.29998779296875,405.75,409.0,10915863
2025-07-31,403.4937438964844,411.95001220703125,414.0,405.54998779296875,405.95001220703125,19364174
2025-08-01,407.9013671875,416.45001220703125,419.3500061035156,411.79998779296875,412.3999938964844,14324065
2025-08-04,408.29315185546875,416.8500061035156,422.5,415.1000061035156,420.20001220703125,18352458
2025-08-05,405.6485595703125,414.1499938964844,417.95001220703125,413.0,417.20001220703125,8495104
2025-08-06,403.5426940917969,412.0,415.0,410.5,414.1499938964844,9080543
2025-08-07,405.10986328125,413.6000061035156,414.75,411.6499938964844,412.0,11514878
2025-08-08,405.99139404296875,414.5,415.3500061035156,412.95001220703125,413.8999938964844,9814361
2025-08-11,408.29315185546875,416.8500061035156,417.0,414.0,414.5,8514272
2025-08-12,407.80340576171875,416.3500061035156,419.79998779296875,415.29998779296875,417.0,13635738
2025-08-13,405.599609375,414.1000061035156,417.5,413.6000061035156,417.20001220703125,10874910
2025-08-14,403.0039978027344,411.45001220703125,415.04998779296875,411.0,414.25,9580361
2025-08-18,397.9596862792969,406.29998779296875,413.70001220703125,404.8500061035156,413.0,30950814
2025-08-19,400.7022399902344,409.1000061035156,409.3999938964844,404.5,406.3500061035156,16681331
2025-08-20,397.7148132324219,406.04998779296875,410.25,405.45001220703125,409.1000061035156,18188129
2025-08-21,397.22509765625,405.54998779296875,406.8500061035156,403.3500061035156,406.04998779296875,15028966
2025-08-22,390.1239013671875,398.29998779296875,406.5,397.5,406.0,13087624
2025-08-25,391.1523742675781,399.3500061035156,400.54998779296875,396.25,399.0,10440286
2025-08-26,395.0702819824219,403.3500061035156,405.3999938964844,398.3999938964844,399.29998779296875,13715752
2025-08-28,392.6705627441406,400.8999938964844,404.5,400.0,404.5,12471719
2025-08-29,401.3388977050781,409.75,410.45001220703125,401.8999938964844,402.0,25255050
2025-09-01,397.5189514160156,405.8500061035156,410.20001220703125,405.0,409.75,12268090
2025-09-02,398.4004821777344,406.75,407.8500061035156,404.45001220703125,406.54998779296875,19808255
2025-09-03,403.2978210449219,411.75,413.25,407.29998779296875,408.5,12936588
2025-09-04,407.3626403808594,415.8999938964844,427.0,415.0,423.95001220703125,27274123
2025-09-05,398.9881591796875,407.3500061035156,417.0,404.3999938964844,416.8999938964844,16000675
2025-09-08,399.1840515136719,407.54998779296875,410.54998779296875,406.79998779296875,407.45001220703125,7419022
2025-09-09,401.6327209472656,410.04998779296875,410.95001220703125,407.3999938964844,408.5,8825896
2025-09-10,404.5711364746094,413.04998779296875,413.70001220703125,408.95001220703125,411.0,9252397
2025-09-11,406.53009033203125,415.04998779296875,416.70001220703125,412.45001220703125,413.04998779296875,8274406
2025-09-12,405.25677490234375,413.75,417.04998779296875,412.8500061035156,415.3500061035156,7803379
2025-09-15,404.1793518066406,412.6499938964844,414.29998779296875,411.75,413.04998779296875,5707331
2025-09-16,404.6201171875,413.1000061035156,414.3500061035156,412.0,413.20001220703125,8239087
2025-09-17,400.8981018066406,409.29998779296875,414.6000061035156,408.04998779296875,413.95001220703125,14113882
2025-09-18,403.1019287109375,411.54998779296875,413.04998779296875,410.1000061035156,411.3500061035156,15647808
2025-09-19,402.22039794921875,410.6499938964844,412.6000061035156,408.95001220703125,411.54998779296875,19505321
2025-09-22,398.59637451171875,406.95001220703125,411.0,406.04998779296875,410.6499938964844,8930779
2025-09-23,394.9233703613281,403.20001220703125,408.1000061035156,402.1000061035156,407.1000061035156,14936357
2025-09-24,392.76849365234375,401.0,404.6499938964844,400.70001220703125,403.20001220703125,12380865
2025-09-25,391.8869934082031,400.1000061035156,403.0,398.0,401.45001220703125,22006368
2025-09-26,396.7843322753906,405.1000061035156,405.8999938964844,399.79998779296875,400.1000061035156,14414044
2025-09-29,398.89019775390625,407.25,408.0,403.20001220703125,406.8999938964844,19717660
2025-09-30,393.30718994140625,401.54998779296875,406.75,400.3999938964844,406.75,9465490
2025-10-01,397.2740783691406,405.6000061035156,406.0,399.75,402.3500061035156,17643039
2025-10-03,396.0007629394531,404.29998779296875,405.5,402.29998779296875,404.8999938964844,16987141
2025-10-06,392.52362060546875,400.75,403.8999938964844,399.79998779296875,403.0,13989077
2025-10-07,391.5931396484375,399.79998779296875,402.6000061035156,399.5,402.5,12298968
2025-10-08,391.5441589355469,399.75,401.75,398.0,400.0,8402463
2025-10-09,391.6910705566406,399.8999938964844,401.3999938964844,398.95001220703125,399.0,15656267
2025-10-10,394.53155517578125,402.79998779296875,403.8500061035156,399.5,400.45001220703125,15085738
2025-10-13,391.0544128417969,399.25,400.95001220703125,398.54998779296875,400.0,9508594
2025-10-14,388.6546936035156,396.79998779296875,400.8500061035156,396.20001220703125,400.0,10291102
2025-10-15,391.6910705566406,399.8999938964844,400.8500061035156,397.25,398.0,16043867
2025-10-16,396.83331298828125,405.1499938964844,406.0,399.54998779296875,401.0,22962049
2025-10-17,403.6896057128906,412.1499938964844,413.8500061035156,405.25,405.3500061035156,21071344
2025-10-20,404.5711364746094,413.04998779296875,414.8500061035156,411.29998779296875,412.54998779296875,13083621
2025-10-21,404.3752746582031,412.8500061035156,413.95001220703125,412.3500061035156,413.5,1142130
2025-10-23,407.41162109375,415.95001220703125,420.45001220703125,413.54998779296875,416.0,24305990
2025-10-24,408.2441711425781,416.79998779296875,417.95001220703125,413.45001220703125,415.95001220703125,14935678
2025-10-27,412.01513671875,420.6499938964844,422.70001220703125,416.6000061035156,417.0,11603679
2025-10-28,409.32159423828125,417.8999938964844,421.6499938964844,415.8999938964844,420.5,17163147
2025-10-29,412.9456481933594,421.6000061035156,422.20001220703125,416.04998779296875,418.20001220703125,11470661
2025-10-30,410.1541442871094,418.75,421.70001220703125,416.1499938964844,421.6000061035156,12938674
2025-10-31,411.7213134765625,420.3500061035156,426.3999938964844,418.20001220703125,420.5,18599864
2025-11-03,405.45269775390625,413.95001220703125,421.6499938964844,413.29998779296875,419.95001220703125,7635440
2025-11-04,400.5063171386719,408.8999938964844,414.5,408.3500061035156,414.0,10085404
2025-11-06,399.13507080078125,407.5,413.29998779296875,406.54998779296875,410.0,10095563
2025-11-07,395.7558898925781,404.04998779296875,409.1000061035156,403.1000061035156,406.04998779296875,8411611
2025-11-10,397.22509765625,405.54998779296875,407.1000061035156,403.6499938964844,404.04998779296875,6650003
2025-11-11,398.4984130859375,406.8500061035156,408.04998779296875,404.6000061035156,406.0,12005318
2025-11-12,398.64532470703125,407.0,408.1000061035156,405.54998779296875,408.0,7987236
2025-11-13,397.3720397949219,405.70001220703125,407.5,404.5,407.0,6617185
2025-11-14,399.771728515625,408.1499938964844,408.75,400.1000061035156,404.70001220703125,64020258
2025-11-17,398.7432861328125,407.1000061035156,412.0,406.0,409.75,7855399
2025-11-18,397.5189514160156,405.8500061035156,409.79998779296875,404.54998779296875,408.25,7661681
2025-11-19,395.2661437988281,403.54998779296875,405.54998779296875,402.79998779296875,404.8500061035156,7882450
2025-11-20,397.1271667480469,405.45001220703125,407.0,403.25,403.54998779296875,6693410
2025-11-21,399.4779052734375,407.8500061035156,408.5,404.70001220703125,405.0,5808131
2025-11-24,395.2661437988281,403.54998779296875,408.79998779296875,402.8500061035156,408.3999938964844,11037491
2025-11-25,392.5726013183594,400.79998779296875,404.5,400.1000061035156,403.54998779296875,8199785
2025-11-26,394.04180908203125,402.29998779296875,403.95001220703125,400.95001220703125,401.0,11443953
2025-11-27,396.0007629394531,404.29998779296875,405.95001220703125,402.1000061035156,403.5,8679529
2025-11-28,395.9517822265625,404.25,405.0,402.5,404.29998779296875,6883500
2025-12-01,395.9517822265625,404.25,405.5,398.20001220703125,402.79998779296875,13442658
2025-12-02,392.71954345703125,400.95001220703125,405.5,400.5,404.25,8093808
2025-12-03,392.2787780761719,400.5,402.20001220703125,398.8500061035156,401.70001220703125,10772192
2025-12-04,394.7763977050781,403.04998779296875,403.54998779296875,399.04998779296875,400.1000061035156,8057989
2025-12-05,396.6374206542969,404.95001220703125,405.3500061035156,402.0,403.04998779296875,4419747
2025-12-08,394.04180908203125,402.29998779296875,405.25,400.54998779296875,404.95001220703125,6056866
2025-12-09,392.8174743652344,401.04998779296875,404.5,400.0,402.0,9426717
2025-12-10,394.8743591308594,403.1499938964844,404.3999938964844,401.0,401.1000061035156,6969146
2025-12-11,394.6294860839844,402.8999938964844,404.0,401.1000061035156,403.1499938964844,6980147
2025-12-12,391.8869934082031,400.1000061035156,404.0,399.8500061035156,402.8999938964844,12407516
2025-12-15,394.04180908203125,402.29998779296875,403.3500061035156,399.5,400.1000061035156,7756564
2025-12-16,393.4541320800781,401.70001220703125,405.75,401.04998779296875,401.3999938964844,12347384
2025-12-17,391.5931396484375,399.79998779296875,403.1000061035156,399.1000061035156,401.0,8087490
2025-12-18,392.1808166503906,400.3999938964844,401.95001220703125,399.8500061035156,400.0,7227668
2025-12-19,392.8174743652344,401.04998779296875,402.6499938964844,400.25,400.25,10654835
2025-12-22,394.4336242675781,402.70001220703125,403.6499938964844,401.20001220703125,401.6000061035156,6847871
2025-12-23,398.9881591796875,407.3500061035156,408.8999938964844,401.79998779296875,402.5,10081997
2025-12-24,398.2535705566406,406.6000061035156,409.5,405.6499938964844,407.95001220703125,5777430
2025-12-26,395.8538513183594,404.1499938964844,407.1499938964844,403.8500061035156,406.5,3152453
2025-12-29,394.3356628417969,402.6000061035156,404.79998779296875,401.45001220703125,404.1000061035156,6647710
2025-12-30,392.376708984375,400.6000061035156,403.45001220703125,400.29998779296875,403.0,12340527
2025-12-31,394.7274475097656,403.0,403.75,400.8500061035156,401.1000061035156,9945109
2026-01-01,356.381103515625,363.8500061035156,402.70001220703125,362.70001220703125,402.70001220703125,282626710
2026-01-02,342.8643493652344,350.04998779296875,360.0,345.25,360.0,118790358
2026-01-05,342.5215759277344,349.70001220703125,353.95001220703125,346.04998779296875,350.20001220703125,48358124
2026-01-06,335.42041015625,342.45001220703125,350.70001220703125,337.75,350.25,72582738
2026-01-07,334.2450256347656,341.25,344.54998779296875,339.29998779296875,343.0,29440734
2026-01-08,333.9021911621094,340.8999938964844,345.1499938964844,339.04998779296875,341.5,36706319
2026-01-09,330.22918701171875,337.1499938964844,341.0,336.1000061035156,340.8999938964844,35193201
2026-01-12,331.4535217285156,338.3999938964844,339.5,335.79998779296875,338.25,16156143
2026-01-13,327.8294982910156,334.70001220703125,339.5,333.70001220703125,339.0,24922339
2026-01-14,327.8784484863281,334.75,336.0,333.45001220703125,336.0,14913422
2026-01-15,327.8784484863281,334.75,334.75,334.75,334.75,0
2026-01-16,322.4423828125,329.20001220703125,337.5,328.54998779296875,337.5,30526898
2026-01-19,326.3602600097656,333.20001220703125,334.6499938964844,327.29998779296875,330.0,15507440
2026-01-20,319.6018981933594,326.29998779296875,334.5,325.5,334.04998779296875,18771011
2026-01-21,318.0837097167969,324.75,329.29998779296875,324.3500061035156,326.0,14177965
2026-01-22,318.1816711425781,324.8500061035156,328.70001220703125,321.04998779296875,326.1000061035156,18622852
2026-01-23,316.76141357421875,323.3999938964844,326.3999938964844,322.70001220703125,325.54998779296875,11950089
2026-01-27,312.1089172363281,318.6499938964844,324.70001220703125,317.8500061035156,323.6000061035156,47847784
2026-01-28,314.5576171875,321.1499938964844,323.70001220703125,319.3500061035156,319.95001220703125,28400238
2026-01-29,312.0599670410156,318.6000061035156,322.6000061035156,318.04998779296875,322.6000061035156,17719420
2026-01-30,315.5370788574219,322.1499938964844,325.1499938964844,316.45001220703125,318.79998779296875,41975824
2026-02-02,308.2400207519531,314.70001220703125,315.3999938964844,302.0,309.45001220703125,35227572
2026-02-03,310.1499938964844,316.6499938964844,324.75,311.6000061035156,321.20001220703125,33168353
2026-02-04,313.8500061035156,313.8500061035156,314.95001220703125,311.3500061035156,312.5,11196759
2026-02-05,310.20001220703125,310.20001220703125,315.3500061035156,309.29998779296875,313.95001220703125,15816704
2026-02-06,325.79998779296875,325.79998779296875,327.70001220703125,308.29998779296875,310.0,68057745
2026-02-09,322.79998779296875,322.79998779296875,328.70001220703125,321.6499938964844,327.95001220703125,20059198
2026-02-10,321.3999938964844,321.3999938964844,323.54998779296875,320.75,323.0,11489090
2026-02-11,318.25,318.25,322.20001220703125,316.29998779296875,321.95001220703125,24843366
2026-02-12,317.45001220703125,317.45001220703125,320.3999938964844,316.8999938964844,317.29998779296875,13294561
2026-02-13,313.75,313.75,318.3999938964844,313.25,316.0,8730618
2026-02-16,317.95001220703125,317.95001220703125,318.25,313.1499938964844,313.75,11693763
2026-02-17,325.45001220703125,325.45001220703125,328.04998779296875,318.1499938964844,318.45001220703125,39360672
2026-02-18,332.45001220703125,332.45001220703125,332.95001220703125,324.79998779296875,326.0,35473203
2026-02-19,326.0,326.0,334.25,325.0,334.04998779296875,19911747
2026-02-20,327.0,327.0,327.8500061035156,325.04998779296875,325.04998779296875,11282027
2026-02-23,325.3999938964844,325.3999938964844,328.1000061035156,324.3999938964844,327.0,13486092
2026-02-24,323.5,323.5,325.3999938964844,322.04998779296875,324.0,13135859
2026-02-25,319.75,319.75,326.6000061035156,318.1000061035156,325.5,13492101
2026-02-26,318.29998779296875,318.29998779296875,321.3999938964844,317.6000061035156,320.0,11270119
2026-02-27,313.6000061035156,313.6000061035156,317.75,312.6499938964844,316.0,13892595
2026-03-02,314.8999938964844,314.8999938964844,315.75,307.0,307.0,22194311
2026-03-04,311.95001220703125,311.95001220703125,315.5,310.5,310.6000061035156,24165489
2026-03-05,311.5,311.5,313.6000061035156,308.20001220703125,312.20001220703125,19938009
2026-03-06,309.70001220703125,309.70001220703125,312.29998779296875,309.20001220703125,310.04998779296875,21288269
2026-03-09,306.0,306.0,307.20001220703125,303.6000061035156,305.0,14084931
2026-03-10,309.04998779296875,309.04998779296875,310.0,303.75,309.0,18352950
2026-03-11,309.0,309.0,310.6499938964844,307.70001220703125,309.04998779296875,14842485
2026-03-12,304.1000061035156,304.1000061035156,308.0,302.8500061035156,307.04998779296875,23319679
2026-03-13,301.45001220703125,301.45001220703125,306.0,300.6499938964844,304.0,25659996
2026-03-16,308.25,308.25,309.45001220703125,302.0,302.54998779296875,37472204
2026-03-17,304.8500061035156,304.8500061035156,309.95001220703125,304.04998779296875,309.95001220703125,25649286
2026-03-18,304.04998779296875,304.04998779296875,306.95001220703125,303.5,305.8999938964844,16702554
2026-03-19,298.0,298.0,305.5,297.1000061035156,301.5,17851126
2026-03-20,299.95001220703125,299.95001220703125,308.75,298.1499938964844,301.04998779296875,58679529
2026-03-23,290.45001220703125,290.45001220703125,299.0,289.54998779296875,298.8999938964844,31788160
2026-03-24,291.25,291.25,296.0,288.75,295.95001220703125,33335721
2026-03-25,295.70001220703125,295.70001220703125,298.5,292.25,292.70001220703125,26184716
2026-03-27,294.70001220703125,294.70001220703125,296.8500061035156,291.54998779296875,294.70001220703125,22179022
2026-03-30,287.70001220703125,287.70001220703125,294.45001220703125,287.0,293.6000061035156,24586921
2026-04-01,291.70001220703125,291.70001220703125,294.45001220703125,290.8999938964844,293.0,18604340
2026-04-02,292.8500061035156,292.8500061035156,293.6499938964844,288.3999938964844,290.25,18082775
2026-04-06,294.8500061035156,294.8500061035156,295.3500061035156,290.25,293.0,18047063
2026-04-07,298.45001220703125,298.45001220703125,299.0,292.75,294.1499938964844,26963485
2026-04-08,302.45001220703125,302.45001220703125,304.6000061035156,301.54998779296875,303.8999938964844,22310207
2026-04-09,303.0,303.0,304.3999938964844,301.25,301.5,17691477
2026-04-10,304.25,304.25,305.3999938964844,302.6000061035156,303.0,17744386
